# Blender 5.0.1
# www.blender.org
mtllib crop.mtl
o Plane
v -50.000000 0.000000 50.000000
v 50.000000 0.000000 50.000000
v -50.000000 0.000000 -50.000000
v 50.000000 0.000000 -50.000000
v -50.000000 0.100000 -50.000000
v -50.000000 0.100000 50.000000
v 50.000000 0.100000 50.000000
v 50.000000 0.100000 -50.000000
v -50.000000 0.000000 -45.000000
v -50.000000 0.000000 -39.999996
v -50.000000 0.000000 -34.999996
v -50.000000 0.000000 -29.999996
v -50.000000 0.000000 -24.999996
v -50.000000 0.000000 -19.999996
v -50.000000 0.000000 -14.999996
v -50.000000 0.000000 -9.999996
v -50.000000 0.000000 -4.999997
v -50.000000 0.000000 0.000003
v -50.000000 0.000000 5.000003
v -50.000000 0.000000 10.000002
v -50.000000 0.000000 15.000002
v -50.000000 0.000000 20.000002
v -50.000000 0.000000 25.000000
v -50.000000 0.000000 30.000002
v -50.000000 0.000000 35.000004
v -50.000000 0.000000 40.000000
v -50.000000 0.000000 45.000000
v -45.000000 0.000000 50.000000
v -39.999996 0.000000 50.000000
v -34.999996 0.000000 50.000000
v -29.999996 0.000000 50.000000
v -24.999996 0.000000 50.000000
v -19.999996 0.000000 50.000000
v -14.999996 0.000000 50.000000
v -9.999996 0.000000 50.000000
v -4.999997 0.000000 50.000000
v 0.000003 0.000000 50.000000
v 5.000003 0.000000 50.000000
v 10.000002 0.000000 50.000000
v 15.000002 0.000000 50.000000
v 20.000002 0.000000 50.000000
v 25.000000 0.000000 50.000000
v 30.000002 0.000000 50.000000
v 35.000004 0.000000 50.000000
v 40.000000 0.000000 50.000000
v 45.000000 0.000000 50.000000
v 50.000000 0.000000 45.000000
v 50.000000 0.000000 39.999996
v 50.000000 0.000000 34.999996
v 50.000000 0.000000 29.999996
v 50.000000 0.000000 24.999996
v 50.000000 0.000000 19.999996
v 50.000000 0.000000 14.999996
v 50.000000 0.000000 9.999996
v 50.000000 0.000000 4.999997
v 50.000000 0.000000 -0.000003
v 50.000000 0.000000 -5.000003
v 50.000000 0.000000 -10.000002
v 50.000000 0.000000 -15.000002
v 50.000000 0.000000 -20.000002
v 50.000000 0.000000 -25.000000
v 50.000000 0.000000 -30.000002
v 50.000000 0.000000 -35.000004
v 50.000000 0.000000 -40.000000
v 50.000000 0.000000 -45.000000
v 45.000000 0.000000 -50.000000
v 39.999996 0.000000 -50.000000
v 34.999996 0.000000 -50.000000
v 29.999996 0.000000 -50.000000
v 24.999996 0.000000 -50.000000
v 19.999996 0.000000 -50.000000
v 14.999996 0.000000 -50.000000
v 9.999996 0.000000 -50.000000
v 4.999997 0.000000 -50.000000
v -0.000003 0.000000 -50.000000
v -5.000003 0.000000 -50.000000
v -10.000002 0.000000 -50.000000
v -15.000002 0.000000 -50.000000
v -20.000002 0.000000 -50.000000
v -25.000000 0.000000 -50.000000
v -30.000002 0.000000 -50.000000
v -35.000004 0.000000 -50.000000
v -40.000000 0.000000 -50.000000
v -45.000000 0.000000 -50.000000
v -50.000000 0.100000 -45.000000
v -50.000000 0.100000 -39.999996
v -50.000000 0.100000 -34.999996
v -50.000000 0.100000 -29.999996
v -50.000000 0.100000 -24.999996
v -50.000000 0.100000 -19.999996
v -50.000000 0.100000 -14.999996
v -50.000000 0.100000 -9.999996
v -50.000000 0.100000 -4.999997
v -50.000000 0.100000 0.000003
v -50.000000 0.100000 5.000003
v -50.000000 0.100000 10.000002
v -50.000000 0.100000 15.000002
v -50.000000 0.100000 20.000002
v -50.000000 0.100000 25.000000
v -50.000000 0.100000 30.000002
v -50.000000 0.100000 35.000004
v -50.000000 0.100000 40.000000
v -50.000000 0.100000 45.000000
v -45.000000 0.100000 50.000000
v -39.999996 0.100000 50.000000
v -34.999996 0.100000 50.000000
v -29.999996 0.100000 50.000000
v -24.999996 0.100000 50.000000
v -19.999996 0.100000 50.000000
v -14.999996 0.100000 50.000000
v -9.999996 0.100000 50.000000
v -4.999997 0.100000 50.000000
v 0.000003 0.100000 50.000000
v 5.000003 0.100000 50.000000
v 10.000002 0.100000 50.000000
v 15.000002 0.100000 50.000000
v 20.000002 0.100000 50.000000
v 25.000000 0.100000 50.000000
v 30.000002 0.100000 50.000000
v 35.000004 0.100000 50.000000
v 40.000000 0.100000 50.000000
v 45.000000 0.100000 50.000000
v 50.000000 0.100000 45.000000
v 50.000000 0.100000 39.999996
v 50.000000 0.100000 34.999996
v 50.000000 0.100000 29.999996
v 50.000000 0.100000 24.999996
v 50.000000 0.100000 19.999996
v 50.000000 0.100000 14.999996
v 50.000000 0.100000 9.999996
v 50.000000 0.100000 4.999997
v 50.000000 0.100000 -0.000003
v 50.000000 0.100000 -5.000003
v 50.000000 0.100000 -10.000002
v 50.000000 0.100000 -15.000002
v 50.000000 0.100000 -20.000002
v 50.000000 0.100000 -25.000000
v 50.000000 0.100000 -30.000002
v 50.000000 0.100000 -35.000004
v 50.000000 0.100000 -40.000000
v 50.000000 0.100000 -45.000000
v 45.000000 0.100000 -50.000000
v 39.999996 0.100000 -50.000000
v 34.999996 0.100000 -50.000000
v 29.999996 0.100000 -50.000000
v 24.999996 0.100000 -50.000000
v 19.999996 0.100000 -50.000000
v 14.999996 0.100000 -50.000000
v 9.999996 0.100000 -50.000000
v 4.999997 0.100000 -50.000000
v -0.000003 0.100000 -50.000000
v -5.000003 0.100000 -50.000000
v -10.000002 0.100000 -50.000000
v -15.000002 0.100000 -50.000000
v -20.000002 0.100000 -50.000000
v -25.000000 0.100000 -50.000000
v -30.000002 0.100000 -50.000000
v -35.000004 0.100000 -50.000000
v -40.000000 0.100000 -50.000000
v -45.000000 0.100000 -50.000000
v 50.000000 0.005000 -50.000000
v 50.000000 0.010000 -50.000000
v 50.000000 0.015000 -50.000000
v 50.000000 0.020000 -50.000000
v 50.000000 0.025000 -50.000000
v 50.000000 0.030000 -50.000000
v 50.000000 0.035000 -50.000000
v 50.000000 0.040000 -50.000000
v 50.000000 0.045000 -50.000000
v 50.000000 0.050000 -50.000000
v 50.000000 0.055000 -50.000000
v 50.000000 0.060000 -50.000000
v 50.000000 0.065000 -50.000000
v 50.000000 0.070000 -50.000000
v 50.000000 0.075000 -50.000000
v 50.000000 0.080000 -50.000000
v 50.000000 0.085000 -50.000000
v 50.000000 0.090000 -50.000000
v 50.000000 0.095000 -50.000000
v 50.000000 0.095000 50.000000
v 50.000000 0.090000 50.000000
v 50.000000 0.085000 50.000000
v 50.000000 0.080000 50.000000
v 50.000000 0.075000 50.000000
v 50.000000 0.070000 50.000000
v 50.000000 0.065000 50.000000
v 50.000000 0.060000 50.000000
v 50.000000 0.055000 50.000000
v 50.000000 0.050000 50.000000
v 50.000000 0.045000 50.000000
v 50.000000 0.040000 50.000000
v 50.000000 0.035000 50.000000
v 50.000000 0.030000 50.000000
v 50.000000 0.025000 50.000000
v 50.000000 0.020000 50.000000
v 50.000000 0.015000 50.000000
v 50.000000 0.010000 50.000000
v 50.000000 0.005000 50.000000
v -50.000000 0.005000 50.000000
v -50.000000 0.010000 50.000000
v -50.000000 0.015000 50.000000
v -50.000000 0.020000 50.000000
v -50.000000 0.025000 50.000000
v -50.000000 0.030000 50.000000
v -50.000000 0.035000 50.000000
v -50.000000 0.040000 50.000000
v -50.000000 0.045000 50.000000
v -50.000000 0.050000 50.000000
v -50.000000 0.055000 50.000000
v -50.000000 0.060000 50.000000
v -50.000000 0.065000 50.000000
v -50.000000 0.070000 50.000000
v -50.000000 0.075000 50.000000
v -50.000000 0.080000 50.000000
v -50.000000 0.085000 50.000000
v -50.000000 0.090000 50.000000
v -50.000000 0.095000 50.000000
v -50.000000 0.095000 -50.000000
v -50.000000 0.090000 -50.000000
v -50.000000 0.085000 -50.000000
v -50.000000 0.080000 -50.000000
v -50.000000 0.075000 -50.000000
v -50.000000 0.070000 -50.000000
v -50.000000 0.065000 -50.000000
v -50.000000 0.060000 -50.000000
v -50.000000 0.055000 -50.000000
v -50.000000 0.050000 -50.000000
v -50.000000 0.045000 -50.000000
v -50.000000 0.040000 -50.000000
v -50.000000 0.035000 -50.000000
v -50.000000 0.030000 -50.000000
v -50.000000 0.025000 -50.000000
v -50.000000 0.020000 -50.000000
v -50.000000 0.015000 -50.000000
v -50.000000 0.010000 -50.000000
v -50.000000 0.005000 -50.000000
v -45.000000 0.005000 50.000000
v -45.000000 0.010000 50.000000
v -45.000000 0.015000 50.000000
v -45.000000 0.020000 50.000000
v -45.000000 0.025000 50.000000
v -45.000000 0.030000 50.000000
v -45.000000 0.035000 50.000000
v -45.000000 0.040000 50.000000
v -45.000000 0.045000 50.000000
v -45.000000 0.050000 50.000000
v -45.000000 0.055000 50.000000
v -45.000000 0.060000 50.000000
v -45.000000 0.065000 50.000000
v -45.000000 0.070000 50.000000
v -45.000000 0.075000 50.000000
v -45.000000 0.080000 50.000000
v -45.000000 0.085000 50.000000
v -45.000000 0.090000 50.000000
v -45.000000 0.095000 50.000000
v -39.999996 0.005000 50.000000
v -39.999996 0.010000 50.000000
v -39.999996 0.015000 50.000000
v -39.999996 0.020000 50.000000
v -39.999996 0.025000 50.000000
v -39.999996 0.030000 50.000000
v -39.999996 0.035000 50.000000
v -39.999996 0.040000 50.000000
v -39.999996 0.045000 50.000000
v -39.999996 0.050000 50.000000
v -39.999996 0.055000 50.000000
v -39.999996 0.060000 50.000000
v -39.999996 0.065000 50.000000
v -39.999996 0.070000 50.000000
v -39.999996 0.075000 50.000000
v -39.999996 0.080000 50.000000
v -39.999996 0.085000 50.000000
v -39.999996 0.090000 50.000000
v -39.999996 0.095000 50.000000
v -34.999996 0.005000 50.000000
v -34.999996 0.010000 50.000000
v -34.999996 0.015000 50.000000
v -34.999996 0.020000 50.000000
v -34.999996 0.025000 50.000000
v -34.999996 0.030000 50.000000
v -34.999996 0.035000 50.000000
v -34.999996 0.040000 50.000000
v -34.999996 0.045000 50.000000
v -34.999996 0.050000 50.000000
v -34.999996 0.055000 50.000000
v -34.999996 0.060000 50.000000
v -34.999996 0.065000 50.000000
v -34.999996 0.070000 50.000000
v -34.999996 0.075000 50.000000
v -34.999996 0.080000 50.000000
v -34.999996 0.085000 50.000000
v -34.999996 0.090000 50.000000
v -34.999996 0.095000 50.000000
v -29.999996 0.005000 50.000000
v -29.999996 0.010000 50.000000
v -29.999996 0.015000 50.000000
v -29.999996 0.020000 50.000000
v -29.999996 0.025000 50.000000
v -29.999996 0.030000 50.000000
v -29.999996 0.035000 50.000000
v -29.999996 0.040000 50.000000
v -29.999996 0.045000 50.000000
v -29.999996 0.050000 50.000000
v -29.999996 0.055000 50.000000
v -29.999996 0.060000 50.000000
v -29.999996 0.065000 50.000000
v -29.999996 0.070000 50.000000
v -29.999996 0.075000 50.000000
v -29.999996 0.080000 50.000000
v -29.999996 0.085000 50.000000
v -29.999996 0.090000 50.000000
v -29.999996 0.095000 50.000000
v -24.999996 0.005000 50.000000
v -24.999996 0.010000 50.000000
v -24.999996 0.015000 50.000000
v -24.999996 0.020000 50.000000
v -24.999996 0.025000 50.000000
v -24.999996 0.030000 50.000000
v -24.999996 0.035000 50.000000
v -24.999996 0.040000 50.000000
v -24.999996 0.045000 50.000000
v -24.999996 0.050000 50.000000
v -24.999996 0.055000 50.000000
v -24.999996 0.060000 50.000000
v -24.999996 0.065000 50.000000
v -24.999996 0.070000 50.000000
v -24.999996 0.075000 50.000000
v -24.999996 0.080000 50.000000
v -24.999996 0.085000 50.000000
v -24.999996 0.090000 50.000000
v -24.999996 0.095000 50.000000
v -19.999996 0.005000 50.000000
v -19.999996 0.010000 50.000000
v -19.999996 0.015000 50.000000
v -19.999996 0.020000 50.000000
v -19.999996 0.025000 50.000000
v -19.999996 0.030000 50.000000
v -19.999996 0.035000 50.000000
v -19.999996 0.040000 50.000000
v -19.999996 0.045000 50.000000
v -19.999996 0.050000 50.000000
v -19.999996 0.055000 50.000000
v -19.999996 0.060000 50.000000
v -19.999996 0.065000 50.000000
v -19.999996 0.070000 50.000000
v -19.999996 0.075000 50.000000
v -19.999996 0.080000 50.000000
v -19.999996 0.085000 50.000000
v -19.999996 0.090000 50.000000
v -19.999996 0.095000 50.000000
v -14.999996 0.005000 50.000000
v -14.999996 0.010000 50.000000
v -14.999996 0.015000 50.000000
v -14.999996 0.020000 50.000000
v -14.999996 0.025000 50.000000
v -14.999996 0.030000 50.000000
v -14.999996 0.035000 50.000000
v -14.999996 0.040000 50.000000
v -14.999996 0.045000 50.000000
v -14.999996 0.050000 50.000000
v -14.999996 0.055000 50.000000
v -14.999996 0.060000 50.000000
v -14.999996 0.065000 50.000000
v -14.999996 0.070000 50.000000
v -14.999996 0.075000 50.000000
v -14.999996 0.080000 50.000000
v -14.999996 0.085000 50.000000
v -14.999996 0.090000 50.000000
v -14.999996 0.095000 50.000000
v -9.999996 0.005000 50.000000
v -9.999996 0.010000 50.000000
v -9.999996 0.015000 50.000000
v -9.999996 0.020000 50.000000
v -9.999996 0.025000 50.000000
v -9.999996 0.030000 50.000000
v -9.999996 0.035000 50.000000
v -9.999996 0.040000 50.000000
v -9.999996 0.045000 50.000000
v -9.999996 0.050000 50.000000
v -9.999996 0.055000 50.000000
v -9.999996 0.060000 50.000000
v -9.999996 0.065000 50.000000
v -9.999996 0.070000 50.000000
v -9.999996 0.075000 50.000000
v -9.999996 0.080000 50.000000
v -9.999996 0.085000 50.000000
v -9.999996 0.090000 50.000000
v -9.999996 0.095000 50.000000
v -4.999997 0.005000 50.000000
v -4.999997 0.010000 50.000000
v -4.999997 0.015000 50.000000
v -4.999997 0.020000 50.000000
v -4.999997 0.025000 50.000000
v -4.999997 0.030000 50.000000
v -4.999997 0.035000 50.000000
v -4.999997 0.040000 50.000000
v -4.999997 0.045000 50.000000
v -4.999997 0.050000 50.000000
v -4.999997 0.055000 50.000000
v -4.999997 0.060000 50.000000
v -4.999997 0.065000 50.000000
v -4.999997 0.070000 50.000000
v -4.999997 0.075000 50.000000
v -4.999997 0.080000 50.000000
v -4.999997 0.085000 50.000000
v -4.999997 0.090000 50.000000
v -4.999997 0.095000 50.000000
v 0.000003 0.005000 50.000000
v 0.000003 0.010000 50.000000
v 0.000003 0.015000 50.000000
v 0.000003 0.020000 50.000000
v 0.000003 0.025000 50.000000
v 0.000003 0.030000 50.000000
v 0.000003 0.035000 50.000000
v 0.000003 0.040000 50.000000
v 0.000003 0.045000 50.000000
v 0.000003 0.050000 50.000000
v 0.000003 0.055000 50.000000
v 0.000003 0.060000 50.000000
v 0.000003 0.065000 50.000000
v 0.000003 0.070000 50.000000
v 0.000003 0.075000 50.000000
v 0.000003 0.080000 50.000000
v 0.000003 0.085000 50.000000
v 0.000003 0.090000 50.000000
v 0.000003 0.095000 50.000000
v 5.000003 0.005000 50.000000
v 5.000003 0.010000 50.000000
v 5.000003 0.015000 50.000000
v 5.000003 0.020000 50.000000
v 5.000003 0.025000 50.000000
v 5.000003 0.030000 50.000000
v 5.000003 0.035000 50.000000
v 5.000003 0.040000 50.000000
v 5.000003 0.045000 50.000000
v 5.000003 0.050000 50.000000
v 5.000003 0.055000 50.000000
v 5.000003 0.060000 50.000000
v 5.000003 0.065000 50.000000
v 5.000003 0.070000 50.000000
v 5.000003 0.075000 50.000000
v 5.000003 0.080000 50.000000
v 5.000003 0.085000 50.000000
v 5.000003 0.090000 50.000000
v 5.000003 0.095000 50.000000
v 10.000002 0.005000 50.000000
v 10.000002 0.010000 50.000000
v 10.000002 0.015000 50.000000
v 10.000002 0.020000 50.000000
v 10.000002 0.025000 50.000000
v 10.000002 0.030000 50.000000
v 10.000002 0.035000 50.000000
v 10.000002 0.040000 50.000000
v 10.000002 0.045000 50.000000
v 10.000002 0.050000 50.000000
v 10.000002 0.055000 50.000000
v 10.000002 0.060000 50.000000
v 10.000002 0.065000 50.000000
v 10.000002 0.070000 50.000000
v 10.000002 0.075000 50.000000
v 10.000002 0.080000 50.000000
v 10.000002 0.085000 50.000000
v 10.000002 0.090000 50.000000
v 10.000002 0.095000 50.000000
v 15.000002 0.005000 50.000000
v 15.000002 0.010000 50.000000
v 15.000002 0.015000 50.000000
v 15.000002 0.020000 50.000000
v 15.000002 0.025000 50.000000
v 15.000002 0.030000 50.000000
v 15.000002 0.035000 50.000000
v 15.000002 0.040000 50.000000
v 15.000002 0.045000 50.000000
v 15.000002 0.050000 50.000000
v 15.000002 0.055000 50.000000
v 15.000002 0.060000 50.000000
v 15.000002 0.065000 50.000000
v 15.000002 0.070000 50.000000
v 15.000002 0.075000 50.000000
v 15.000002 0.080000 50.000000
v 15.000002 0.085000 50.000000
v 15.000002 0.090000 50.000000
v 15.000002 0.095000 50.000000
v 20.000002 0.005000 50.000000
v 20.000002 0.010000 50.000000
v 20.000002 0.015000 50.000000
v 20.000002 0.020000 50.000000
v 20.000002 0.025000 50.000000
v 20.000002 0.030000 50.000000
v 20.000002 0.035000 50.000000
v 20.000002 0.040000 50.000000
v 20.000002 0.045000 50.000000
v 20.000002 0.050000 50.000000
v 20.000002 0.055000 50.000000
v 20.000002 0.060000 50.000000
v 20.000002 0.065000 50.000000
v 20.000002 0.070000 50.000000
v 20.000002 0.075000 50.000000
v 20.000002 0.080000 50.000000
v 20.000002 0.085000 50.000000
v 20.000002 0.090000 50.000000
v 20.000002 0.095000 50.000000
v 25.000000 0.005000 50.000000
v 25.000000 0.010000 50.000000
v 25.000000 0.015000 50.000000
v 25.000000 0.020000 50.000000
v 25.000000 0.025000 50.000000
v 25.000000 0.030000 50.000000
v 25.000000 0.035000 50.000000
v 25.000000 0.040000 50.000000
v 25.000000 0.045000 50.000000
v 25.000000 0.050000 50.000000
v 25.000000 0.055000 50.000000
v 25.000000 0.060000 50.000000
v 25.000000 0.065000 50.000000
v 25.000000 0.070000 50.000000
v 25.000000 0.075000 50.000000
v 25.000000 0.080000 50.000000
v 25.000000 0.085000 50.000000
v 25.000000 0.090000 50.000000
v 25.000000 0.095000 50.000000
v 30.000002 0.005000 50.000000
v 30.000002 0.010000 50.000000
v 30.000002 0.015000 50.000000
v 30.000002 0.020000 50.000000
v 30.000002 0.025000 50.000000
v 30.000002 0.030000 50.000000
v 30.000002 0.035000 50.000000
v 30.000002 0.040000 50.000000
v 30.000002 0.045000 50.000000
v 30.000002 0.050000 50.000000
v 30.000002 0.055000 50.000000
v 30.000002 0.060000 50.000000
v 30.000002 0.065000 50.000000
v 30.000002 0.070000 50.000000
v 30.000002 0.075000 50.000000
v 30.000002 0.080000 50.000000
v 30.000002 0.085000 50.000000
v 30.000002 0.090000 50.000000
v 30.000002 0.095000 50.000000
v 35.000004 0.005000 50.000000
v 35.000004 0.010000 50.000000
v 35.000004 0.015000 50.000000
v 35.000004 0.020000 50.000000
v 35.000004 0.025000 50.000000
v 35.000004 0.030000 50.000000
v 35.000004 0.035000 50.000000
v 35.000004 0.040000 50.000000
v 35.000004 0.045000 50.000000
v 35.000004 0.050000 50.000000
v 35.000004 0.055000 50.000000
v 35.000004 0.060000 50.000000
v 35.000004 0.065000 50.000000
v 35.000004 0.070000 50.000000
v 35.000004 0.075000 50.000000
v 35.000004 0.080000 50.000000
v 35.000004 0.085000 50.000000
v 35.000004 0.090000 50.000000
v 35.000004 0.095000 50.000000
v 40.000000 0.005000 50.000000
v 40.000000 0.010000 50.000000
v 40.000000 0.015000 50.000000
v 40.000000 0.020000 50.000000
v 40.000000 0.025000 50.000000
v 40.000000 0.030000 50.000000
v 40.000000 0.035000 50.000000
v 40.000000 0.040000 50.000000
v 40.000000 0.045000 50.000000
v 40.000000 0.050000 50.000000
v 40.000000 0.055000 50.000000
v 40.000000 0.060000 50.000000
v 40.000000 0.065000 50.000000
v 40.000000 0.070000 50.000000
v 40.000000 0.075000 50.000000
v 40.000000 0.080000 50.000000
v 40.000000 0.085000 50.000000
v 40.000000 0.090000 50.000000
v 40.000000 0.095000 50.000000
v 45.000000 0.005000 50.000000
v 45.000000 0.010000 50.000000
v 45.000000 0.015000 50.000000
v 45.000000 0.020000 50.000000
v 45.000000 0.025000 50.000000
v 45.000000 0.030000 50.000000
v 45.000000 0.035000 50.000000
v 45.000000 0.040000 50.000000
v 45.000000 0.045000 50.000000
v 45.000000 0.050000 50.000000
v 45.000000 0.055000 50.000000
v 45.000000 0.060000 50.000000
v 45.000000 0.065000 50.000000
v 45.000000 0.070000 50.000000
v 45.000000 0.075000 50.000000
v 45.000000 0.080000 50.000000
v 45.000000 0.085000 50.000000
v 45.000000 0.090000 50.000000
v 45.000000 0.095000 50.000000
v 45.000000 0.005000 -50.000000
v 45.000000 0.010000 -50.000000
v 45.000000 0.015000 -50.000000
v 45.000000 0.020000 -50.000000
v 45.000000 0.025000 -50.000000
v 45.000000 0.030000 -50.000000
v 45.000000 0.035000 -50.000000
v 45.000000 0.040000 -50.000000
v 45.000000 0.045000 -50.000000
v 45.000000 0.050000 -50.000000
v 45.000000 0.055000 -50.000000
v 45.000000 0.060000 -50.000000
v 45.000000 0.065000 -50.000000
v 45.000000 0.070000 -50.000000
v 45.000000 0.075000 -50.000000
v 45.000000 0.080000 -50.000000
v 45.000000 0.085000 -50.000000
v 45.000000 0.090000 -50.000000
v 45.000000 0.095000 -50.000000
v 39.999996 0.005000 -50.000000
v 39.999996 0.010000 -50.000000
v 39.999996 0.015000 -50.000000
v 39.999996 0.020000 -50.000000
v 39.999996 0.025000 -50.000000
v 39.999996 0.030000 -50.000000
v 39.999996 0.035000 -50.000000
v 39.999996 0.040000 -50.000000
v 39.999996 0.045000 -50.000000
v 39.999996 0.050000 -50.000000
v 39.999996 0.055000 -50.000000
v 39.999996 0.060000 -50.000000
v 39.999996 0.065000 -50.000000
v 39.999996 0.070000 -50.000000
v 39.999996 0.075000 -50.000000
v 39.999996 0.080000 -50.000000
v 39.999996 0.085000 -50.000000
v 39.999996 0.090000 -50.000000
v 39.999996 0.095000 -50.000000
v 34.999996 0.005000 -50.000000
v 34.999996 0.010000 -50.000000
v 34.999996 0.015000 -50.000000
v 34.999996 0.020000 -50.000000
v 34.999996 0.025000 -50.000000
v 34.999996 0.030000 -50.000000
v 34.999996 0.035000 -50.000000
v 34.999996 0.040000 -50.000000
v 34.999996 0.045000 -50.000000
v 34.999996 0.050000 -50.000000
v 34.999996 0.055000 -50.000000
v 34.999996 0.060000 -50.000000
v 34.999996 0.065000 -50.000000
v 34.999996 0.070000 -50.000000
v 34.999996 0.075000 -50.000000
v 34.999996 0.080000 -50.000000
v 34.999996 0.085000 -50.000000
v 34.999996 0.090000 -50.000000
v 34.999996 0.095000 -50.000000
v 29.999996 0.005000 -50.000000
v 29.999996 0.010000 -50.000000
v 29.999996 0.015000 -50.000000
v 29.999996 0.020000 -50.000000
v 29.999996 0.025000 -50.000000
v 29.999996 0.030000 -50.000000
v 29.999996 0.035000 -50.000000
v 29.999996 0.040000 -50.000000
v 29.999996 0.045000 -50.000000
v 29.999996 0.050000 -50.000000
v 29.999996 0.055000 -50.000000
v 29.999996 0.060000 -50.000000
v 29.999996 0.065000 -50.000000
v 29.999996 0.070000 -50.000000
v 29.999996 0.075000 -50.000000
v 29.999996 0.080000 -50.000000
v 29.999996 0.085000 -50.000000
v 29.999996 0.090000 -50.000000
v 29.999996 0.095000 -50.000000
v 24.999996 0.005000 -50.000000
v 24.999996 0.010000 -50.000000
v 24.999996 0.015000 -50.000000
v 24.999996 0.020000 -50.000000
v 24.999996 0.025000 -50.000000
v 24.999996 0.030000 -50.000000
v 24.999996 0.035000 -50.000000
v 24.999996 0.040000 -50.000000
v 24.999996 0.045000 -50.000000
v 24.999996 0.050000 -50.000000
v 24.999996 0.055000 -50.000000
v 24.999996 0.060000 -50.000000
v 24.999996 0.065000 -50.000000
v 24.999996 0.070000 -50.000000
v 24.999996 0.075000 -50.000000
v 24.999996 0.080000 -50.000000
v 24.999996 0.085000 -50.000000
v 24.999996 0.090000 -50.000000
v 24.999996 0.095000 -50.000000
v 19.999996 0.005000 -50.000000
v 19.999996 0.010000 -50.000000
v 19.999996 0.015000 -50.000000
v 19.999996 0.020000 -50.000000
v 19.999996 0.025000 -50.000000
v 19.999996 0.030000 -50.000000
v 19.999996 0.035000 -50.000000
v 19.999996 0.040000 -50.000000
v 19.999996 0.045000 -50.000000
v 19.999996 0.050000 -50.000000
v 19.999996 0.055000 -50.000000
v 19.999996 0.060000 -50.000000
v 19.999996 0.065000 -50.000000
v 19.999996 0.070000 -50.000000
v 19.999996 0.075000 -50.000000
v 19.999996 0.080000 -50.000000
v 19.999996 0.085000 -50.000000
v 19.999996 0.090000 -50.000000
v 19.999996 0.095000 -50.000000
v 14.999996 0.005000 -50.000000
v 14.999996 0.010000 -50.000000
v 14.999996 0.015000 -50.000000
v 14.999996 0.020000 -50.000000
v 14.999996 0.025000 -50.000000
v 14.999996 0.030000 -50.000000
v 14.999996 0.035000 -50.000000
v 14.999996 0.040000 -50.000000
v 14.999996 0.045000 -50.000000
v 14.999996 0.050000 -50.000000
v 14.999996 0.055000 -50.000000
v 14.999996 0.060000 -50.000000
v 14.999996 0.065000 -50.000000
v 14.999996 0.070000 -50.000000
v 14.999996 0.075000 -50.000000
v 14.999996 0.080000 -50.000000
v 14.999996 0.085000 -50.000000
v 14.999996 0.090000 -50.000000
v 14.999996 0.095000 -50.000000
v 9.999996 0.005000 -50.000000
v 9.999996 0.010000 -50.000000
v 9.999996 0.015000 -50.000000
v 9.999996 0.020000 -50.000000
v 9.999996 0.025000 -50.000000
v 9.999996 0.030000 -50.000000
v 9.999996 0.035000 -50.000000
v 9.999996 0.040000 -50.000000
v 9.999996 0.045000 -50.000000
v 9.999996 0.050000 -50.000000
v 9.999996 0.055000 -50.000000
v 9.999996 0.060000 -50.000000
v 9.999996 0.065000 -50.000000
v 9.999996 0.070000 -50.000000
v 9.999996 0.075000 -50.000000
v 9.999996 0.080000 -50.000000
v 9.999996 0.085000 -50.000000
v 9.999996 0.090000 -50.000000
v 9.999996 0.095000 -50.000000
v 4.999997 0.005000 -50.000000
v 4.999997 0.010000 -50.000000
v 4.999997 0.015000 -50.000000
v 4.999997 0.020000 -50.000000
v 4.999997 0.025000 -50.000000
v 4.999997 0.030000 -50.000000
v 4.999997 0.035000 -50.000000
v 4.999997 0.040000 -50.000000
v 4.999997 0.045000 -50.000000
v 4.999997 0.050000 -50.000000
v 4.999997 0.055000 -50.000000
v 4.999997 0.060000 -50.000000
v 4.999997 0.065000 -50.000000
v 4.999997 0.070000 -50.000000
v 4.999997 0.075000 -50.000000
v 4.999997 0.080000 -50.000000
v 4.999997 0.085000 -50.000000
v 4.999997 0.090000 -50.000000
v 4.999997 0.095000 -50.000000
v -0.000003 0.005000 -50.000000
v -0.000003 0.010000 -50.000000
v -0.000003 0.015000 -50.000000
v -0.000003 0.020000 -50.000000
v -0.000003 0.025000 -50.000000
v -0.000003 0.030000 -50.000000
v -0.000003 0.035000 -50.000000
v -0.000003 0.040000 -50.000000
v -0.000003 0.045000 -50.000000
v -0.000003 0.050000 -50.000000
v -0.000003 0.055000 -50.000000
v -0.000003 0.060000 -50.000000
v -0.000003 0.065000 -50.000000
v -0.000003 0.070000 -50.000000
v -0.000003 0.075000 -50.000000
v -0.000003 0.080000 -50.000000
v -0.000003 0.085000 -50.000000
v -0.000003 0.090000 -50.000000
v -0.000003 0.095000 -50.000000
v -5.000003 0.005000 -50.000000
v -5.000003 0.010000 -50.000000
v -5.000003 0.015000 -50.000000
v -5.000003 0.020000 -50.000000
v -5.000003 0.025000 -50.000000
v -5.000003 0.030000 -50.000000
v -5.000003 0.035000 -50.000000
v -5.000003 0.040000 -50.000000
v -5.000003 0.045000 -50.000000
v -5.000003 0.050000 -50.000000
v -5.000003 0.055000 -50.000000
v -5.000003 0.060000 -50.000000
v -5.000003 0.065000 -50.000000
v -5.000003 0.070000 -50.000000
v -5.000003 0.075000 -50.000000
v -5.000003 0.080000 -50.000000
v -5.000003 0.085000 -50.000000
v -5.000003 0.090000 -50.000000
v -5.000003 0.095000 -50.000000
v -10.000002 0.005000 -50.000000
v -10.000002 0.010000 -50.000000
v -10.000002 0.015000 -50.000000
v -10.000002 0.020000 -50.000000
v -10.000002 0.025000 -50.000000
v -10.000002 0.030000 -50.000000
v -10.000002 0.035000 -50.000000
v -10.000002 0.040000 -50.000000
v -10.000002 0.045000 -50.000000
v -10.000002 0.050000 -50.000000
v -10.000002 0.055000 -50.000000
v -10.000002 0.060000 -50.000000
v -10.000002 0.065000 -50.000000
v -10.000002 0.070000 -50.000000
v -10.000002 0.075000 -50.000000
v -10.000002 0.080000 -50.000000
v -10.000002 0.085000 -50.000000
v -10.000002 0.090000 -50.000000
v -10.000002 0.095000 -50.000000
v -15.000002 0.005000 -50.000000
v -15.000002 0.010000 -50.000000
v -15.000002 0.015000 -50.000000
v -15.000002 0.020000 -50.000000
v -15.000002 0.025000 -50.000000
v -15.000002 0.030000 -50.000000
v -15.000002 0.035000 -50.000000
v -15.000002 0.040000 -50.000000
v -15.000002 0.045000 -50.000000
v -15.000002 0.050000 -50.000000
v -15.000002 0.055000 -50.000000
v -15.000002 0.060000 -50.000000
v -15.000002 0.065000 -50.000000
v -15.000002 0.070000 -50.000000
v -15.000002 0.075000 -50.000000
v -15.000002 0.080000 -50.000000
v -15.000002 0.085000 -50.000000
v -15.000002 0.090000 -50.000000
v -15.000002 0.095000 -50.000000
v -20.000002 0.005000 -50.000000
v -20.000002 0.010000 -50.000000
v -20.000002 0.015000 -50.000000
v -20.000002 0.020000 -50.000000
v -20.000002 0.025000 -50.000000
v -20.000002 0.030000 -50.000000
v -20.000002 0.035000 -50.000000
v -20.000002 0.040000 -50.000000
v -20.000002 0.045000 -50.000000
v -20.000002 0.050000 -50.000000
v -20.000002 0.055000 -50.000000
v -20.000002 0.060000 -50.000000
v -20.000002 0.065000 -50.000000
v -20.000002 0.070000 -50.000000
v -20.000002 0.075000 -50.000000
v -20.000002 0.080000 -50.000000
v -20.000002 0.085000 -50.000000
v -20.000002 0.090000 -50.000000
v -20.000002 0.095000 -50.000000
v -25.000000 0.005000 -50.000000
v -25.000000 0.010000 -50.000000
v -25.000000 0.015000 -50.000000
v -25.000000 0.020000 -50.000000
v -25.000000 0.025000 -50.000000
v -25.000000 0.030000 -50.000000
v -25.000000 0.035000 -50.000000
v -25.000000 0.040000 -50.000000
v -25.000000 0.045000 -50.000000
v -25.000000 0.050000 -50.000000
v -25.000000 0.055000 -50.000000
v -25.000000 0.060000 -50.000000
v -25.000000 0.065000 -50.000000
v -25.000000 0.070000 -50.000000
v -25.000000 0.075000 -50.000000
v -25.000000 0.080000 -50.000000
v -25.000000 0.085000 -50.000000
v -25.000000 0.090000 -50.000000
v -25.000000 0.095000 -50.000000
v -30.000002 0.005000 -50.000000
v -30.000002 0.010000 -50.000000
v -30.000002 0.015000 -50.000000
v -30.000002 0.020000 -50.000000
v -30.000002 0.025000 -50.000000
v -30.000002 0.030000 -50.000000
v -30.000002 0.035000 -50.000000
v -30.000002 0.040000 -50.000000
v -30.000002 0.045000 -50.000000
v -30.000002 0.050000 -50.000000
v -30.000002 0.055000 -50.000000
v -30.000002 0.060000 -50.000000
v -30.000002 0.065000 -50.000000
v -30.000002 0.070000 -50.000000
v -30.000002 0.075000 -50.000000
v -30.000002 0.080000 -50.000000
v -30.000002 0.085000 -50.000000
v -30.000002 0.090000 -50.000000
v -30.000002 0.095000 -50.000000
v -35.000004 0.005000 -50.000000
v -35.000004 0.010000 -50.000000
v -35.000004 0.015000 -50.000000
v -35.000004 0.020000 -50.000000
v -35.000004 0.025000 -50.000000
v -35.000004 0.030000 -50.000000
v -35.000004 0.035000 -50.000000
v -35.000004 0.040000 -50.000000
v -35.000004 0.045000 -50.000000
v -35.000004 0.050000 -50.000000
v -35.000004 0.055000 -50.000000
v -35.000004 0.060000 -50.000000
v -35.000004 0.065000 -50.000000
v -35.000004 0.070000 -50.000000
v -35.000004 0.075000 -50.000000
v -35.000004 0.080000 -50.000000
v -35.000004 0.085000 -50.000000
v -35.000004 0.090000 -50.000000
v -35.000004 0.095000 -50.000000
v -40.000000 0.005000 -50.000000
v -40.000000 0.010000 -50.000000
v -40.000000 0.015000 -50.000000
v -40.000000 0.020000 -50.000000
v -40.000000 0.025000 -50.000000
v -40.000000 0.030000 -50.000000
v -40.000000 0.035000 -50.000000
v -40.000000 0.040000 -50.000000
v -40.000000 0.045000 -50.000000
v -40.000000 0.050000 -50.000000
v -40.000000 0.055000 -50.000000
v -40.000000 0.060000 -50.000000
v -40.000000 0.065000 -50.000000
v -40.000000 0.070000 -50.000000
v -40.000000 0.075000 -50.000000
v -40.000000 0.080000 -50.000000
v -40.000000 0.085000 -50.000000
v -40.000000 0.090000 -50.000000
v -40.000000 0.095000 -50.000000
v -45.000000 0.005000 -50.000000
v -45.000000 0.010000 -50.000000
v -45.000000 0.015000 -50.000000
v -45.000000 0.020000 -50.000000
v -45.000000 0.025000 -50.000000
v -45.000000 0.030000 -50.000000
v -45.000000 0.035000 -50.000000
v -45.000000 0.040000 -50.000000
v -45.000000 0.045000 -50.000000
v -45.000000 0.050000 -50.000000
v -45.000000 0.055000 -50.000000
v -45.000000 0.060000 -50.000000
v -45.000000 0.065000 -50.000000
v -45.000000 0.070000 -50.000000
v -45.000000 0.075000 -50.000000
v -45.000000 0.080000 -50.000000
v -45.000000 0.085000 -50.000000
v -45.000000 0.090000 -50.000000
v -45.000000 0.095000 -50.000000
v -50.000000 0.005000 -45.000000
v -50.000000 0.010000 -45.000000
v -50.000000 0.015000 -45.000000
v -50.000000 0.020000 -45.000000
v -50.000000 0.025000 -45.000000
v -50.000000 0.030000 -45.000000
v -50.000000 0.035000 -45.000000
v -50.000000 0.040000 -45.000000
v -50.000000 0.045000 -45.000000
v -50.000000 0.050000 -45.000000
v -50.000000 0.055000 -45.000000
v -50.000000 0.060000 -45.000000
v -50.000000 0.065000 -45.000000
v -50.000000 0.070000 -45.000000
v -50.000000 0.075000 -45.000000
v -50.000000 0.080000 -45.000000
v -50.000000 0.085000 -45.000000
v -50.000000 0.090000 -45.000000
v -50.000000 0.095000 -45.000000
v -50.000000 0.005000 -39.999996
v -50.000000 0.010000 -39.999996
v -50.000000 0.015000 -39.999996
v -50.000000 0.020000 -39.999996
v -50.000000 0.025000 -39.999996
v -50.000000 0.030000 -39.999996
v -50.000000 0.035000 -39.999996
v -50.000000 0.040000 -39.999996
v -50.000000 0.045000 -39.999996
v -50.000000 0.050000 -39.999996
v -50.000000 0.055000 -39.999996
v -50.000000 0.060000 -39.999996
v -50.000000 0.065000 -39.999996
v -50.000000 0.070000 -39.999996
v -50.000000 0.075000 -39.999996
v -50.000000 0.080000 -39.999996
v -50.000000 0.085000 -39.999996
v -50.000000 0.090000 -39.999996
v -50.000000 0.095000 -39.999996
v -50.000000 0.005000 -34.999996
v -50.000000 0.010000 -34.999996
v -50.000000 0.015000 -34.999996
v -50.000000 0.020000 -34.999996
v -50.000000 0.025000 -34.999996
v -50.000000 0.030000 -34.999996
v -50.000000 0.035000 -34.999996
v -50.000000 0.040000 -34.999996
v -50.000000 0.045000 -34.999996
v -50.000000 0.050000 -34.999996
v -50.000000 0.055000 -34.999996
v -50.000000 0.060000 -34.999996
v -50.000000 0.065000 -34.999996
v -50.000000 0.070000 -34.999996
v -50.000000 0.075000 -34.999996
v -50.000000 0.080000 -34.999996
v -50.000000 0.085000 -34.999996
v -50.000000 0.090000 -34.999996
v -50.000000 0.095000 -34.999996
v -50.000000 0.005000 -29.999996
v -50.000000 0.010000 -29.999996
v -50.000000 0.015000 -29.999996
v -50.000000 0.020000 -29.999996
v -50.000000 0.025000 -29.999996
v -50.000000 0.030000 -29.999996
v -50.000000 0.035000 -29.999996
v -50.000000 0.040000 -29.999996
v -50.000000 0.045000 -29.999996
v -50.000000 0.050000 -29.999996
v -50.000000 0.055000 -29.999996
v -50.000000 0.060000 -29.999996
v -50.000000 0.065000 -29.999996
v -50.000000 0.070000 -29.999996
v -50.000000 0.075000 -29.999996
v -50.000000 0.080000 -29.999996
v -50.000000 0.085000 -29.999996
v -50.000000 0.090000 -29.999996
v -50.000000 0.095000 -29.999996
v -50.000000 0.005000 -24.999996
v -50.000000 0.010000 -24.999996
v -50.000000 0.015000 -24.999996
v -50.000000 0.020000 -24.999996
v -50.000000 0.025000 -24.999996
v -50.000000 0.030000 -24.999996
v -50.000000 0.035000 -24.999996
v -50.000000 0.040000 -24.999996
v -50.000000 0.045000 -24.999996
v -50.000000 0.050000 -24.999996
v -50.000000 0.055000 -24.999996
v -50.000000 0.060000 -24.999996
v -50.000000 0.065000 -24.999996
v -50.000000 0.070000 -24.999996
v -50.000000 0.075000 -24.999996
v -50.000000 0.080000 -24.999996
v -50.000000 0.085000 -24.999996
v -50.000000 0.090000 -24.999996
v -50.000000 0.095000 -24.999996
v -50.000000 0.005000 -19.999996
v -50.000000 0.010000 -19.999996
v -50.000000 0.015000 -19.999996
v -50.000000 0.020000 -19.999996
v -50.000000 0.025000 -19.999996
v -50.000000 0.030000 -19.999996
v -50.000000 0.035000 -19.999996
v -50.000000 0.040000 -19.999996
v -50.000000 0.045000 -19.999996
v -50.000000 0.050000 -19.999996
v -50.000000 0.055000 -19.999996
v -50.000000 0.060000 -19.999996
v -50.000000 0.065000 -19.999996
v -50.000000 0.070000 -19.999996
v -50.000000 0.075000 -19.999996
v -50.000000 0.080000 -19.999996
v -50.000000 0.085000 -19.999996
v -50.000000 0.090000 -19.999996
v -50.000000 0.095000 -19.999996
v -50.000000 0.005000 -14.999996
v -50.000000 0.010000 -14.999996
v -50.000000 0.015000 -14.999996
v -50.000000 0.020000 -14.999996
v -50.000000 0.025000 -14.999996
v -50.000000 0.030000 -14.999996
v -50.000000 0.035000 -14.999996
v -50.000000 0.040000 -14.999996
v -50.000000 0.045000 -14.999996
v -50.000000 0.050000 -14.999996
v -50.000000 0.055000 -14.999996
v -50.000000 0.060000 -14.999996
v -50.000000 0.065000 -14.999996
v -50.000000 0.070000 -14.999996
v -50.000000 0.075000 -14.999996
v -50.000000 0.080000 -14.999996
v -50.000000 0.085000 -14.999996
v -50.000000 0.090000 -14.999996
v -50.000000 0.095000 -14.999996
v -50.000000 0.005000 -9.999996
v -50.000000 0.010000 -9.999996
v -50.000000 0.015000 -9.999996
v -50.000000 0.020000 -9.999996
v -50.000000 0.025000 -9.999996
v -50.000000 0.030000 -9.999996
v -50.000000 0.035000 -9.999996
v -50.000000 0.040000 -9.999996
v -50.000000 0.045000 -9.999996
v -50.000000 0.050000 -9.999996
v -50.000000 0.055000 -9.999996
v -50.000000 0.060000 -9.999996
v -50.000000 0.065000 -9.999996
v -50.000000 0.070000 -9.999996
v -50.000000 0.075000 -9.999996
v -50.000000 0.080000 -9.999996
v -50.000000 0.085000 -9.999996
v -50.000000 0.090000 -9.999996
v -50.000000 0.095000 -9.999996
v -50.000000 0.005000 -4.999997
v -50.000000 0.010000 -4.999997
v -50.000000 0.015000 -4.999997
v -50.000000 0.020000 -4.999997
v -50.000000 0.025000 -4.999997
v -50.000000 0.030000 -4.999997
v -50.000000 0.035000 -4.999997
v -50.000000 0.040000 -4.999997
v -50.000000 0.045000 -4.999997
v -50.000000 0.050000 -4.999997
v -50.000000 0.055000 -4.999997
v -50.000000 0.060000 -4.999997
v -50.000000 0.065000 -4.999997
v -50.000000 0.070000 -4.999997
v -50.000000 0.075000 -4.999997
v -50.000000 0.080000 -4.999997
v -50.000000 0.085000 -4.999997
v -50.000000 0.090000 -4.999997
v -50.000000 0.095000 -4.999997
v -50.000000 0.005000 0.000003
v -50.000000 0.010000 0.000003
v -50.000000 0.015000 0.000003
v -50.000000 0.020000 0.000003
v -50.000000 0.025000 0.000003
v -50.000000 0.030000 0.000003
v -50.000000 0.035000 0.000003
v -50.000000 0.040000 0.000003
v -50.000000 0.045000 0.000003
v -50.000000 0.050000 0.000003
v -50.000000 0.055000 0.000003
v -50.000000 0.060000 0.000003
v -50.000000 0.065000 0.000003
v -50.000000 0.070000 0.000003
v -50.000000 0.075000 0.000003
v -50.000000 0.080000 0.000003
v -50.000000 0.085000 0.000003
v -50.000000 0.090000 0.000003
v -50.000000 0.095000 0.000003
v -50.000000 0.005000 5.000003
v -50.000000 0.010000 5.000003
v -50.000000 0.015000 5.000003
v -50.000000 0.020000 5.000003
v -50.000000 0.025000 5.000003
v -50.000000 0.030000 5.000003
v -50.000000 0.035000 5.000003
v -50.000000 0.040000 5.000003
v -50.000000 0.045000 5.000003
v -50.000000 0.050000 5.000003
v -50.000000 0.055000 5.000003
v -50.000000 0.060000 5.000003
v -50.000000 0.065000 5.000003
v -50.000000 0.070000 5.000003
v -50.000000 0.075000 5.000003
v -50.000000 0.080000 5.000003
v -50.000000 0.085000 5.000003
v -50.000000 0.090000 5.000003
v -50.000000 0.095000 5.000003
v -50.000000 0.005000 10.000002
v -50.000000 0.010000 10.000002
v -50.000000 0.015000 10.000002
v -50.000000 0.020000 10.000002
v -50.000000 0.025000 10.000002
v -50.000000 0.030000 10.000002
v -50.000000 0.035000 10.000002
v -50.000000 0.040000 10.000002
v -50.000000 0.045000 10.000002
v -50.000000 0.050000 10.000002
v -50.000000 0.055000 10.000002
v -50.000000 0.060000 10.000002
v -50.000000 0.065000 10.000002
v -50.000000 0.070000 10.000002
v -50.000000 0.075000 10.000002
v -50.000000 0.080000 10.000002
v -50.000000 0.085000 10.000002
v -50.000000 0.090000 10.000002
v -50.000000 0.095000 10.000002
v -50.000000 0.005000 15.000002
v -50.000000 0.010000 15.000002
v -50.000000 0.015000 15.000002
v -50.000000 0.020000 15.000002
v -50.000000 0.025000 15.000002
v -50.000000 0.030000 15.000002
v -50.000000 0.035000 15.000002
v -50.000000 0.040000 15.000002
v -50.000000 0.045000 15.000002
v -50.000000 0.050000 15.000002
v -50.000000 0.055000 15.000002
v -50.000000 0.060000 15.000002
v -50.000000 0.065000 15.000002
v -50.000000 0.070000 15.000002
v -50.000000 0.075000 15.000002
v -50.000000 0.080000 15.000002
v -50.000000 0.085000 15.000002
v -50.000000 0.090000 15.000002
v -50.000000 0.095000 15.000002
v -50.000000 0.005000 20.000002
v -50.000000 0.010000 20.000002
v -50.000000 0.015000 20.000002
v -50.000000 0.020000 20.000002
v -50.000000 0.025000 20.000002
v -50.000000 0.030000 20.000002
v -50.000000 0.035000 20.000002
v -50.000000 0.040000 20.000002
v -50.000000 0.045000 20.000002
v -50.000000 0.050000 20.000002
v -50.000000 0.055000 20.000002
v -50.000000 0.060000 20.000002
v -50.000000 0.065000 20.000002
v -50.000000 0.070000 20.000002
v -50.000000 0.075000 20.000002
v -50.000000 0.080000 20.000002
v -50.000000 0.085000 20.000002
v -50.000000 0.090000 20.000002
v -50.000000 0.095000 20.000002
v -50.000000 0.005000 25.000000
v -50.000000 0.010000 25.000000
v -50.000000 0.015000 25.000000
v -50.000000 0.020000 25.000000
v -50.000000 0.025000 25.000000
v -50.000000 0.030000 25.000000
v -50.000000 0.035000 25.000000
v -50.000000 0.040000 25.000000
v -50.000000 0.045000 25.000000
v -50.000000 0.050000 25.000000
v -50.000000 0.055000 25.000000
v -50.000000 0.060000 25.000000
v -50.000000 0.065000 25.000000
v -50.000000 0.070000 25.000000
v -50.000000 0.075000 25.000000
v -50.000000 0.080000 25.000000
v -50.000000 0.085000 25.000000
v -50.000000 0.090000 25.000000
v -50.000000 0.095000 25.000000
v -50.000000 0.005000 30.000002
v -50.000000 0.010000 30.000002
v -50.000000 0.015000 30.000002
v -50.000000 0.020000 30.000002
v -50.000000 0.025000 30.000002
v -50.000000 0.030000 30.000002
v -50.000000 0.035000 30.000002
v -50.000000 0.040000 30.000002
v -50.000000 0.045000 30.000002
v -50.000000 0.050000 30.000002
v -50.000000 0.055000 30.000002
v -50.000000 0.060000 30.000002
v -50.000000 0.065000 30.000002
v -50.000000 0.070000 30.000002
v -50.000000 0.075000 30.000002
v -50.000000 0.080000 30.000002
v -50.000000 0.085000 30.000002
v -50.000000 0.090000 30.000002
v -50.000000 0.095000 30.000002
v -50.000000 0.005000 35.000004
v -50.000000 0.010000 35.000004
v -50.000000 0.015000 35.000004
v -50.000000 0.020000 35.000004
v -50.000000 0.025000 35.000004
v -50.000000 0.030000 35.000004
v -50.000000 0.035000 35.000004
v -50.000000 0.040000 35.000004
v -50.000000 0.045000 35.000004
v -50.000000 0.050000 35.000004
v -50.000000 0.055000 35.000004
v -50.000000 0.060000 35.000004
v -50.000000 0.065000 35.000004
v -50.000000 0.070000 35.000004
v -50.000000 0.075000 35.000004
v -50.000000 0.080000 35.000004
v -50.000000 0.085000 35.000004
v -50.000000 0.090000 35.000004
v -50.000000 0.095000 35.000004
v -50.000000 0.005000 40.000000
v -50.000000 0.010000 40.000000
v -50.000000 0.015000 40.000000
v -50.000000 0.020000 40.000000
v -50.000000 0.025000 40.000000
v -50.000000 0.030000 40.000000
v -50.000000 0.035000 40.000000
v -50.000000 0.040000 40.000000
v -50.000000 0.045000 40.000000
v -50.000000 0.050000 40.000000
v -50.000000 0.055000 40.000000
v -50.000000 0.060000 40.000000
v -50.000000 0.065000 40.000000
v -50.000000 0.070000 40.000000
v -50.000000 0.075000 40.000000
v -50.000000 0.080000 40.000000
v -50.000000 0.085000 40.000000
v -50.000000 0.090000 40.000000
v -50.000000 0.095000 40.000000
v -50.000000 0.005000 45.000000
v -50.000000 0.010000 45.000000
v -50.000000 0.015000 45.000000
v -50.000000 0.020000 45.000000
v -50.000000 0.025000 45.000000
v -50.000000 0.030000 45.000000
v -50.000000 0.035000 45.000000
v -50.000000 0.040000 45.000000
v -50.000000 0.045000 45.000000
v -50.000000 0.050000 45.000000
v -50.000000 0.055000 45.000000
v -50.000000 0.060000 45.000000
v -50.000000 0.065000 45.000000
v -50.000000 0.070000 45.000000
v -50.000000 0.075000 45.000000
v -50.000000 0.080000 45.000000
v -50.000000 0.085000 45.000000
v -50.000000 0.090000 45.000000
v -50.000000 0.095000 45.000000
v 50.000000 0.005000 45.000000
v 50.000000 0.010000 45.000000
v 50.000000 0.015000 45.000000
v 50.000000 0.020000 45.000000
v 50.000000 0.025000 45.000000
v 50.000000 0.030000 45.000000
v 50.000000 0.035000 45.000000
v 50.000000 0.040000 45.000000
v 50.000000 0.045000 45.000000
v 50.000000 0.050000 45.000000
v 50.000000 0.055000 45.000000
v 50.000000 0.060000 45.000000
v 50.000000 0.065000 45.000000
v 50.000000 0.070000 45.000000
v 50.000000 0.075000 45.000000
v 50.000000 0.080000 45.000000
v 50.000000 0.085000 45.000000
v 50.000000 0.090000 45.000000
v 50.000000 0.095000 45.000000
v 50.000000 0.005000 39.999996
v 50.000000 0.010000 39.999996
v 50.000000 0.015000 39.999996
v 50.000000 0.020000 39.999996
v 50.000000 0.025000 39.999996
v 50.000000 0.030000 39.999996
v 50.000000 0.035000 39.999996
v 50.000000 0.040000 39.999996
v 50.000000 0.045000 39.999996
v 50.000000 0.050000 39.999996
v 50.000000 0.055000 39.999996
v 50.000000 0.060000 39.999996
v 50.000000 0.065000 39.999996
v 50.000000 0.070000 39.999996
v 50.000000 0.075000 39.999996
v 50.000000 0.080000 39.999996
v 50.000000 0.085000 39.999996
v 50.000000 0.090000 39.999996
v 50.000000 0.095000 39.999996
v 50.000000 0.005000 34.999996
v 50.000000 0.010000 34.999996
v 50.000000 0.015000 34.999996
v 50.000000 0.020000 34.999996
v 50.000000 0.025000 34.999996
v 50.000000 0.030000 34.999996
v 50.000000 0.035000 34.999996
v 50.000000 0.040000 34.999996
v 50.000000 0.045000 34.999996
v 50.000000 0.050000 34.999996
v 50.000000 0.055000 34.999996
v 50.000000 0.060000 34.999996
v 50.000000 0.065000 34.999996
v 50.000000 0.070000 34.999996
v 50.000000 0.075000 34.999996
v 50.000000 0.080000 34.999996
v 50.000000 0.085000 34.999996
v 50.000000 0.090000 34.999996
v 50.000000 0.095000 34.999996
v 50.000000 0.005000 29.999996
v 50.000000 0.010000 29.999996
v 50.000000 0.015000 29.999996
v 50.000000 0.020000 29.999996
v 50.000000 0.025000 29.999996
v 50.000000 0.030000 29.999996
v 50.000000 0.035000 29.999996
v 50.000000 0.040000 29.999996
v 50.000000 0.045000 29.999996
v 50.000000 0.050000 29.999996
v 50.000000 0.055000 29.999996
v 50.000000 0.060000 29.999996
v 50.000000 0.065000 29.999996
v 50.000000 0.070000 29.999996
v 50.000000 0.075000 29.999996
v 50.000000 0.080000 29.999996
v 50.000000 0.085000 29.999996
v 50.000000 0.090000 29.999996
v 50.000000 0.095000 29.999996
v 50.000000 0.005000 24.999996
v 50.000000 0.010000 24.999996
v 50.000000 0.015000 24.999996
v 50.000000 0.020000 24.999996
v 50.000000 0.025000 24.999996
v 50.000000 0.030000 24.999996
v 50.000000 0.035000 24.999996
v 50.000000 0.040000 24.999996
v 50.000000 0.045000 24.999996
v 50.000000 0.050000 24.999996
v 50.000000 0.055000 24.999996
v 50.000000 0.060000 24.999996
v 50.000000 0.065000 24.999996
v 50.000000 0.070000 24.999996
v 50.000000 0.075000 24.999996
v 50.000000 0.080000 24.999996
v 50.000000 0.085000 24.999996
v 50.000000 0.090000 24.999996
v 50.000000 0.095000 24.999996
v 50.000000 0.005000 19.999996
v 50.000000 0.010000 19.999996
v 50.000000 0.015000 19.999996
v 50.000000 0.020000 19.999996
v 50.000000 0.025000 19.999996
v 50.000000 0.030000 19.999996
v 50.000000 0.035000 19.999996
v 50.000000 0.040000 19.999996
v 50.000000 0.045000 19.999996
v 50.000000 0.050000 19.999996
v 50.000000 0.055000 19.999996
v 50.000000 0.060000 19.999996
v 50.000000 0.065000 19.999996
v 50.000000 0.070000 19.999996
v 50.000000 0.075000 19.999996
v 50.000000 0.080000 19.999996
v 50.000000 0.085000 19.999996
v 50.000000 0.090000 19.999996
v 50.000000 0.095000 19.999996
v 50.000000 0.005000 14.999996
v 50.000000 0.010000 14.999996
v 50.000000 0.015000 14.999996
v 50.000000 0.020000 14.999996
v 50.000000 0.025000 14.999996
v 50.000000 0.030000 14.999996
v 50.000000 0.035000 14.999996
v 50.000000 0.040000 14.999996
v 50.000000 0.045000 14.999996
v 50.000000 0.050000 14.999996
v 50.000000 0.055000 14.999996
v 50.000000 0.060000 14.999996
v 50.000000 0.065000 14.999996
v 50.000000 0.070000 14.999996
v 50.000000 0.075000 14.999996
v 50.000000 0.080000 14.999996
v 50.000000 0.085000 14.999996
v 50.000000 0.090000 14.999996
v 50.000000 0.095000 14.999996
v 50.000000 0.005000 9.999996
v 50.000000 0.010000 9.999996
v 50.000000 0.015000 9.999996
v 50.000000 0.020000 9.999996
v 50.000000 0.025000 9.999996
v 50.000000 0.030000 9.999996
v 50.000000 0.035000 9.999996
v 50.000000 0.040000 9.999996
v 50.000000 0.045000 9.999996
v 50.000000 0.050000 9.999996
v 50.000000 0.055000 9.999996
v 50.000000 0.060000 9.999996
v 50.000000 0.065000 9.999996
v 50.000000 0.070000 9.999996
v 50.000000 0.075000 9.999996
v 50.000000 0.080000 9.999996
v 50.000000 0.085000 9.999996
v 50.000000 0.090000 9.999996
v 50.000000 0.095000 9.999996
v 50.000000 0.005000 4.999997
v 50.000000 0.010000 4.999997
v 50.000000 0.015000 4.999997
v 50.000000 0.020000 4.999997
v 50.000000 0.025000 4.999997
v 50.000000 0.030000 4.999997
v 50.000000 0.035000 4.999997
v 50.000000 0.040000 4.999997
v 50.000000 0.045000 4.999997
v 50.000000 0.050000 4.999997
v 50.000000 0.055000 4.999997
v 50.000000 0.060000 4.999997
v 50.000000 0.065000 4.999997
v 50.000000 0.070000 4.999997
v 50.000000 0.075000 4.999997
v 50.000000 0.080000 4.999997
v 50.000000 0.085000 4.999997
v 50.000000 0.090000 4.999997
v 50.000000 0.095000 4.999997
v 50.000000 0.005000 -0.000003
v 50.000000 0.010000 -0.000003
v 50.000000 0.015000 -0.000003
v 50.000000 0.020000 -0.000003
v 50.000000 0.025000 -0.000003
v 50.000000 0.030000 -0.000003
v 50.000000 0.035000 -0.000003
v 50.000000 0.040000 -0.000003
v 50.000000 0.045000 -0.000003
v 50.000000 0.050000 -0.000003
v 50.000000 0.055000 -0.000003
v 50.000000 0.060000 -0.000003
v 50.000000 0.065000 -0.000003
v 50.000000 0.070000 -0.000003
v 50.000000 0.075000 -0.000003
v 50.000000 0.080000 -0.000003
v 50.000000 0.085000 -0.000003
v 50.000000 0.090000 -0.000003
v 50.000000 0.095000 -0.000003
v 50.000000 0.005000 -5.000003
v 50.000000 0.010000 -5.000003
v 50.000000 0.015000 -5.000003
v 50.000000 0.020000 -5.000003
v 50.000000 0.025000 -5.000003
v 50.000000 0.030000 -5.000003
v 50.000000 0.035000 -5.000003
v 50.000000 0.040000 -5.000003
v 50.000000 0.045000 -5.000003
v 50.000000 0.050000 -5.000003
v 50.000000 0.055000 -5.000003
v 50.000000 0.060000 -5.000003
v 50.000000 0.065000 -5.000003
v 50.000000 0.070000 -5.000003
v 50.000000 0.075000 -5.000003
v 50.000000 0.080000 -5.000003
v 50.000000 0.085000 -5.000003
v 50.000000 0.090000 -5.000003
v 50.000000 0.095000 -5.000003
v 50.000000 0.005000 -10.000002
v 50.000000 0.010000 -10.000002
v 50.000000 0.015000 -10.000002
v 50.000000 0.020000 -10.000002
v 50.000000 0.025000 -10.000002
v 50.000000 0.030000 -10.000002
v 50.000000 0.035000 -10.000002
v 50.000000 0.040000 -10.000002
v 50.000000 0.045000 -10.000002
v 50.000000 0.050000 -10.000002
v 50.000000 0.055000 -10.000002
v 50.000000 0.060000 -10.000002
v 50.000000 0.065000 -10.000002
v 50.000000 0.070000 -10.000002
v 50.000000 0.075000 -10.000002
v 50.000000 0.080000 -10.000002
v 50.000000 0.085000 -10.000002
v 50.000000 0.090000 -10.000002
v 50.000000 0.095000 -10.000002
v 50.000000 0.005000 -15.000002
v 50.000000 0.010000 -15.000002
v 50.000000 0.015000 -15.000002
v 50.000000 0.020000 -15.000002
v 50.000000 0.025000 -15.000002
v 50.000000 0.030000 -15.000002
v 50.000000 0.035000 -15.000002
v 50.000000 0.040000 -15.000002
v 50.000000 0.045000 -15.000002
v 50.000000 0.050000 -15.000002
v 50.000000 0.055000 -15.000002
v 50.000000 0.060000 -15.000002
v 50.000000 0.065000 -15.000002
v 50.000000 0.070000 -15.000002
v 50.000000 0.075000 -15.000002
v 50.000000 0.080000 -15.000002
v 50.000000 0.085000 -15.000002
v 50.000000 0.090000 -15.000002
v 50.000000 0.095000 -15.000002
v 50.000000 0.005000 -20.000002
v 50.000000 0.010000 -20.000002
v 50.000000 0.015000 -20.000002
v 50.000000 0.020000 -20.000002
v 50.000000 0.025000 -20.000002
v 50.000000 0.030000 -20.000002
v 50.000000 0.035000 -20.000002
v 50.000000 0.040000 -20.000002
v 50.000000 0.045000 -20.000002
v 50.000000 0.050000 -20.000002
v 50.000000 0.055000 -20.000002
v 50.000000 0.060000 -20.000002
v 50.000000 0.065000 -20.000002
v 50.000000 0.070000 -20.000002
v 50.000000 0.075000 -20.000002
v 50.000000 0.080000 -20.000002
v 50.000000 0.085000 -20.000002
v 50.000000 0.090000 -20.000002
v 50.000000 0.095000 -20.000002
v 50.000000 0.005000 -25.000000
v 50.000000 0.010000 -25.000000
v 50.000000 0.015000 -25.000000
v 50.000000 0.020000 -25.000000
v 50.000000 0.025000 -25.000000
v 50.000000 0.030000 -25.000000
v 50.000000 0.035000 -25.000000
v 50.000000 0.040000 -25.000000
v 50.000000 0.045000 -25.000000
v 50.000000 0.050000 -25.000000
v 50.000000 0.055000 -25.000000
v 50.000000 0.060000 -25.000000
v 50.000000 0.065000 -25.000000
v 50.000000 0.070000 -25.000000
v 50.000000 0.075000 -25.000000
v 50.000000 0.080000 -25.000000
v 50.000000 0.085000 -25.000000
v 50.000000 0.090000 -25.000000
v 50.000000 0.095000 -25.000000
v 50.000000 0.005000 -30.000002
v 50.000000 0.010000 -30.000002
v 50.000000 0.015000 -30.000002
v 50.000000 0.020000 -30.000002
v 50.000000 0.025000 -30.000002
v 50.000000 0.030000 -30.000002
v 50.000000 0.035000 -30.000002
v 50.000000 0.040000 -30.000002
v 50.000000 0.045000 -30.000002
v 50.000000 0.050000 -30.000002
v 50.000000 0.055000 -30.000002
v 50.000000 0.060000 -30.000002
v 50.000000 0.065000 -30.000002
v 50.000000 0.070000 -30.000002
v 50.000000 0.075000 -30.000002
v 50.000000 0.080000 -30.000002
v 50.000000 0.085000 -30.000002
v 50.000000 0.090000 -30.000002
v 50.000000 0.095000 -30.000002
v 50.000000 0.005000 -35.000004
v 50.000000 0.010000 -35.000004
v 50.000000 0.015000 -35.000004
v 50.000000 0.020000 -35.000004
v 50.000000 0.025000 -35.000004
v 50.000000 0.030000 -35.000004
v 50.000000 0.035000 -35.000004
v 50.000000 0.040000 -35.000004
v 50.000000 0.045000 -35.000004
v 50.000000 0.050000 -35.000004
v 50.000000 0.055000 -35.000004
v 50.000000 0.060000 -35.000004
v 50.000000 0.065000 -35.000004
v 50.000000 0.070000 -35.000004
v 50.000000 0.075000 -35.000004
v 50.000000 0.080000 -35.000004
v 50.000000 0.085000 -35.000004
v 50.000000 0.090000 -35.000004
v 50.000000 0.095000 -35.000004
v 50.000000 0.005000 -40.000000
v 50.000000 0.010000 -40.000000
v 50.000000 0.015000 -40.000000
v 50.000000 0.020000 -40.000000
v 50.000000 0.025000 -40.000000
v 50.000000 0.030000 -40.000000
v 50.000000 0.035000 -40.000000
v 50.000000 0.040000 -40.000000
v 50.000000 0.045000 -40.000000
v 50.000000 0.050000 -40.000000
v 50.000000 0.055000 -40.000000
v 50.000000 0.060000 -40.000000
v 50.000000 0.065000 -40.000000
v 50.000000 0.070000 -40.000000
v 50.000000 0.075000 -40.000000
v 50.000000 0.080000 -40.000000
v 50.000000 0.085000 -40.000000
v 50.000000 0.090000 -40.000000
v 50.000000 0.095000 -40.000000
v 50.000000 0.005000 -45.000000
v 50.000000 0.010000 -45.000000
v 50.000000 0.015000 -45.000000
v 50.000000 0.020000 -45.000000
v 50.000000 0.025000 -45.000000
v 50.000000 0.030000 -45.000000
v 50.000000 0.035000 -45.000000
v 50.000000 0.040000 -45.000000
v 50.000000 0.045000 -45.000000
v 50.000000 0.050000 -45.000000
v 50.000000 0.055000 -45.000000
v 50.000000 0.060000 -45.000000
v 50.000000 0.065000 -45.000000
v 50.000000 0.070000 -45.000000
v 50.000000 0.075000 -45.000000
v 50.000000 0.080000 -45.000000
v 50.000000 0.085000 -45.000000
v 50.000000 0.090000 -45.000000
v 50.000000 0.095000 -45.000000
v -45.000000 0.100000 45.000000
v -45.000000 0.100000 39.999996
v -45.000000 0.100000 34.999996
v -45.000000 0.100000 29.999996
v -45.000000 0.100000 24.999996
v -45.000000 0.100000 19.999996
v -45.000000 0.100000 14.999996
v -45.000000 0.100000 9.999996
v -45.000000 0.100000 4.999997
v -45.000000 0.100000 -0.000003
v -45.000000 0.100000 -5.000003
v -45.000000 0.100000 -10.000002
v -45.000000 0.100000 -15.000002
v -45.000000 0.100000 -20.000002
v -45.000000 0.100000 -25.000000
v -45.000000 0.100000 -30.000002
v -45.000000 0.100000 -35.000004
v -45.000000 0.100000 -40.000000
v -45.000000 0.100000 -45.000000
v -39.999996 0.100000 45.000000
v -39.999996 0.100000 39.999996
v -39.999996 0.100000 34.999996
v -39.999996 0.100000 29.999996
v -39.999996 0.100000 24.999996
v -39.999996 0.100000 19.999996
v -39.999996 0.100000 14.999996
v -39.999996 0.100000 9.999996
v -39.999996 0.100000 4.999997
v -39.999996 0.100000 -0.000003
v -39.999996 0.100000 -5.000003
v -39.999996 0.100000 -10.000002
v -39.999996 0.100000 -15.000002
v -39.999996 0.100000 -20.000002
v -39.999996 0.100000 -25.000000
v -39.999996 0.100000 -30.000002
v -39.999996 0.100000 -35.000004
v -39.999996 0.100000 -40.000000
v -39.999996 0.100000 -45.000000
v -34.999996 0.100000 45.000000
v -34.999996 0.100000 39.999996
v -34.999996 0.100000 34.999996
v -34.999996 0.100000 29.999996
v -34.999996 0.100000 24.999996
v -34.999996 0.100000 19.999996
v -34.999996 0.100000 14.999996
v -34.999996 0.100000 9.999996
v -34.999996 0.100000 4.999997
v -34.999996 0.100000 -0.000003
v -34.999996 0.100000 -5.000003
v -34.999996 0.100000 -10.000002
v -34.999996 0.100000 -15.000002
v -34.999996 0.100000 -20.000002
v -34.999996 0.100000 -25.000000
v -34.999996 0.100000 -30.000002
v -34.999996 0.100000 -35.000004
v -35.000000 0.100000 -40.000000
v -35.000004 0.100000 -45.000000
v -29.999996 0.100000 45.000000
v -29.999996 0.100000 39.999996
v -29.999996 0.100000 34.999996
v -29.999996 0.100000 29.999996
v -29.999996 0.100000 24.999996
v -29.999996 0.100000 19.999996
v -29.999996 0.100000 14.999996
v -29.999996 0.100000 9.999996
v -29.999996 0.100000 4.999997
v -29.999996 0.100000 -0.000003
v -29.999996 0.100000 -5.000003
v -29.999996 0.100000 -10.000002
v -29.999996 0.100000 -15.000002
v -29.999996 0.100000 -20.000002
v -29.999996 0.100000 -25.000000
v -29.999996 0.100000 -30.000002
v -29.999996 0.100000 -35.000004
v -29.999998 0.100000 -40.000000
v -30.000002 0.100000 -45.000000
v -24.999996 0.100000 45.000000
v -24.999996 0.100000 39.999996
v -24.999996 0.100000 34.999996
v -24.999996 0.100000 29.999996
v -24.999996 0.100000 24.999996
v -24.999996 0.100000 19.999996
v -24.999996 0.100000 14.999996
v -24.999996 0.100000 9.999996
v -24.999996 0.100000 4.999997
v -24.999996 0.100000 -0.000003
v -24.999996 0.100000 -5.000003
v -24.999996 0.100000 -10.000002
v -24.999996 0.100000 -15.000002
v -24.999996 0.100000 -20.000002
v -24.999996 0.100000 -25.000000
v -24.999996 0.100000 -30.000002
v -24.999996 0.100000 -35.000004
v -24.999998 0.100000 -40.000000
v -25.000000 0.100000 -45.000000
v -19.999996 0.100000 45.000000
v -19.999996 0.100000 39.999996
v -19.999996 0.100000 34.999996
v -19.999996 0.100000 29.999996
v -19.999996 0.100000 24.999996
v -19.999996 0.100000 19.999996
v -19.999996 0.100000 14.999996
v -19.999996 0.100000 9.999996
v -19.999996 0.100000 4.999997
v -19.999996 0.100000 -0.000003
v -19.999996 0.100000 -5.000003
v -19.999996 0.100000 -10.000002
v -19.999996 0.100000 -15.000002
v -19.999998 0.100000 -20.000002
v -19.999998 0.100000 -25.000000
v -19.999998 0.100000 -30.000002
v -19.999998 0.100000 -35.000004
v -20.000000 0.100000 -40.000000
v -20.000002 0.100000 -45.000000
v -14.999996 0.100000 45.000000
v -14.999996 0.100000 39.999996
v -14.999996 0.100000 34.999996
v -14.999996 0.100000 29.999996
v -14.999996 0.100000 24.999996
v -14.999996 0.100000 19.999996
v -14.999996 0.100000 14.999996
v -14.999996 0.100000 9.999996
v -14.999996 0.100000 4.999997
v -14.999996 0.100000 -0.000003
v -14.999996 0.100000 -5.000003
v -14.999996 0.100000 -10.000002
v -14.999998 0.100000 -15.000002
v -14.999998 0.100000 -20.000002
v -14.999998 0.100000 -25.000000
v -14.999999 0.100000 -30.000002
v -15.000001 0.100000 -35.000004
v -15.000001 0.100000 -40.000000
v -15.000001 0.100000 -45.000000
v -9.999996 0.100000 45.000000
v -9.999996 0.100000 39.999996
v -9.999996 0.100000 34.999996
v -9.999996 0.100000 29.999996
v -9.999996 0.100000 24.999996
v -9.999997 0.100000 19.999996
v -9.999998 0.100000 14.999996
v -9.999998 0.100000 9.999996
v -9.999998 0.100000 4.999997
v -9.999999 0.100000 -0.000003
v -9.999999 0.100000 -5.000003
v -9.999999 0.100000 -10.000002
v -9.999999 0.100000 -15.000002
v -10.000000 0.100000 -20.000002
v -10.000001 0.100000 -25.000000
v -10.000001 0.100000 -30.000002
v -10.000001 0.100000 -35.000004
v -10.000002 0.100000 -40.000000
v -10.000002 0.100000 -45.000000
v -4.999997 0.100000 45.000000
v -4.999998 0.100000 39.999996
v -4.999998 0.100000 34.999996
v -4.999998 0.100000 29.999996
v -4.999999 0.100000 24.999996
v -4.999999 0.100000 19.999996
v -5.000000 0.100000 14.999996
v -5.000000 0.100000 9.999996
v -5.000000 0.100000 4.999997
v -5.000000 0.100000 -0.000003
v -5.000001 0.100000 -5.000003
v -5.000001 0.100000 -10.000002
v -5.000001 0.100000 -15.000002
v -5.000001 0.100000 -20.000002
v -5.000002 0.100000 -25.000000
v -5.000002 0.100000 -30.000002
v -5.000002 0.100000 -35.000004
v -5.000002 0.100000 -40.000000
v -5.000003 0.100000 -45.000000
v 0.000003 0.100000 45.000000
v 0.000002 0.100000 39.999996
v 0.000002 0.100000 34.999996
v 0.000002 0.100000 29.999996
v 0.000001 0.100000 24.999996
v 0.000001 0.100000 19.999996
v 0.000001 0.100000 14.999996
v 0.000001 0.100000 9.999996
v 0.000000 0.100000 4.999997
v -0.000000 0.100000 -0.000003
v -0.000000 0.100000 -5.000003
v -0.000001 0.100000 -10.000002
v -0.000001 0.100000 -15.000002
v -0.000001 0.100000 -20.000002
v -0.000001 0.100000 -25.000000
v -0.000002 0.100000 -30.000002
v -0.000002 0.100000 -35.000004
v -0.000002 0.100000 -40.000000
v -0.000003 0.100000 -45.000000
v 5.000002 0.100000 45.000000
v 5.000002 0.100000 39.999996
v 5.000001 0.100000 34.999996
v 5.000001 0.100000 29.999996
v 5.000001 0.100000 24.999996
v 5.000000 0.100000 19.999996
v 5.000000 0.100000 14.999996
v 5.000000 0.100000 9.999996
v 5.000000 0.100000 4.999997
v 4.999999 0.100000 -0.000003
v 4.999999 0.100000 -5.000003
v 4.999998 0.100000 -10.000002
v 4.999998 0.100000 -15.000002
v 4.999998 0.100000 -20.000002
v 4.999998 0.100000 -25.000000
v 4.999998 0.100000 -30.000002
v 4.999998 0.100000 -35.000004
v 4.999997 0.100000 -40.000000
v 4.999997 0.100000 -45.000000
v 10.000002 0.100000 45.000000
v 10.000002 0.100000 39.999996
v 10.000002 0.100000 34.999996
v 10.000002 0.100000 29.999996
v 10.000002 0.100000 24.999996
v 10.000002 0.100000 19.999996
v 10.000001 0.100000 14.999996
v 10.000001 0.100000 9.999996
v 10.000001 0.100000 4.999997
v 10.000000 0.100000 -0.000003
v 9.999999 0.100000 -5.000003
v 9.999999 0.100000 -10.000002
v 9.999999 0.100000 -15.000002
v 9.999999 0.100000 -20.000002
v 9.999998 0.100000 -25.000000
v 9.999998 0.100000 -30.000002
v 9.999998 0.100000 -35.000004
v 9.999997 0.100000 -40.000000
v 9.999996 0.100000 -45.000000
v 15.000002 0.100000 45.000000
v 15.000002 0.100000 39.999996
v 15.000002 0.100000 34.999996
v 15.000002 0.100000 29.999996
v 15.000002 0.100000 24.999996
v 15.000002 0.100000 19.999996
v 15.000002 0.100000 14.999996
v 15.000002 0.100000 9.999996
v 15.000002 0.100000 4.999997
v 15.000002 0.100000 -0.000003
v 15.000002 0.100000 -5.000003
v 15.000002 0.100000 -10.000002
v 15.000001 0.100000 -15.000002
v 15.000001 0.100000 -20.000002
v 15.000001 0.100000 -25.000000
v 14.999999 0.100000 -30.000002
v 14.999998 0.100000 -35.000004
v 14.999998 0.100000 -40.000000
v 14.999998 0.100000 -45.000000
v 20.000002 0.100000 45.000000
v 20.000002 0.100000 39.999996
v 20.000002 0.100000 34.999996
v 20.000002 0.100000 29.999996
v 20.000002 0.100000 24.999996
v 20.000002 0.100000 19.999996
v 20.000002 0.100000 14.999996
v 20.000002 0.100000 9.999996
v 20.000002 0.100000 4.999997
v 20.000002 0.100000 -0.000003
v 20.000002 0.100000 -5.000003
v 20.000002 0.100000 -10.000002
v 20.000002 0.100000 -15.000002
v 20.000000 0.100000 -20.000002
v 19.999998 0.100000 -25.000000
v 19.999998 0.100000 -30.000002
v 19.999998 0.100000 -35.000004
v 19.999998 0.100000 -40.000000
v 19.999996 0.100000 -45.000000
v 25.000000 0.100000 45.000000
v 25.000000 0.100000 39.999996
v 25.000000 0.100000 34.999996
v 25.000000 0.100000 29.999996
v 25.000000 0.100000 24.999996
v 25.000000 0.100000 19.999996
v 25.000000 0.100000 14.999996
v 25.000000 0.100000 9.999996
v 25.000000 0.100000 4.999997
v 25.000000 0.100000 -0.000003
v 25.000000 0.100000 -5.000003
v 25.000000 0.100000 -10.000002
v 25.000000 0.100000 -15.000002
v 25.000000 0.100000 -20.000002
v 25.000000 0.100000 -25.000000
v 24.999998 0.100000 -30.000002
v 24.999996 0.100000 -35.000004
v 24.999996 0.100000 -40.000000
v 24.999996 0.100000 -45.000000
v 30.000002 0.100000 45.000000
v 30.000002 0.100000 39.999996
v 30.000002 0.100000 34.999996
v 30.000002 0.100000 29.999996
v 30.000002 0.100000 24.999996
v 30.000002 0.100000 19.999996
v 30.000002 0.100000 14.999996
v 30.000002 0.100000 9.999996
v 30.000002 0.100000 4.999997
v 30.000002 0.100000 -0.000003
v 30.000002 0.100000 -5.000003
v 30.000002 0.100000 -10.000002
v 30.000002 0.100000 -15.000002
v 30.000002 0.100000 -20.000002
v 30.000002 0.100000 -25.000000
v 30.000002 0.100000 -30.000002
v 30.000002 0.100000 -35.000004
v 29.999998 0.100000 -40.000000
v 29.999996 0.100000 -45.000000
v 35.000004 0.100000 45.000000
v 35.000004 0.100000 39.999996
v 35.000004 0.100000 34.999996
v 35.000004 0.100000 29.999996
v 35.000004 0.100000 24.999996
v 35.000004 0.100000 19.999996
v 35.000004 0.100000 14.999996
v 35.000004 0.100000 9.999996
v 35.000004 0.100000 4.999997
v 35.000004 0.100000 -0.000003
v 35.000004 0.100000 -5.000003
v 35.000004 0.100000 -10.000002
v 35.000004 0.100000 -15.000002
v 35.000004 0.100000 -20.000002
v 35.000004 0.100000 -25.000000
v 35.000004 0.100000 -30.000002
v 35.000004 0.100000 -35.000004
v 35.000000 0.100000 -40.000000
v 34.999996 0.100000 -45.000000
v 40.000000 0.100000 45.000000
v 40.000000 0.100000 39.999996
v 40.000000 0.100000 34.999996
v 40.000000 0.100000 29.999996
v 40.000000 0.100000 24.999996
v 40.000000 0.100000 19.999996
v 40.000000 0.100000 14.999996
v 40.000000 0.100000 9.999996
v 40.000000 0.100000 4.999997
v 40.000000 0.100000 -0.000003
v 40.000000 0.100000 -5.000003
v 40.000000 0.100000 -10.000002
v 40.000000 0.100000 -15.000002
v 40.000000 0.100000 -20.000002
v 40.000000 0.100000 -25.000000
v 40.000000 0.100000 -30.000002
v 40.000000 0.100000 -35.000004
v 40.000000 0.100000 -40.000000
v 39.999996 0.100000 -45.000000
v 45.000000 0.100000 45.000000
v 45.000000 0.100000 39.999996
v 45.000000 0.100000 34.999996
v 45.000000 0.100000 29.999996
v 45.000000 0.100000 24.999996
v 45.000000 0.100000 19.999996
v 45.000000 0.100000 14.999996
v 45.000000 0.100000 9.999996
v 45.000000 0.100000 4.999997
v 45.000000 0.100000 -0.000003
v 45.000000 0.100000 -5.000003
v 45.000000 0.100000 -10.000002
v 45.000000 0.100000 -15.000002
v 45.000000 0.100000 -20.000002
v 45.000000 0.100000 -25.000000
v 45.000000 0.100000 -30.000002
v 45.000000 0.100000 -35.000004
v 45.000000 0.100000 -40.000000
v 45.000000 0.100000 -45.000000
v -45.000000 0.000000 45.000000
v -39.999996 0.000000 45.000000
v -34.999996 0.000000 45.000000
v -29.999996 0.000000 45.000000
v -24.999996 0.000000 45.000000
v -19.999996 0.000000 45.000000
v -14.999996 0.000000 45.000000
v -9.999996 0.000000 45.000000
v -4.999997 0.000000 45.000000
v 0.000003 0.000000 45.000000
v 5.000003 0.000000 45.000000
v 10.000002 0.000000 45.000000
v 15.000002 0.000000 45.000000
v 20.000002 0.000000 45.000000
v 25.000000 0.000000 45.000000
v 30.000002 0.000000 45.000000
v 35.000004 0.000000 45.000000
v 40.000000 0.000000 45.000000
v 45.000000 0.000000 45.000000
v -45.000000 0.000000 40.000000
v -39.999996 0.000000 40.000000
v -34.999996 0.000000 40.000000
v -29.999996 0.000000 40.000000
v -24.999996 0.000000 40.000000
v -19.999996 0.000000 40.000000
v -14.999996 0.000000 40.000000
v -9.999996 0.000000 40.000000
v -4.999997 0.000000 40.000000
v 0.000003 0.000000 40.000000
v 5.000003 0.000000 40.000000
v 10.000002 0.000000 40.000000
v 15.000002 0.000000 40.000000
v 20.000002 0.000000 40.000000
v 25.000000 0.000000 40.000000
v 30.000002 0.000000 40.000000
v 35.000004 0.000000 40.000000
v 40.000000 0.000000 40.000000
v 45.000000 0.000000 39.999996
v -45.000000 0.000000 35.000004
v -39.999996 0.000000 35.000004
v -34.999996 0.000000 35.000004
v -29.999996 0.000000 35.000004
v -24.999996 0.000000 35.000004
v -19.999996 0.000000 35.000004
v -14.999996 0.000000 35.000004
v -9.999996 0.000000 35.000004
v -4.999997 0.000000 35.000004
v 0.000003 0.000000 35.000004
v 5.000003 0.000000 35.000004
v 10.000002 0.000000 35.000004
v 15.000002 0.000000 35.000004
v 20.000002 0.000000 35.000004
v 25.000000 0.000000 35.000004
v 30.000002 0.000000 35.000004
v 35.000004 0.000000 35.000004
v 40.000000 0.000000 35.000000
v 45.000000 0.000000 34.999996
v -45.000000 0.000000 30.000002
v -39.999996 0.000000 30.000002
v -34.999996 0.000000 30.000002
v -29.999996 0.000000 30.000002
v -24.999996 0.000000 30.000002
v -19.999996 0.000000 30.000002
v -14.999996 0.000000 30.000002
v -9.999996 0.000000 30.000002
v -4.999997 0.000000 30.000002
v 0.000003 0.000000 30.000002
v 5.000003 0.000000 30.000002
v 10.000002 0.000000 30.000002
v 15.000002 0.000000 30.000002
v 20.000002 0.000000 30.000002
v 25.000000 0.000000 30.000002
v 30.000002 0.000000 30.000002
v 35.000004 0.000000 30.000002
v 40.000000 0.000000 29.999998
v 45.000000 0.000000 29.999996
v -45.000000 0.000000 25.000000
v -39.999996 0.000000 25.000000
v -34.999996 0.000000 25.000000
v -29.999996 0.000000 25.000000
v -24.999996 0.000000 25.000000
v -19.999996 0.000000 25.000000
v -14.999996 0.000000 25.000000
v -9.999996 0.000000 25.000000
v -4.999997 0.000000 25.000000
v 0.000003 0.000000 25.000000
v 5.000003 0.000000 25.000000
v 10.000002 0.000000 25.000000
v 15.000002 0.000000 25.000000
v 20.000002 0.000000 25.000000
v 25.000000 0.000000 25.000000
v 30.000002 0.000000 24.999998
v 35.000004 0.000000 24.999996
v 40.000000 0.000000 24.999996
v 45.000000 0.000000 24.999996
v -45.000000 0.000000 20.000002
v -39.999996 0.000000 20.000002
v -34.999996 0.000000 20.000002
v -29.999996 0.000000 20.000002
v -24.999996 0.000000 20.000002
v -19.999996 0.000000 20.000002
v -14.999996 0.000000 20.000002
v -9.999996 0.000000 20.000002
v -4.999997 0.000000 20.000002
v 0.000003 0.000000 20.000002
v 5.000003 0.000000 20.000002
v 10.000002 0.000000 20.000002
v 15.000002 0.000000 20.000002
v 20.000002 0.000000 20.000000
v 25.000000 0.000000 19.999998
v 30.000002 0.000000 19.999998
v 35.000004 0.000000 19.999998
v 40.000000 0.000000 19.999998
v 45.000000 0.000000 19.999996
v -45.000000 0.000000 15.000002
v -39.999996 0.000000 15.000002
v -34.999996 0.000000 15.000002
v -29.999996 0.000000 15.000002
v -24.999996 0.000000 15.000002
v -19.999996 0.000000 15.000002
v -14.999996 0.000000 15.000002
v -9.999996 0.000000 15.000002
v -4.999997 0.000000 15.000002
v 0.000003 0.000000 15.000002
v 5.000003 0.000000 15.000002
v 10.000002 0.000000 15.000002
v 15.000002 0.000000 15.000001
v 20.000002 0.000000 15.000001
v 25.000000 0.000000 15.000001
v 30.000002 0.000000 14.999999
v 35.000004 0.000000 14.999998
v 40.000000 0.000000 14.999998
v 45.000000 0.000000 14.999998
v -45.000000 0.000000 10.000002
v -39.999996 0.000000 10.000002
v -34.999996 0.000000 10.000002
v -29.999996 0.000000 10.000002
v -24.999996 0.000000 10.000002
v -19.999996 0.000000 10.000002
v -14.999996 0.000000 10.000001
v -9.999996 0.000000 10.000001
v -4.999997 0.000000 10.000001
v 0.000003 0.000000 10.000000
v 5.000003 0.000000 9.999999
v 10.000002 0.000000 9.999999
v 15.000002 0.000000 9.999999
v 20.000002 0.000000 9.999999
v 25.000000 0.000000 9.999998
v 30.000002 0.000000 9.999998
v 35.000004 0.000000 9.999998
v 40.000000 0.000000 9.999997
v 45.000000 0.000000 9.999996
v -45.000000 0.000000 5.000002
v -39.999996 0.000000 5.000002
v -34.999996 0.000000 5.000001
v -29.999996 0.000000 5.000001
v -24.999996 0.000000 5.000001
v -19.999996 0.000000 5.000000
v -14.999996 0.000000 5.000000
v -9.999996 0.000000 5.000000
v -4.999997 0.000000 5.000000
v 0.000003 0.000000 4.999999
v 5.000003 0.000000 4.999999
v 10.000002 0.000000 4.999998
v 15.000002 0.000000 4.999998
v 20.000002 0.000000 4.999998
v 25.000000 0.000000 4.999998
v 30.000002 0.000000 4.999998
v 35.000004 0.000000 4.999998
v 40.000000 0.000000 4.999997
v 45.000000 0.000000 4.999997
v -45.000000 0.000000 0.000003
v -39.999996 0.000000 0.000002
v -34.999996 0.000000 0.000002
v -29.999996 0.000000 0.000002
v -24.999996 0.000000 0.000001
v -19.999996 0.000000 0.000001
v -14.999996 0.000000 0.000001
v -9.999996 0.000000 0.000001
v -4.999997 0.000000 0.000000
v 0.000003 0.000000 -0.000000
v 5.000003 0.000000 -0.000000
v 10.000002 0.000000 -0.000001
v 15.000002 0.000000 -0.000001
v 20.000002 0.000000 -0.000001
v 25.000000 0.000000 -0.000001
v 30.000002 0.000000 -0.000002
v 35.000004 0.000000 -0.000002
v 40.000000 0.000000 -0.000002
v 45.000000 0.000000 -0.000003
v -45.000000 0.000000 -4.999997
v -39.999996 0.000000 -4.999998
v -34.999996 0.000000 -4.999998
v -29.999996 0.000000 -4.999998
v -24.999996 0.000000 -4.999999
v -19.999996 0.000000 -4.999999
v -14.999996 0.000000 -5.000000
v -9.999996 0.000000 -5.000000
v -4.999997 0.000000 -5.000000
v 0.000003 0.000000 -5.000000
v 5.000003 0.000000 -5.000001
v 10.000002 0.000000 -5.000001
v 15.000002 0.000000 -5.000001
v 20.000002 0.000000 -5.000001
v 25.000000 0.000000 -5.000002
v 30.000002 0.000000 -5.000002
v 35.000004 0.000000 -5.000002
v 40.000000 0.000000 -5.000002
v 45.000000 0.000000 -5.000003
v -45.000000 0.000000 -9.999996
v -39.999996 0.000000 -9.999996
v -34.999996 0.000000 -9.999996
v -29.999996 0.000000 -9.999996
v -24.999996 0.000000 -9.999996
v -19.999996 0.000000 -9.999997
v -14.999996 0.000000 -9.999998
v -9.999996 0.000000 -9.999998
v -4.999997 0.000000 -9.999998
v 0.000003 0.000000 -9.999999
v 5.000003 0.000000 -9.999999
v 10.000002 0.000000 -9.999999
v 15.000002 0.000000 -9.999999
v 20.000002 0.000000 -10.000000
v 25.000000 0.000000 -10.000001
v 30.000002 0.000000 -10.000001
v 35.000004 0.000000 -10.000001
v 40.000000 0.000000 -10.000002
v 45.000000 0.000000 -10.000002
v -45.000000 0.000000 -14.999996
v -39.999996 0.000000 -14.999996
v -34.999996 0.000000 -14.999996
v -29.999996 0.000000 -14.999996
v -24.999996 0.000000 -14.999996
v -19.999996 0.000000 -14.999996
v -14.999996 0.000000 -14.999996
v -9.999996 0.000000 -14.999996
v -4.999997 0.000000 -14.999996
v 0.000003 0.000000 -14.999996
v 5.000003 0.000000 -14.999996
v 10.000002 0.000000 -14.999996
v 15.000002 0.000000 -14.999998
v 20.000002 0.000000 -14.999998
v 25.000000 0.000000 -14.999998
v 30.000002 0.000000 -14.999999
v 35.000004 0.000000 -15.000001
v 40.000000 0.000000 -15.000001
v 45.000000 0.000000 -15.000001
v -45.000000 0.000000 -19.999996
v -39.999996 0.000000 -19.999996
v -34.999996 0.000000 -19.999996
v -29.999996 0.000000 -19.999996
v -24.999996 0.000000 -19.999996
v -19.999996 0.000000 -19.999996
v -14.999996 0.000000 -19.999996
v -9.999996 0.000000 -19.999996
v -4.999997 0.000000 -19.999996
v 0.000003 0.000000 -19.999996
v 5.000003 0.000000 -19.999996
v 10.000002 0.000000 -19.999996
v 15.000002 0.000000 -19.999996
v 20.000002 0.000000 -19.999998
v 25.000000 0.000000 -19.999998
v 30.000002 0.000000 -19.999998
v 35.000004 0.000000 -19.999998
v 40.000000 0.000000 -20.000000
v 45.000000 0.000000 -20.000002
v -45.000000 0.000000 -24.999996
v -39.999996 0.000000 -24.999996
v -34.999996 0.000000 -24.999996
v -29.999996 0.000000 -24.999996
v -24.999996 0.000000 -24.999996
v -19.999996 0.000000 -24.999996
v -14.999996 0.000000 -24.999996
v -9.999996 0.000000 -24.999996
v -4.999997 0.000000 -24.999996
v 0.000003 0.000000 -24.999996
v 5.000003 0.000000 -24.999996
v 10.000002 0.000000 -24.999996
v 15.000002 0.000000 -24.999996
v 20.000002 0.000000 -24.999996
v 25.000000 0.000000 -24.999996
v 30.000002 0.000000 -24.999996
v 35.000004 0.000000 -24.999996
v 40.000000 0.000000 -24.999998
v 45.000000 0.000000 -25.000000
v -45.000000 0.000000 -29.999996
v -39.999996 0.000000 -29.999996
v -34.999996 0.000000 -29.999996
v -29.999996 0.000000 -29.999996
v -24.999996 0.000000 -29.999996
v -19.999996 0.000000 -29.999996
v -14.999996 0.000000 -29.999996
v -9.999996 0.000000 -29.999996
v -4.999997 0.000000 -29.999996
v 0.000003 0.000000 -29.999996
v 5.000003 0.000000 -29.999996
v 10.000002 0.000000 -29.999996
v 15.000002 0.000000 -29.999996
v 20.000002 0.000000 -29.999996
v 25.000000 0.000000 -29.999996
v 30.000002 0.000000 -29.999996
v 35.000004 0.000000 -29.999996
v 40.000000 0.000000 -29.999998
v 45.000000 0.000000 -30.000002
v -45.000000 0.000000 -34.999996
v -39.999996 0.000000 -34.999996
v -34.999996 0.000000 -34.999996
v -29.999996 0.000000 -34.999996
v -24.999996 0.000000 -34.999996
v -19.999996 0.000000 -34.999996
v -14.999996 0.000000 -34.999996
v -9.999996 0.000000 -34.999996
v -4.999997 0.000000 -34.999996
v 0.000003 0.000000 -34.999996
v 5.000003 0.000000 -34.999996
v 10.000002 0.000000 -34.999996
v 15.000002 0.000000 -34.999996
v 20.000002 0.000000 -34.999996
v 25.000000 0.000000 -34.999996
v 30.000002 0.000000 -34.999996
v 35.000004 0.000000 -34.999996
v 40.000000 0.000000 -35.000000
v 45.000000 0.000000 -35.000004
v -45.000000 0.000000 -39.999996
v -39.999996 0.000000 -39.999996
v -34.999996 0.000000 -39.999996
v -29.999996 0.000000 -39.999996
v -24.999996 0.000000 -39.999996
v -19.999996 0.000000 -39.999996
v -14.999996 0.000000 -39.999996
v -9.999996 0.000000 -39.999996
v -4.999997 0.000000 -39.999996
v 0.000003 0.000000 -39.999996
v 5.000003 0.000000 -39.999996
v 10.000002 0.000000 -39.999996
v 15.000002 0.000000 -39.999996
v 20.000002 0.000000 -39.999996
v 25.000000 0.000000 -39.999996
v 30.000002 0.000000 -39.999996
v 35.000004 0.000000 -39.999996
v 40.000000 0.000000 -39.999996
v 45.000000 0.000000 -39.999996
v -45.000000 0.000000 -45.000000
v -39.999996 0.000000 -45.000000
v -34.999996 0.000000 -45.000000
v -29.999996 0.000000 -45.000000
v -24.999996 0.000000 -45.000000
v -19.999996 0.000000 -45.000000
v -14.999996 0.000000 -45.000000
v -9.999996 0.000000 -45.000000
v -4.999997 0.000000 -45.000000
v 0.000003 0.000000 -45.000000
v 5.000003 0.000000 -45.000000
v 10.000002 0.000000 -45.000000
v 15.000002 0.000000 -45.000000
v 20.000002 0.000000 -45.000000
v 25.000000 0.000000 -45.000000
v 30.000002 0.000000 -45.000000
v 35.000004 0.000000 -45.000000
v 40.000000 0.000000 -45.000000
v 45.000000 0.000000 -45.000000
vn -0.0000 -1.0000 -0.0000
vn -0.0000 1.0000 -0.0000
vn 1.0000 -0.0000 -0.0000
vn -1.0000 -0.0000 -0.0000
vn -0.0000 -0.0000 -1.0000
vn -0.0000 -0.0000 1.0000
vt 0.950000 1.000000
vt 1.000000 0.950013
vt 0.950000 0.950013
vt 1.000000 0.949746
vt 0.950000 0.999732
vt 0.950000 0.949746
vt 1.000000 0.999746
vt 1.000000 0.949759
vt 0.000000 0.000013
vt 0.000000 0.049987
vt 0.000000 0.050000
vt 0.000000 0.999746
vt 0.050000 0.999732
vt 0.050000 0.999746
vt 1.000000 0.000013
vt 0.950000 0.000000
vt 0.950000 0.000013
vt 0.050000 0.000013
vt 0.000000 0.000000
vt 0.100000 0.000013
vt 0.050000 0.000000
vt 0.150000 0.000013
vt 0.100000 0.000000
vt 0.200000 0.000013
vt 0.150000 0.000000
vt 0.250000 0.000013
vt 0.200000 0.000000
vt 0.300000 0.000013
vt 0.250000 0.000000
vt 0.350000 0.000013
vt 0.300000 0.000000
vt 0.400000 0.000013
vt 0.350000 0.000000
vt 0.450000 0.000013
vt 0.400000 0.000000
vt 0.500000 0.000013
vt 0.450000 0.000000
vt 0.550000 0.000013
vt 0.500000 0.000000
vt 0.600000 0.000013
vt 0.550000 0.000000
vt 0.650000 0.000013
vt 0.600000 0.000000
vt 0.700000 0.000013
vt 0.650000 0.000000
vt 0.750000 0.000013
vt 0.700000 0.000000
vt 0.800000 0.000013
vt 0.750000 0.000000
vt 0.850000 0.000013
vt 0.800000 0.000000
vt 0.900000 0.000013
vt 0.850000 0.000000
vt 0.900000 0.000000
vt 0.050000 0.000268
vt 0.000000 0.000255
vt 0.000000 0.000268
vt 0.050000 0.000255
vt 0.000000 0.000241
vt 0.050000 0.000241
vt 0.000000 0.000228
vt 0.050000 0.000228
vt 0.000000 0.000214
vt 0.050000 0.000214
vt 0.000000 0.000201
vt 0.050000 0.000201
vt 0.000000 0.000188
vt 0.050000 0.000188
vt 0.000000 0.000174
vt 0.050000 0.000174
vt 0.000000 0.000161
vt 0.050000 0.000161
vt 0.000000 0.000147
vt 0.050000 0.000147
vt 0.000000 0.000134
vt 0.050000 0.000134
vt 0.000000 0.000121
vt 0.050000 0.000121
vt 0.000000 0.000107
vt 0.050000 0.000107
vt 0.000000 0.000094
vt 0.050000 0.000094
vt 0.000000 0.000080
vt 0.050000 0.000080
vt 0.000000 0.000067
vt 0.050000 0.000067
vt 0.000000 0.000054
vt 0.050000 0.000054
vt 0.000000 0.000040
vt 0.050000 0.000040
vt 0.000000 0.000027
vt 0.050000 0.000027
vt 0.100000 0.000268
vt 0.100000 0.000255
vt 0.100000 0.000241
vt 0.100000 0.000228
vt 0.100000 0.000214
vt 0.100000 0.000201
vt 0.100000 0.000188
vt 0.100000 0.000174
vt 0.100000 0.000161
vt 0.100000 0.000147
vt 0.100000 0.000134
vt 0.100000 0.000121
vt 0.100000 0.000107
vt 0.100000 0.000094
vt 0.100000 0.000080
vt 0.100000 0.000067
vt 0.100000 0.000054
vt 0.100000 0.000040
vt 0.100000 0.000027
vt 0.150000 0.000268
vt 0.150000 0.000255
vt 0.150000 0.000241
vt 0.150000 0.000228
vt 0.150000 0.000214
vt 0.150000 0.000201
vt 0.150000 0.000188
vt 0.150000 0.000174
vt 0.150000 0.000161
vt 0.150000 0.000147
vt 0.150000 0.000134
vt 0.150000 0.000121
vt 0.150000 0.000107
vt 0.150000 0.000094
vt 0.150000 0.000080
vt 0.150000 0.000067
vt 0.150000 0.000054
vt 0.150000 0.000040
vt 0.150000 0.000027
vt 0.200000 0.000268
vt 0.200000 0.000255
vt 0.200000 0.000241
vt 0.200000 0.000228
vt 0.200000 0.000214
vt 0.200000 0.000201
vt 0.200000 0.000188
vt 0.200000 0.000174
vt 0.200000 0.000161
vt 0.200000 0.000147
vt 0.200000 0.000134
vt 0.200000 0.000121
vt 0.200000 0.000107
vt 0.200000 0.000094
vt 0.200000 0.000080
vt 0.200000 0.000067
vt 0.200000 0.000054
vt 0.200000 0.000040
vt 0.200000 0.000027
vt 0.250000 0.000268
vt 0.250000 0.000255
vt 0.250000 0.000241
vt 0.250000 0.000228
vt 0.250000 0.000214
vt 0.250000 0.000201
vt 0.250000 0.000188
vt 0.250000 0.000174
vt 0.250000 0.000161
vt 0.250000 0.000147
vt 0.250000 0.000134
vt 0.250000 0.000121
vt 0.250000 0.000107
vt 0.250000 0.000094
vt 0.250000 0.000080
vt 0.250000 0.000067
vt 0.250000 0.000054
vt 0.250000 0.000040
vt 0.250000 0.000027
vt 0.300000 0.000268
vt 0.300000 0.000255
vt 0.300000 0.000241
vt 0.300000 0.000228
vt 0.300000 0.000214
vt 0.300000 0.000201
vt 0.300000 0.000188
vt 0.300000 0.000174
vt 0.300000 0.000161
vt 0.300000 0.000147
vt 0.300000 0.000134
vt 0.300000 0.000121
vt 0.300000 0.000107
vt 0.300000 0.000094
vt 0.300000 0.000080
vt 0.300000 0.000067
vt 0.300000 0.000054
vt 0.300000 0.000040
vt 0.300000 0.000027
vt 0.350000 0.000268
vt 0.350000 0.000255
vt 0.350000 0.000241
vt 0.350000 0.000228
vt 0.350000 0.000214
vt 0.350000 0.000201
vt 0.350000 0.000188
vt 0.350000 0.000174
vt 0.350000 0.000161
vt 0.350000 0.000147
vt 0.350000 0.000134
vt 0.350000 0.000121
vt 0.350000 0.000107
vt 0.350000 0.000094
vt 0.350000 0.000080
vt 0.350000 0.000067
vt 0.350000 0.000054
vt 0.350000 0.000040
vt 0.350000 0.000027
vt 0.400000 0.000268
vt 0.400000 0.000255
vt 0.400000 0.000241
vt 0.400000 0.000228
vt 0.400000 0.000214
vt 0.400000 0.000201
vt 0.400000 0.000188
vt 0.400000 0.000174
vt 0.400000 0.000161
vt 0.400000 0.000147
vt 0.400000 0.000134
vt 0.400000 0.000121
vt 0.400000 0.000107
vt 0.400000 0.000094
vt 0.400000 0.000080
vt 0.400000 0.000067
vt 0.400000 0.000054
vt 0.400000 0.000040
vt 0.400000 0.000027
vt 0.450000 0.000268
vt 0.450000 0.000255
vt 0.450000 0.000241
vt 0.450000 0.000228
vt 0.450000 0.000214
vt 0.450000 0.000201
vt 0.450000 0.000188
vt 0.450000 0.000174
vt 0.450000 0.000161
vt 0.450000 0.000147
vt 0.450000 0.000134
vt 0.450000 0.000121
vt 0.450000 0.000107
vt 0.450000 0.000094
vt 0.450000 0.000080
vt 0.450000 0.000067
vt 0.450000 0.000054
vt 0.450000 0.000040
vt 0.450000 0.000027
vt 0.500000 0.000268
vt 0.500000 0.000255
vt 0.500000 0.000241
vt 0.500000 0.000228
vt 0.500000 0.000214
vt 0.500000 0.000201
vt 0.500000 0.000188
vt 0.500000 0.000174
vt 0.500000 0.000161
vt 0.500000 0.000147
vt 0.500000 0.000134
vt 0.500000 0.000121
vt 0.500000 0.000107
vt 0.500000 0.000094
vt 0.500000 0.000080
vt 0.500000 0.000067
vt 0.500000 0.000054
vt 0.500000 0.000040
vt 0.500000 0.000027
vt 0.550000 0.000268
vt 0.550000 0.000255
vt 0.550000 0.000241
vt 0.550000 0.000228
vt 0.550000 0.000214
vt 0.550000 0.000201
vt 0.550000 0.000188
vt 0.550000 0.000174
vt 0.550000 0.000161
vt 0.550000 0.000147
vt 0.550000 0.000134
vt 0.550000 0.000121
vt 0.550000 0.000107
vt 0.550000 0.000094
vt 0.550000 0.000080
vt 0.550000 0.000067
vt 0.550000 0.000054
vt 0.550000 0.000040
vt 0.550000 0.000027
vt 0.600000 0.000268
vt 0.600000 0.000255
vt 0.600000 0.000241
vt 0.600000 0.000228
vt 0.600000 0.000214
vt 0.600000 0.000201
vt 0.600000 0.000188
vt 0.600000 0.000174
vt 0.600000 0.000161
vt 0.600000 0.000147
vt 0.600000 0.000134
vt 0.600000 0.000121
vt 0.600000 0.000107
vt 0.600000 0.000094
vt 0.600000 0.000080
vt 0.600000 0.000067
vt 0.600000 0.000054
vt 0.600000 0.000040
vt 0.600000 0.000027
vt 0.650000 0.000268
vt 0.650000 0.000255
vt 0.650000 0.000241
vt 0.650000 0.000228
vt 0.650000 0.000214
vt 0.650000 0.000201
vt 0.650000 0.000188
vt 0.650000 0.000174
vt 0.650000 0.000161
vt 0.650000 0.000147
vt 0.650000 0.000134
vt 0.650000 0.000121
vt 0.650000 0.000107
vt 0.650000 0.000094
vt 0.650000 0.000080
vt 0.650000 0.000067
vt 0.650000 0.000054
vt 0.650000 0.000040
vt 0.650000 0.000027
vt 0.700000 0.000268
vt 0.700000 0.000255
vt 0.700000 0.000241
vt 0.700000 0.000228
vt 0.700000 0.000214
vt 0.700000 0.000201
vt 0.700000 0.000188
vt 0.700000 0.000174
vt 0.700000 0.000161
vt 0.700000 0.000147
vt 0.700000 0.000134
vt 0.700000 0.000121
vt 0.700000 0.000107
vt 0.700000 0.000094
vt 0.700000 0.000080
vt 0.700000 0.000067
vt 0.700000 0.000054
vt 0.700000 0.000040
vt 0.700000 0.000027
vt 0.750000 0.000268
vt 0.750000 0.000255
vt 0.750000 0.000241
vt 0.750000 0.000228
vt 0.750000 0.000214
vt 0.750000 0.000201
vt 0.750000 0.000188
vt 0.750000 0.000174
vt 0.750000 0.000161
vt 0.750000 0.000147
vt 0.750000 0.000134
vt 0.750000 0.000121
vt 0.750000 0.000107
vt 0.750000 0.000094
vt 0.750000 0.000080
vt 0.750000 0.000067
vt 0.750000 0.000054
vt 0.750000 0.000040
vt 0.750000 0.000027
vt 0.800000 0.000268
vt 0.800000 0.000255
vt 0.800000 0.000241
vt 0.800000 0.000228
vt 0.800000 0.000214
vt 0.800000 0.000201
vt 0.800000 0.000188
vt 0.800000 0.000174
vt 0.800000 0.000161
vt 0.800000 0.000147
vt 0.800000 0.000134
vt 0.800000 0.000121
vt 0.800000 0.000107
vt 0.800000 0.000094
vt 0.800000 0.000080
vt 0.800000 0.000067
vt 0.800000 0.000054
vt 0.800000 0.000040
vt 0.800000 0.000027
vt 0.850000 0.000268
vt 0.850000 0.000255
vt 0.850000 0.000241
vt 0.850000 0.000228
vt 0.850000 0.000214
vt 0.850000 0.000201
vt 0.850000 0.000188
vt 0.850000 0.000174
vt 0.850000 0.000161
vt 0.850000 0.000147
vt 0.850000 0.000134
vt 0.850000 0.000121
vt 0.850000 0.000107
vt 0.850000 0.000094
vt 0.850000 0.000080
vt 0.850000 0.000067
vt 0.850000 0.000054
vt 0.850000 0.000040
vt 0.850000 0.000027
vt 0.900000 0.000268
vt 0.900000 0.000255
vt 0.900000 0.000241
vt 0.900000 0.000228
vt 0.900000 0.000214
vt 0.900000 0.000201
vt 0.900000 0.000188
vt 0.900000 0.000174
vt 0.900000 0.000161
vt 0.900000 0.000147
vt 0.900000 0.000134
vt 0.900000 0.000121
vt 0.900000 0.000107
vt 0.900000 0.000094
vt 0.900000 0.000080
vt 0.900000 0.000067
vt 0.900000 0.000054
vt 0.900000 0.000040
vt 0.900000 0.000027
vt 0.950000 0.000268
vt 0.950000 0.000255
vt 0.950000 0.000241
vt 0.950000 0.000228
vt 0.950000 0.000214
vt 0.950000 0.000201
vt 0.950000 0.000188
vt 0.950000 0.000174
vt 0.950000 0.000161
vt 0.950000 0.000147
vt 0.950000 0.000134
vt 0.950000 0.000121
vt 0.950000 0.000107
vt 0.950000 0.000094
vt 0.950000 0.000080
vt 0.950000 0.000067
vt 0.950000 0.000054
vt 0.950000 0.000040
vt 0.950000 0.000027
vt 1.000000 0.000268
vt 1.000000 0.000255
vt 1.000000 0.000241
vt 1.000000 0.000228
vt 1.000000 0.000214
vt 1.000000 0.000201
vt 1.000000 0.000188
vt 1.000000 0.000174
vt 1.000000 0.000161
vt 1.000000 0.000147
vt 1.000000 0.000134
vt 1.000000 0.000121
vt 1.000000 0.000107
vt 1.000000 0.000094
vt 1.000000 0.000080
vt 1.000000 0.000067
vt 1.000000 0.000054
vt 1.000000 0.000040
vt 1.000000 0.000027
vt 0.950000 0.999746
vt 1.000000 0.999732
vt 0.900000 0.999746
vt 0.850000 0.999746
vt 0.900000 0.999732
vt 0.800000 0.999746
vt 0.850000 0.999732
vt 0.750000 0.999746
vt 0.800000 0.999732
vt 0.700000 0.999746
vt 0.750000 0.999732
vt 0.650000 0.999746
vt 0.700000 0.999732
vt 0.600000 0.999746
vt 0.650000 0.999732
vt 0.550000 0.999746
vt 0.600000 0.999732
vt 0.500000 0.999746
vt 0.550000 0.999732
vt 0.450000 0.999746
vt 0.500000 0.999732
vt 0.400000 0.999746
vt 0.450000 0.999732
vt 0.350000 0.999746
vt 0.400000 0.999732
vt 0.300000 0.999746
vt 0.350000 0.999732
vt 0.250000 0.999746
vt 0.300000 0.999732
vt 0.200000 0.999746
vt 0.250000 0.999732
vt 0.150000 0.999746
vt 0.200000 0.999732
vt 0.100000 0.999746
vt 0.150000 0.999732
vt 0.100000 0.999732
vt 1.000000 0.999987
vt 1.000000 1.000000
vt 0.950000 0.999987
vt 1.000000 0.999973
vt 0.950000 0.999973
vt 1.000000 0.999960
vt 0.950000 0.999960
vt 1.000000 0.999946
vt 0.950000 0.999946
vt 1.000000 0.999933
vt 0.950000 0.999933
vt 1.000000 0.999920
vt 0.950000 0.999920
vt 1.000000 0.999906
vt 0.950000 0.999906
vt 1.000000 0.999893
vt 0.950000 0.999893
vt 1.000000 0.999879
vt 0.950000 0.999879
vt 1.000000 0.999866
vt 0.950000 0.999866
vt 1.000000 0.999853
vt 0.950000 0.999853
vt 1.000000 0.999839
vt 0.950000 0.999839
vt 1.000000 0.999826
vt 0.950000 0.999826
vt 1.000000 0.999812
vt 0.950000 0.999812
vt 1.000000 0.999799
vt 0.950000 0.999799
vt 1.000000 0.999786
vt 0.950000 0.999786
vt 1.000000 0.999772
vt 0.950000 0.999772
vt 1.000000 0.999759
vt 0.950000 0.999759
vt 0.900000 1.000000
vt 0.900000 0.999987
vt 0.900000 0.999973
vt 0.900000 0.999960
vt 0.900000 0.999946
vt 0.900000 0.999933
vt 0.900000 0.999920
vt 0.900000 0.999906
vt 0.900000 0.999893
vt 0.900000 0.999879
vt 0.900000 0.999866
vt 0.900000 0.999853
vt 0.900000 0.999839
vt 0.900000 0.999826
vt 0.900000 0.999812
vt 0.900000 0.999799
vt 0.900000 0.999786
vt 0.900000 0.999772
vt 0.900000 0.999759
vt 0.850000 1.000000
vt 0.850000 0.999987
vt 0.850000 0.999973
vt 0.850000 0.999960
vt 0.850000 0.999946
vt 0.850000 0.999933
vt 0.850000 0.999920
vt 0.850000 0.999906
vt 0.850000 0.999893
vt 0.850000 0.999879
vt 0.850000 0.999866
vt 0.850000 0.999853
vt 0.850000 0.999839
vt 0.850000 0.999826
vt 0.850000 0.999812
vt 0.850000 0.999799
vt 0.850000 0.999786
vt 0.850000 0.999772
vt 0.850000 0.999759
vt 0.800000 1.000000
vt 0.800000 0.999987
vt 0.800000 0.999973
vt 0.800000 0.999960
vt 0.800000 0.999946
vt 0.800000 0.999933
vt 0.800000 0.999920
vt 0.800000 0.999906
vt 0.800000 0.999893
vt 0.800000 0.999879
vt 0.800000 0.999866
vt 0.800000 0.999853
vt 0.800000 0.999839
vt 0.800000 0.999826
vt 0.800000 0.999812
vt 0.800000 0.999799
vt 0.800000 0.999786
vt 0.800000 0.999772
vt 0.800000 0.999759
vt 0.750000 1.000000
vt 0.750000 0.999987
vt 0.750000 0.999973
vt 0.750000 0.999960
vt 0.750000 0.999946
vt 0.750000 0.999933
vt 0.750000 0.999920
vt 0.750000 0.999906
vt 0.750000 0.999893
vt 0.750000 0.999879
vt 0.750000 0.999866
vt 0.750000 0.999853
vt 0.750000 0.999839
vt 0.750000 0.999826
vt 0.750000 0.999812
vt 0.750000 0.999799
vt 0.750000 0.999786
vt 0.750000 0.999772
vt 0.750000 0.999759
vt 0.700000 1.000000
vt 0.700000 0.999987
vt 0.700000 0.999973
vt 0.700000 0.999960
vt 0.700000 0.999946
vt 0.700000 0.999933
vt 0.700000 0.999920
vt 0.700000 0.999906
vt 0.700000 0.999893
vt 0.700000 0.999879
vt 0.700000 0.999866
vt 0.700000 0.999853
vt 0.700000 0.999839
vt 0.700000 0.999826
vt 0.700000 0.999812
vt 0.700000 0.999799
vt 0.700000 0.999786
vt 0.700000 0.999772
vt 0.700000 0.999759
vt 0.650000 1.000000
vt 0.650000 0.999987
vt 0.650000 0.999973
vt 0.650000 0.999960
vt 0.650000 0.999946
vt 0.650000 0.999933
vt 0.650000 0.999920
vt 0.650000 0.999906
vt 0.650000 0.999893
vt 0.650000 0.999879
vt 0.650000 0.999866
vt 0.650000 0.999853
vt 0.650000 0.999839
vt 0.650000 0.999826
vt 0.650000 0.999812
vt 0.650000 0.999799
vt 0.650000 0.999786
vt 0.650000 0.999772
vt 0.650000 0.999759
vt 0.600000 1.000000
vt 0.600000 0.999987
vt 0.600000 0.999973
vt 0.600000 0.999960
vt 0.600000 0.999946
vt 0.600000 0.999933
vt 0.600000 0.999920
vt 0.600000 0.999906
vt 0.600000 0.999893
vt 0.600000 0.999879
vt 0.600000 0.999866
vt 0.600000 0.999853
vt 0.600000 0.999839
vt 0.600000 0.999826
vt 0.600000 0.999812
vt 0.600000 0.999799
vt 0.600000 0.999786
vt 0.600000 0.999772
vt 0.600000 0.999759
vt 0.550000 1.000000
vt 0.550000 0.999987
vt 0.550000 0.999973
vt 0.550000 0.999960
vt 0.550000 0.999946
vt 0.550000 0.999933
vt 0.550000 0.999920
vt 0.550000 0.999906
vt 0.550000 0.999893
vt 0.550000 0.999879
vt 0.550000 0.999866
vt 0.550000 0.999853
vt 0.550000 0.999839
vt 0.550000 0.999826
vt 0.550000 0.999812
vt 0.550000 0.999799
vt 0.550000 0.999786
vt 0.550000 0.999772
vt 0.550000 0.999759
vt 0.500000 1.000000
vt 0.500000 0.999987
vt 0.500000 0.999973
vt 0.500000 0.999960
vt 0.500000 0.999946
vt 0.500000 0.999933
vt 0.500000 0.999920
vt 0.500000 0.999906
vt 0.500000 0.999893
vt 0.500000 0.999879
vt 0.500000 0.999866
vt 0.500000 0.999853
vt 0.500000 0.999839
vt 0.500000 0.999826
vt 0.500000 0.999812
vt 0.500000 0.999799
vt 0.500000 0.999786
vt 0.500000 0.999772
vt 0.500000 0.999759
vt 0.450000 1.000000
vt 0.450000 0.999987
vt 0.450000 0.999973
vt 0.450000 0.999960
vt 0.450000 0.999946
vt 0.450000 0.999933
vt 0.450000 0.999920
vt 0.450000 0.999906
vt 0.450000 0.999893
vt 0.450000 0.999879
vt 0.450000 0.999866
vt 0.450000 0.999853
vt 0.450000 0.999839
vt 0.450000 0.999826
vt 0.450000 0.999812
vt 0.450000 0.999799
vt 0.450000 0.999786
vt 0.450000 0.999772
vt 0.450000 0.999759
vt 0.400000 1.000000
vt 0.400000 0.999987
vt 0.400000 0.999973
vt 0.400000 0.999960
vt 0.400000 0.999946
vt 0.400000 0.999933
vt 0.400000 0.999920
vt 0.400000 0.999906
vt 0.400000 0.999893
vt 0.400000 0.999879
vt 0.400000 0.999866
vt 0.400000 0.999853
vt 0.400000 0.999839
vt 0.400000 0.999826
vt 0.400000 0.999812
vt 0.400000 0.999799
vt 0.400000 0.999786
vt 0.400000 0.999772
vt 0.400000 0.999759
vt 0.350000 1.000000
vt 0.350000 0.999987
vt 0.350000 0.999973
vt 0.350000 0.999960
vt 0.350000 0.999946
vt 0.350000 0.999933
vt 0.350000 0.999920
vt 0.350000 0.999906
vt 0.350000 0.999893
vt 0.350000 0.999879
vt 0.350000 0.999866
vt 0.350000 0.999853
vt 0.350000 0.999839
vt 0.350000 0.999826
vt 0.350000 0.999812
vt 0.350000 0.999799
vt 0.350000 0.999786
vt 0.350000 0.999772
vt 0.350000 0.999759
vt 0.300000 1.000000
vt 0.300000 0.999987
vt 0.300000 0.999973
vt 0.300000 0.999960
vt 0.300000 0.999946
vt 0.300000 0.999933
vt 0.300000 0.999920
vt 0.300000 0.999906
vt 0.300000 0.999893
vt 0.300000 0.999879
vt 0.300000 0.999866
vt 0.300000 0.999853
vt 0.300000 0.999839
vt 0.300000 0.999826
vt 0.300000 0.999812
vt 0.300000 0.999799
vt 0.300000 0.999786
vt 0.300000 0.999772
vt 0.300000 0.999759
vt 0.250000 1.000000
vt 0.250000 0.999987
vt 0.250000 0.999973
vt 0.250000 0.999960
vt 0.250000 0.999946
vt 0.250000 0.999933
vt 0.250000 0.999920
vt 0.250000 0.999906
vt 0.250000 0.999893
vt 0.250000 0.999879
vt 0.250000 0.999866
vt 0.250000 0.999853
vt 0.250000 0.999839
vt 0.250000 0.999826
vt 0.250000 0.999812
vt 0.250000 0.999799
vt 0.250000 0.999786
vt 0.250000 0.999772
vt 0.250000 0.999759
vt 0.200000 1.000000
vt 0.200000 0.999987
vt 0.200000 0.999973
vt 0.200000 0.999960
vt 0.200000 0.999946
vt 0.200000 0.999933
vt 0.200000 0.999920
vt 0.200000 0.999906
vt 0.200000 0.999893
vt 0.200000 0.999879
vt 0.200000 0.999866
vt 0.200000 0.999853
vt 0.200000 0.999839
vt 0.200000 0.999826
vt 0.200000 0.999812
vt 0.200000 0.999799
vt 0.200000 0.999786
vt 0.200000 0.999772
vt 0.200000 0.999759
vt 0.150000 1.000000
vt 0.150000 0.999987
vt 0.150000 0.999973
vt 0.150000 0.999960
vt 0.150000 0.999946
vt 0.150000 0.999933
vt 0.150000 0.999920
vt 0.150000 0.999906
vt 0.150000 0.999893
vt 0.150000 0.999879
vt 0.150000 0.999866
vt 0.150000 0.999853
vt 0.150000 0.999839
vt 0.150000 0.999826
vt 0.150000 0.999812
vt 0.150000 0.999799
vt 0.150000 0.999786
vt 0.150000 0.999772
vt 0.150000 0.999759
vt 0.100000 1.000000
vt 0.100000 0.999987
vt 0.100000 0.999973
vt 0.100000 0.999960
vt 0.100000 0.999946
vt 0.100000 0.999933
vt 0.100000 0.999920
vt 0.100000 0.999906
vt 0.100000 0.999893
vt 0.100000 0.999879
vt 0.100000 0.999866
vt 0.100000 0.999853
vt 0.100000 0.999839
vt 0.100000 0.999826
vt 0.100000 0.999812
vt 0.100000 0.999799
vt 0.100000 0.999786
vt 0.100000 0.999772
vt 0.100000 0.999759
vt 0.050000 1.000000
vt 0.050000 0.999987
vt 0.050000 0.999973
vt 0.050000 0.999960
vt 0.050000 0.999946
vt 0.050000 0.999933
vt 0.050000 0.999920
vt 0.050000 0.999906
vt 0.050000 0.999893
vt 0.050000 0.999879
vt 0.050000 0.999866
vt 0.050000 0.999853
vt 0.050000 0.999839
vt 0.050000 0.999826
vt 0.050000 0.999812
vt 0.050000 0.999799
vt 0.050000 0.999786
vt 0.050000 0.999772
vt 0.050000 0.999759
vt 0.000000 1.000000
vt 0.000000 0.999987
vt 0.000000 0.999973
vt 0.000000 0.999960
vt 0.000000 0.999946
vt 0.000000 0.999933
vt 0.000000 0.999920
vt 0.000000 0.999906
vt 0.000000 0.999893
vt 0.000000 0.999879
vt 0.000000 0.999866
vt 0.000000 0.999853
vt 0.000000 0.999839
vt 0.000000 0.999826
vt 0.000000 0.999812
vt 0.000000 0.999799
vt 0.000000 0.999786
vt 0.000000 0.999772
vt 0.000000 0.999759
vt 0.000000 0.949759
vt 0.000000 0.999732
vt 0.000000 0.899772
vt 0.000000 0.949746
vt 0.000000 0.849786
vt 0.000000 0.899759
vt 0.000000 0.799799
vt 0.000000 0.849772
vt 0.000000 0.749812
vt 0.000000 0.799786
vt 0.000000 0.699826
vt 0.000000 0.749799
vt 0.000000 0.649839
vt 0.000000 0.699812
vt 0.000000 0.599853
vt 0.000000 0.649826
vt 0.000000 0.549866
vt 0.000000 0.599839
vt 0.000000 0.499879
vt 0.000000 0.549853
vt 0.000000 0.449893
vt 0.000000 0.499866
vt 0.000000 0.399906
vt 0.000000 0.449879
vt 0.000000 0.349920
vt 0.000000 0.399893
vt 0.000000 0.299933
vt 0.000000 0.349906
vt 0.000000 0.249946
vt 0.000000 0.299920
vt 0.000000 0.199960
vt 0.000000 0.249933
vt 0.000000 0.149973
vt 0.000000 0.199946
vt 0.000000 0.099987
vt 0.000000 0.149960
vt 0.000000 0.099973
vt 0.000000 0.950013
vt 0.000000 0.949987
vt 0.000000 0.949973
vt 0.000000 0.949960
vt 0.000000 0.949946
vt 0.000000 0.949933
vt 0.000000 0.949920
vt 0.000000 0.949906
vt 0.000000 0.949893
vt 0.000000 0.949879
vt 0.000000 0.949866
vt 0.000000 0.949853
vt 0.000000 0.949839
vt 0.000000 0.949826
vt 0.000000 0.949813
vt 0.000000 0.949799
vt 0.000000 0.949786
vt 0.000000 0.949772
vt 0.000000 0.900027
vt 0.000000 0.950000
vt 0.000000 0.900013
vt 0.000000 0.900000
vt 0.000000 0.899987
vt 0.000000 0.899973
vt 0.000000 0.899960
vt 0.000000 0.899946
vt 0.000000 0.899933
vt 0.000000 0.899920
vt 0.000000 0.899906
vt 0.000000 0.899893
vt 0.000000 0.899879
vt 0.000000 0.899866
vt 0.000000 0.899853
vt 0.000000 0.899839
vt 0.000000 0.899826
vt 0.000000 0.899812
vt 0.000000 0.899799
vt 0.000000 0.899786
vt 0.000000 0.850040
vt 0.000000 0.850027
vt 0.000000 0.850013
vt 0.000000 0.850000
vt 0.000000 0.849987
vt 0.000000 0.849973
vt 0.000000 0.849960
vt 0.000000 0.849946
vt 0.000000 0.849933
vt 0.000000 0.849920
vt 0.000000 0.849906
vt 0.000000 0.849893
vt 0.000000 0.849879
vt 0.000000 0.849866
vt 0.000000 0.849853
vt 0.000000 0.849839
vt 0.000000 0.849826
vt 0.000000 0.849812
vt 0.000000 0.849799
vt 0.000000 0.800054
vt 0.000000 0.800040
vt 0.000000 0.800027
vt 0.000000 0.800013
vt 0.000000 0.800000
vt 0.000000 0.799987
vt 0.000000 0.799973
vt 0.000000 0.799960
vt 0.000000 0.799946
vt 0.000000 0.799933
vt 0.000000 0.799920
vt 0.000000 0.799906
vt 0.000000 0.799893
vt 0.000000 0.799879
vt 0.000000 0.799866
vt 0.000000 0.799853
vt 0.000000 0.799839
vt 0.000000 0.799826
vt 0.000000 0.799812
vt 0.000000 0.750067
vt 0.000000 0.750054
vt 0.000000 0.750040
vt 0.000000 0.750027
vt 0.000000 0.750013
vt 0.000000 0.750000
vt 0.000000 0.749987
vt 0.000000 0.749973
vt 0.000000 0.749960
vt 0.000000 0.749946
vt 0.000000 0.749933
vt 0.000000 0.749920
vt 0.000000 0.749906
vt 0.000000 0.749893
vt 0.000000 0.749879
vt 0.000000 0.749866
vt 0.000000 0.749853
vt 0.000000 0.749839
vt 0.000000 0.749826
vt 0.000000 0.700080
vt 0.000000 0.700067
vt 0.000000 0.700054
vt 0.000000 0.700040
vt 0.000000 0.700027
vt 0.000000 0.700013
vt 0.000000 0.700000
vt 0.000000 0.699987
vt 0.000000 0.699973
vt 0.000000 0.699960
vt 0.000000 0.699946
vt 0.000000 0.699933
vt 0.000000 0.699920
vt 0.000000 0.699906
vt 0.000000 0.699893
vt 0.000000 0.699879
vt 0.000000 0.699866
vt 0.000000 0.699853
vt 0.000000 0.699839
vt 0.000000 0.650094
vt 0.000000 0.650080
vt 0.000000 0.650067
vt 0.000000 0.650054
vt 0.000000 0.650040
vt 0.000000 0.650027
vt 0.000000 0.650013
vt 0.000000 0.650000
vt 0.000000 0.649987
vt 0.000000 0.649973
vt 0.000000 0.649960
vt 0.000000 0.649946
vt 0.000000 0.649933
vt 0.000000 0.649920
vt 0.000000 0.649906
vt 0.000000 0.649893
vt 0.000000 0.649879
vt 0.000000 0.649866
vt 0.000000 0.649853
vt 0.000000 0.600107
vt 0.000000 0.600094
vt 0.000000 0.600080
vt 0.000000 0.600067
vt 0.000000 0.600054
vt 0.000000 0.600040
vt 0.000000 0.600027
vt 0.000000 0.600013
vt 0.000000 0.600000
vt 0.000000 0.599987
vt 0.000000 0.599973
vt 0.000000 0.599960
vt 0.000000 0.599946
vt 0.000000 0.599933
vt 0.000000 0.599920
vt 0.000000 0.599906
vt 0.000000 0.599893
vt 0.000000 0.599879
vt 0.000000 0.599866
vt 0.000000 0.550120
vt 0.000000 0.550107
vt 0.000000 0.550094
vt 0.000000 0.550080
vt 0.000000 0.550067
vt 0.000000 0.550054
vt 0.000000 0.550040
vt 0.000000 0.550027
vt 0.000000 0.550013
vt 0.000000 0.550000
vt 0.000000 0.549987
vt 0.000000 0.549973
vt 0.000000 0.549960
vt 0.000000 0.549946
vt 0.000000 0.549933
vt 0.000000 0.549920
vt 0.000000 0.549906
vt 0.000000 0.549893
vt 0.000000 0.549879
vt 0.000000 0.500134
vt 0.000000 0.500121
vt 0.000000 0.500107
vt 0.000000 0.500094
vt 0.000000 0.500080
vt 0.000000 0.500067
vt 0.000000 0.500054
vt 0.000000 0.500040
vt 0.000000 0.500027
vt 0.000000 0.500013
vt 0.000000 0.500000
vt 0.000000 0.499987
vt 0.000000 0.499973
vt 0.000000 0.499960
vt 0.000000 0.499946
vt 0.000000 0.499933
vt 0.000000 0.499920
vt 0.000000 0.499906
vt 0.000000 0.499893
vt 0.000000 0.450147
vt 0.000000 0.450134
vt 0.000000 0.450121
vt 0.000000 0.450107
vt 0.000000 0.450094
vt 0.000000 0.450080
vt 0.000000 0.450067
vt 0.000000 0.450054
vt 0.000000 0.450040
vt 0.000000 0.450027
vt 0.000000 0.450013
vt 0.000000 0.450000
vt 0.000000 0.449987
vt 0.000000 0.449973
vt 0.000000 0.449960
vt 0.000000 0.449946
vt 0.000000 0.449933
vt 0.000000 0.449920
vt 0.000000 0.449906
vt 0.000000 0.400161
vt 0.000000 0.400147
vt 0.000000 0.400134
vt 0.000000 0.400121
vt 0.000000 0.400107
vt 0.000000 0.400094
vt 0.000000 0.400080
vt 0.000000 0.400067
vt 0.000000 0.400054
vt 0.000000 0.400040
vt 0.000000 0.400027
vt 0.000000 0.400013
vt 0.000000 0.400000
vt 0.000000 0.399987
vt 0.000000 0.399973
vt 0.000000 0.399960
vt 0.000000 0.399946
vt 0.000000 0.399933
vt 0.000000 0.399920
vt 0.000000 0.350174
vt 0.000000 0.350161
vt 0.000000 0.350147
vt 0.000000 0.350134
vt 0.000000 0.350121
vt 0.000000 0.350107
vt 0.000000 0.350094
vt 0.000000 0.350080
vt 0.000000 0.350067
vt 0.000000 0.350054
vt 0.000000 0.350040
vt 0.000000 0.350027
vt 0.000000 0.350013
vt 0.000000 0.350000
vt 0.000000 0.349987
vt 0.000000 0.349973
vt 0.000000 0.349960
vt 0.000000 0.349946
vt 0.000000 0.349933
vt 0.000000 0.300187
vt 0.000000 0.300174
vt 0.000000 0.300161
vt 0.000000 0.300147
vt 0.000000 0.300134
vt 0.000000 0.300121
vt 0.000000 0.300107
vt 0.000000 0.300094
vt 0.000000 0.300080
vt 0.000000 0.300067
vt 0.000000 0.300054
vt 0.000000 0.300040
vt 0.000000 0.300027
vt 0.000000 0.300013
vt 0.000000 0.300000
vt 0.000000 0.299987
vt 0.000000 0.299973
vt 0.000000 0.299960
vt 0.000000 0.299946
vt 0.000000 0.250201
vt 0.000000 0.250187
vt 0.000000 0.250174
vt 0.000000 0.250161
vt 0.000000 0.250147
vt 0.000000 0.250134
vt 0.000000 0.250121
vt 0.000000 0.250107
vt 0.000000 0.250094
vt 0.000000 0.250080
vt 0.000000 0.250067
vt 0.000000 0.250054
vt 0.000000 0.250040
vt 0.000000 0.250027
vt 0.000000 0.250013
vt 0.000000 0.250000
vt 0.000000 0.249987
vt 0.000000 0.249973
vt 0.000000 0.249960
vt 0.000000 0.200214
vt 0.000000 0.200201
vt 0.000000 0.200187
vt 0.000000 0.200174
vt 0.000000 0.200161
vt 0.000000 0.200147
vt 0.000000 0.200134
vt 0.000000 0.200121
vt 0.000000 0.200107
vt 0.000000 0.200094
vt 0.000000 0.200080
vt 0.000000 0.200067
vt 0.000000 0.200054
vt 0.000000 0.200040
vt 0.000000 0.200027
vt 0.000000 0.200013
vt 0.000000 0.200000
vt 0.000000 0.199987
vt 0.000000 0.199973
vt 0.000000 0.150228
vt 0.000000 0.150214
vt 0.000000 0.150201
vt 0.000000 0.150187
vt 0.000000 0.150174
vt 0.000000 0.150161
vt 0.000000 0.150147
vt 0.000000 0.150134
vt 0.000000 0.150121
vt 0.000000 0.150107
vt 0.000000 0.150094
vt 0.000000 0.150080
vt 0.000000 0.150067
vt 0.000000 0.150054
vt 0.000000 0.150040
vt 0.000000 0.150027
vt 0.000000 0.150013
vt 0.000000 0.150000
vt 0.000000 0.149987
vt 0.000000 0.100241
vt 0.000000 0.100228
vt 0.000000 0.100214
vt 0.000000 0.100201
vt 0.000000 0.100188
vt 0.000000 0.100174
vt 0.000000 0.100161
vt 0.000000 0.100147
vt 0.000000 0.100134
vt 0.000000 0.100121
vt 0.000000 0.100107
vt 0.000000 0.100094
vt 0.000000 0.100080
vt 0.000000 0.100067
vt 0.000000 0.100054
vt 0.000000 0.100040
vt 0.000000 0.100027
vt 0.000000 0.100013
vt 0.000000 0.100000
vt 0.000000 0.050255
vt 0.000000 0.050241
vt 0.000000 0.050228
vt 0.000000 0.050214
vt 0.000000 0.050201
vt 0.000000 0.050188
vt 0.000000 0.050174
vt 0.000000 0.050161
vt 0.000000 0.050147
vt 0.000000 0.050134
vt 0.000000 0.050121
vt 0.000000 0.050107
vt 0.000000 0.050094
vt 0.000000 0.050080
vt 0.000000 0.050067
vt 0.000000 0.050054
vt 0.000000 0.050040
vt 0.000000 0.050027
vt 0.000000 0.050013
vt 1.000000 0.050000
vt 1.000000 0.000000
vt 1.000000 0.099987
vt 1.000000 0.049987
vt 1.000000 0.149973
vt 1.000000 0.099973
vt 1.000000 0.199960
vt 1.000000 0.149960
vt 1.000000 0.249946
vt 1.000000 0.199946
vt 1.000000 0.299933
vt 1.000000 0.249933
vt 1.000000 0.349920
vt 1.000000 0.299920
vt 1.000000 0.399906
vt 1.000000 0.349906
vt 1.000000 0.449893
vt 1.000000 0.399893
vt 1.000000 0.499879
vt 1.000000 0.449879
vt 1.000000 0.549866
vt 1.000000 0.499866
vt 1.000000 0.599853
vt 1.000000 0.549853
vt 1.000000 0.649839
vt 1.000000 0.599839
vt 1.000000 0.699826
vt 1.000000 0.649826
vt 1.000000 0.749812
vt 1.000000 0.699812
vt 1.000000 0.799799
vt 1.000000 0.749799
vt 1.000000 0.849786
vt 1.000000 0.799786
vt 1.000000 0.899772
vt 1.000000 0.849772
vt 1.000000 0.899759
vt 1.000000 0.050255
vt 1.000000 0.050228
vt 1.000000 0.050214
vt 1.000000 0.050201
vt 1.000000 0.050188
vt 1.000000 0.050174
vt 1.000000 0.050161
vt 1.000000 0.050147
vt 1.000000 0.050134
vt 1.000000 0.050121
vt 1.000000 0.050107
vt 1.000000 0.050094
vt 1.000000 0.050080
vt 1.000000 0.050067
vt 1.000000 0.050054
vt 1.000000 0.050040
vt 1.000000 0.050027
vt 1.000000 0.050013
vt 1.000000 0.100241
vt 1.000000 0.050241
vt 1.000000 0.100228
vt 1.000000 0.100214
vt 1.000000 0.100201
vt 1.000000 0.100188
vt 1.000000 0.100174
vt 1.000000 0.100161
vt 1.000000 0.100147
vt 1.000000 0.100134
vt 1.000000 0.100121
vt 1.000000 0.100107
vt 1.000000 0.100094
vt 1.000000 0.100080
vt 1.000000 0.100067
vt 1.000000 0.100054
vt 1.000000 0.100040
vt 1.000000 0.100027
vt 1.000000 0.100013
vt 1.000000 0.100000
vt 1.000000 0.150228
vt 1.000000 0.150214
vt 1.000000 0.150201
vt 1.000000 0.150188
vt 1.000000 0.150174
vt 1.000000 0.150161
vt 1.000000 0.150147
vt 1.000000 0.150134
vt 1.000000 0.150121
vt 1.000000 0.150107
vt 1.000000 0.150094
vt 1.000000 0.150080
vt 1.000000 0.150067
vt 1.000000 0.150054
vt 1.000000 0.150040
vt 1.000000 0.150027
vt 1.000000 0.150013
vt 1.000000 0.150000
vt 1.000000 0.149987
vt 1.000000 0.200214
vt 1.000000 0.200201
vt 1.000000 0.200188
vt 1.000000 0.200174
vt 1.000000 0.200161
vt 1.000000 0.200147
vt 1.000000 0.200134
vt 1.000000 0.200121
vt 1.000000 0.200107
vt 1.000000 0.200094
vt 1.000000 0.200080
vt 1.000000 0.200067
vt 1.000000 0.200054
vt 1.000000 0.200040
vt 1.000000 0.200027
vt 1.000000 0.200013
vt 1.000000 0.200000
vt 1.000000 0.199987
vt 1.000000 0.199973
vt 1.000000 0.250201
vt 1.000000 0.250188
vt 1.000000 0.250174
vt 1.000000 0.250161
vt 1.000000 0.250147
vt 1.000000 0.250134
vt 1.000000 0.250121
vt 1.000000 0.250107
vt 1.000000 0.250094
vt 1.000000 0.250080
vt 1.000000 0.250067
vt 1.000000 0.250054
vt 1.000000 0.250040
vt 1.000000 0.250027
vt 1.000000 0.250013
vt 1.000000 0.250000
vt 1.000000 0.249987
vt 1.000000 0.249973
vt 1.000000 0.249960
vt 1.000000 0.300188
vt 1.000000 0.300174
vt 1.000000 0.300161
vt 1.000000 0.300147
vt 1.000000 0.300134
vt 1.000000 0.300121
vt 1.000000 0.300107
vt 1.000000 0.300094
vt 1.000000 0.300080
vt 1.000000 0.300067
vt 1.000000 0.300054
vt 1.000000 0.300040
vt 1.000000 0.300027
vt 1.000000 0.300013
vt 1.000000 0.300000
vt 1.000000 0.299987
vt 1.000000 0.299973
vt 1.000000 0.299960
vt 1.000000 0.299946
vt 1.000000 0.350174
vt 1.000000 0.350161
vt 1.000000 0.350147
vt 1.000000 0.350134
vt 1.000000 0.350121
vt 1.000000 0.350107
vt 1.000000 0.350094
vt 1.000000 0.350080
vt 1.000000 0.350067
vt 1.000000 0.350054
vt 1.000000 0.350040
vt 1.000000 0.350027
vt 1.000000 0.350013
vt 1.000000 0.350000
vt 1.000000 0.349987
vt 1.000000 0.349973
vt 1.000000 0.349960
vt 1.000000 0.349946
vt 1.000000 0.349933
vt 1.000000 0.400161
vt 1.000000 0.400147
vt 1.000000 0.400134
vt 1.000000 0.400121
vt 1.000000 0.400107
vt 1.000000 0.400094
vt 1.000000 0.400080
vt 1.000000 0.400067
vt 1.000000 0.400054
vt 1.000000 0.400040
vt 1.000000 0.400027
vt 1.000000 0.400013
vt 1.000000 0.400000
vt 1.000000 0.399987
vt 1.000000 0.399973
vt 1.000000 0.399960
vt 1.000000 0.399946
vt 1.000000 0.399933
vt 1.000000 0.399920
vt 1.000000 0.450147
vt 1.000000 0.450134
vt 1.000000 0.450121
vt 1.000000 0.450107
vt 1.000000 0.450094
vt 1.000000 0.450080
vt 1.000000 0.450067
vt 1.000000 0.450054
vt 1.000000 0.450040
vt 1.000000 0.450027
vt 1.000000 0.450013
vt 1.000000 0.450000
vt 1.000000 0.449987
vt 1.000000 0.449973
vt 1.000000 0.449960
vt 1.000000 0.449946
vt 1.000000 0.449933
vt 1.000000 0.449920
vt 1.000000 0.449906
vt 1.000000 0.500134
vt 1.000000 0.500121
vt 1.000000 0.500107
vt 1.000000 0.500094
vt 1.000000 0.500080
vt 1.000000 0.500067
vt 1.000000 0.500054
vt 1.000000 0.500040
vt 1.000000 0.500027
vt 1.000000 0.500013
vt 1.000000 0.500000
vt 1.000000 0.499987
vt 1.000000 0.499973
vt 1.000000 0.499960
vt 1.000000 0.499946
vt 1.000000 0.499933
vt 1.000000 0.499920
vt 1.000000 0.499906
vt 1.000000 0.499893
vt 1.000000 0.550121
vt 1.000000 0.550107
vt 1.000000 0.550094
vt 1.000000 0.550080
vt 1.000000 0.550067
vt 1.000000 0.550054
vt 1.000000 0.550040
vt 1.000000 0.550027
vt 1.000000 0.550013
vt 1.000000 0.550000
vt 1.000000 0.549987
vt 1.000000 0.549973
vt 1.000000 0.549960
vt 1.000000 0.549946
vt 1.000000 0.549933
vt 1.000000 0.549920
vt 1.000000 0.549906
vt 1.000000 0.549893
vt 1.000000 0.549879
vt 1.000000 0.600107
vt 1.000000 0.600094
vt 1.000000 0.600080
vt 1.000000 0.600067
vt 1.000000 0.600054
vt 1.000000 0.600040
vt 1.000000 0.600027
vt 1.000000 0.600013
vt 1.000000 0.600000
vt 1.000000 0.599987
vt 1.000000 0.599973
vt 1.000000 0.599960
vt 1.000000 0.599946
vt 1.000000 0.599933
vt 1.000000 0.599920
vt 1.000000 0.599906
vt 1.000000 0.599893
vt 1.000000 0.599879
vt 1.000000 0.599866
vt 1.000000 0.650094
vt 1.000000 0.650080
vt 1.000000 0.650067
vt 1.000000 0.650054
vt 1.000000 0.650040
vt 1.000000 0.650027
vt 1.000000 0.650013
vt 1.000000 0.650000
vt 1.000000 0.649987
vt 1.000000 0.649973
vt 1.000000 0.649960
vt 1.000000 0.649946
vt 1.000000 0.649933
vt 1.000000 0.649920
vt 1.000000 0.649906
vt 1.000000 0.649893
vt 1.000000 0.649879
vt 1.000000 0.649866
vt 1.000000 0.649853
vt 1.000000 0.700080
vt 1.000000 0.700067
vt 1.000000 0.700054
vt 1.000000 0.700040
vt 1.000000 0.700027
vt 1.000000 0.700013
vt 1.000000 0.700000
vt 1.000000 0.699987
vt 1.000000 0.699973
vt 1.000000 0.699960
vt 1.000000 0.699946
vt 1.000000 0.699933
vt 1.000000 0.699920
vt 1.000000 0.699906
vt 1.000000 0.699893
vt 1.000000 0.699879
vt 1.000000 0.699866
vt 1.000000 0.699853
vt 1.000000 0.699839
vt 1.000000 0.750067
vt 1.000000 0.750054
vt 1.000000 0.750040
vt 1.000000 0.750027
vt 1.000000 0.750013
vt 1.000000 0.750000
vt 1.000000 0.749987
vt 1.000000 0.749973
vt 1.000000 0.749960
vt 1.000000 0.749946
vt 1.000000 0.749933
vt 1.000000 0.749920
vt 1.000000 0.749906
vt 1.000000 0.749893
vt 1.000000 0.749879
vt 1.000000 0.749866
vt 1.000000 0.749853
vt 1.000000 0.749839
vt 1.000000 0.749826
vt 1.000000 0.800054
vt 1.000000 0.800040
vt 1.000000 0.800027
vt 1.000000 0.800013
vt 1.000000 0.800000
vt 1.000000 0.799987
vt 1.000000 0.799973
vt 1.000000 0.799960
vt 1.000000 0.799946
vt 1.000000 0.799933
vt 1.000000 0.799920
vt 1.000000 0.799906
vt 1.000000 0.799893
vt 1.000000 0.799879
vt 1.000000 0.799866
vt 1.000000 0.799853
vt 1.000000 0.799839
vt 1.000000 0.799826
vt 1.000000 0.799812
vt 1.000000 0.850040
vt 1.000000 0.850027
vt 1.000000 0.850013
vt 1.000000 0.850000
vt 1.000000 0.849987
vt 1.000000 0.849973
vt 1.000000 0.849960
vt 1.000000 0.849946
vt 1.000000 0.849933
vt 1.000000 0.849920
vt 1.000000 0.849906
vt 1.000000 0.849893
vt 1.000000 0.849879
vt 1.000000 0.849866
vt 1.000000 0.849853
vt 1.000000 0.849839
vt 1.000000 0.849826
vt 1.000000 0.849813
vt 1.000000 0.849799
vt 1.000000 0.900027
vt 1.000000 0.900013
vt 1.000000 0.900000
vt 1.000000 0.899987
vt 1.000000 0.899973
vt 1.000000 0.899960
vt 1.000000 0.899946
vt 1.000000 0.899933
vt 1.000000 0.899920
vt 1.000000 0.899906
vt 1.000000 0.899893
vt 1.000000 0.899879
vt 1.000000 0.899866
vt 1.000000 0.899853
vt 1.000000 0.899839
vt 1.000000 0.899826
vt 1.000000 0.899812
vt 1.000000 0.899799
vt 1.000000 0.899786
vt 1.000000 0.950000
vt 1.000000 0.949987
vt 1.000000 0.949973
vt 1.000000 0.949960
vt 1.000000 0.949946
vt 1.000000 0.949933
vt 1.000000 0.949920
vt 1.000000 0.949906
vt 1.000000 0.949893
vt 1.000000 0.949879
vt 1.000000 0.949866
vt 1.000000 0.949853
vt 1.000000 0.949839
vt 1.000000 0.949826
vt 1.000000 0.949813
vt 1.000000 0.949799
vt 1.000000 0.949786
vt 1.000000 0.949772
vt 0.050000 0.949746
vt 0.100000 0.949746
vt 0.200000 0.949746
vt 0.150000 0.949746
vt 0.250000 0.949746
vt 0.300000 0.949746
vt 0.350000 0.949746
vt 0.450000 0.949746
vt 0.400000 0.949746
vt 0.550000 0.949746
vt 0.500000 0.949746
vt 0.600000 0.949746
vt 0.650000 0.949746
vt 0.700000 0.949746
vt 0.750000 0.949746
vt 0.850000 0.949746
vt 0.800000 0.949746
vt 0.900000 0.949746
vt 0.050000 0.049987
vt 0.050000 0.099973
vt 0.050000 0.149960
vt 0.050000 0.199946
vt 0.050000 0.249933
vt 0.050000 0.299920
vt 0.050000 0.349906
vt 0.050000 0.399893
vt 0.050000 0.449879
vt 0.050000 0.499866
vt 0.050000 0.549853
vt 0.050000 0.599839
vt 0.050000 0.649826
vt 0.050000 0.699812
vt 0.050000 0.749799
vt 0.050000 0.799786
vt 0.050000 0.849772
vt 0.050000 0.899759
vt 0.100000 0.049987
vt 0.100000 0.099973
vt 0.100000 0.149960
vt 0.100000 0.199946
vt 0.100000 0.249933
vt 0.100000 0.299920
vt 0.100000 0.349906
vt 0.100000 0.399893
vt 0.100000 0.449879
vt 0.100000 0.499866
vt 0.100000 0.549853
vt 0.100000 0.599839
vt 0.100000 0.649826
vt 0.100000 0.699812
vt 0.100000 0.749799
vt 0.100000 0.799786
vt 0.100000 0.849772
vt 0.100000 0.899759
vt 0.150000 0.049987
vt 0.150000 0.099973
vt 0.150000 0.149960
vt 0.150000 0.199946
vt 0.150000 0.249933
vt 0.150000 0.299920
vt 0.150000 0.349906
vt 0.150000 0.399893
vt 0.150000 0.449879
vt 0.150000 0.499866
vt 0.150000 0.549853
vt 0.150000 0.599839
vt 0.150000 0.649826
vt 0.150000 0.699812
vt 0.150000 0.749799
vt 0.150000 0.799786
vt 0.150000 0.899759
vt 0.200000 0.049987
vt 0.200000 0.099973
vt 0.200000 0.149960
vt 0.200000 0.199946
vt 0.200000 0.249933
vt 0.200000 0.299920
vt 0.200000 0.349906
vt 0.200000 0.399893
vt 0.200000 0.449879
vt 0.200000 0.499866
vt 0.200000 0.549853
vt 0.200000 0.599839
vt 0.200000 0.649826
vt 0.200000 0.699812
vt 0.200000 0.749799
vt 0.200000 0.799786
vt 0.150000 0.849772
vt 0.200000 0.899759
vt 0.250000 0.049987
vt 0.250000 0.099973
vt 0.250000 0.149960
vt 0.250000 0.199946
vt 0.250000 0.249933
vt 0.250000 0.299920
vt 0.250000 0.349906
vt 0.250000 0.399893
vt 0.250000 0.449879
vt 0.250000 0.499866
vt 0.250000 0.549853
vt 0.250000 0.599839
vt 0.250000 0.649826
vt 0.250000 0.749799
vt 0.250000 0.799786
vt 0.200000 0.849772
vt 0.250000 0.899759
vt 0.300000 0.049987
vt 0.300000 0.099973
vt 0.300000 0.149960
vt 0.300000 0.199946
vt 0.300000 0.249933
vt 0.300000 0.299920
vt 0.300000 0.349906
vt 0.300000 0.399893
vt 0.300000 0.449879
vt 0.300000 0.499866
vt 0.300000 0.549853
vt 0.300000 0.599839
vt 0.300000 0.699812
vt 0.250000 0.699812
vt 0.300000 0.749799
vt 0.300000 0.799786
vt 0.250000 0.849772
vt 0.300000 0.899759
vt 0.350000 0.049987
vt 0.350000 0.099973
vt 0.350000 0.149960
vt 0.350000 0.199946
vt 0.350000 0.249933
vt 0.350000 0.299920
vt 0.350000 0.349906
vt 0.350000 0.399893
vt 0.350000 0.449879
vt 0.350000 0.499866
vt 0.350000 0.549853
vt 0.350000 0.649826
vt 0.300000 0.649826
vt 0.350000 0.699812
vt 0.350000 0.749799
vt 0.350000 0.799786
vt 0.350000 0.849772
vt 0.300000 0.849772
vt 0.350000 0.899759
vt 0.400000 0.049987
vt 0.400000 0.099973
vt 0.400000 0.149960
vt 0.400000 0.199946
vt 0.400000 0.249933
vt 0.400000 0.299920
vt 0.400000 0.349906
vt 0.400000 0.399893
vt 0.400000 0.499866
vt 0.400000 0.549853
vt 0.350000 0.599839
vt 0.400000 0.649826
vt 0.400000 0.699812
vt 0.400000 0.799786
vt 0.400000 0.849772
vt 0.400000 0.899759
vt 0.450000 0.049987
vt 0.450000 0.099973
vt 0.450000 0.149960
vt 0.450000 0.249933
vt 0.450000 0.299920
vt 0.450000 0.349906
vt 0.450000 0.449879
vt 0.400000 0.449879
vt 0.450000 0.499866
vt 0.450000 0.549853
vt 0.400000 0.599839
vt 0.450000 0.599839
vt 0.450000 0.699812
vt 0.400000 0.749799
vt 0.450000 0.749799
vt 0.450000 0.799786
vt 0.450000 0.899759
vt 0.500000 0.049987
vt 0.500000 0.099973
vt 0.500000 0.149960
vt 0.500000 0.199946
vt 0.450000 0.199946
vt 0.500000 0.249933
vt 0.500000 0.299920
vt 0.500000 0.349906
vt 0.450000 0.399893
vt 0.500000 0.449879
vt 0.500000 0.499866
vt 0.500000 0.549853
vt 0.500000 0.599839
vt 0.450000 0.649826
vt 0.500000 0.699812
vt 0.500000 0.749799
vt 0.500000 0.849772
vt 0.450000 0.849772
vt 0.550000 0.049987
vt 0.550000 0.099973
vt 0.550000 0.149960
vt 0.550000 0.199946
vt 0.550000 0.249933
vt 0.550000 0.299920
vt 0.550000 0.399893
vt 0.500000 0.399893
vt 0.550000 0.449879
vt 0.550000 0.499866
vt 0.550000 0.549853
vt 0.550000 0.649826
vt 0.500000 0.649826
vt 0.550000 0.699812
vt 0.550000 0.799786
vt 0.500000 0.799786
vt 0.550000 0.899759
vt 0.500000 0.899759
vt 0.600000 0.049987
vt 0.600000 0.099973
vt 0.600000 0.199946
vt 0.600000 0.249933
vt 0.600000 0.299920
vt 0.600000 0.349906
vt 0.550000 0.349906
vt 0.600000 0.449879
vt 0.600000 0.499866
vt 0.600000 0.549853
vt 0.550000 0.599839
vt 0.600000 0.599839
vt 0.600000 0.699812
vt 0.600000 0.749799
vt 0.550000 0.749799
vt 0.600000 0.799786
vt 0.550000 0.849772
vt 0.600000 0.849772
vt 0.650000 0.049987
vt 0.650000 0.099973
vt 0.600000 0.149960
vt 0.650000 0.149960
vt 0.650000 0.199946
vt 0.650000 0.249933
vt 0.650000 0.299920
vt 0.650000 0.349906
vt 0.600000 0.399893
vt 0.650000 0.399893
vt 0.650000 0.499866
vt 0.650000 0.549853
vt 0.650000 0.649826
vt 0.600000 0.649826
vt 0.650000 0.699812
vt 0.650000 0.749799
vt 0.650000 0.849772
vt 0.600000 0.899759
vt 0.650000 0.899759
vt 0.700000 0.049987
vt 0.700000 0.099973
vt 0.700000 0.149960
vt 0.700000 0.199946
vt 0.700000 0.249933
vt 0.700000 0.299920
vt 0.700000 0.349906
vt 0.700000 0.399893
vt 0.650000 0.449879
vt 0.700000 0.449879
vt 0.700000 0.499866
vt 0.700000 0.549853
vt 0.650000 0.599839
vt 0.700000 0.649826
vt 0.700000 0.699812
vt 0.700000 0.749799
vt 0.700000 0.799786
vt 0.650000 0.799786
vt 0.700000 0.849772
vt 0.700000 0.899759
vt 0.750000 0.049987
vt 0.750000 0.099973
vt 0.750000 0.149960
vt 0.750000 0.199946
vt 0.750000 0.249933
vt 0.750000 0.299920
vt 0.750000 0.349906
vt 0.750000 0.399893
vt 0.750000 0.449879
vt 0.750000 0.499866
vt 0.750000 0.549853
vt 0.700000 0.599839
vt 0.750000 0.599839
vt 0.750000 0.699812
vt 0.750000 0.749799
vt 0.750000 0.799786
vt 0.750000 0.849772
vt 0.750000 0.899759
vt 0.800000 0.049987
vt 0.800000 0.099973
vt 0.800000 0.149960
vt 0.800000 0.199946
vt 0.800000 0.249933
vt 0.800000 0.299920
vt 0.800000 0.349906
vt 0.800000 0.399893
vt 0.800000 0.449879
vt 0.800000 0.499866
vt 0.800000 0.549853
vt 0.800000 0.599839
vt 0.750000 0.649826
vt 0.800000 0.649826
vt 0.800000 0.699812
vt 0.800000 0.749799
vt 0.800000 0.849772
vt 0.800000 0.899759
vt 0.850000 0.049987
vt 0.850000 0.099973
vt 0.850000 0.149960
vt 0.850000 0.199946
vt 0.850000 0.249933
vt 0.850000 0.299920
vt 0.850000 0.349906
vt 0.850000 0.399893
vt 0.850000 0.449879
vt 0.850000 0.499866
vt 0.850000 0.549853
vt 0.850000 0.599839
vt 0.850000 0.649826
vt 0.850000 0.699812
vt 0.850000 0.749799
vt 0.800000 0.799786
vt 0.850000 0.799786
vt 0.850000 0.899759
vt 0.900000 0.049987
vt 0.900000 0.099973
vt 0.900000 0.149960
vt 0.900000 0.199946
vt 0.900000 0.249933
vt 0.900000 0.299920
vt 0.900000 0.349906
vt 0.900000 0.399893
vt 0.900000 0.449879
vt 0.900000 0.499866
vt 0.900000 0.549853
vt 0.900000 0.599839
vt 0.900000 0.649826
vt 0.900000 0.699812
vt 0.900000 0.749799
vt 0.900000 0.799786
vt 0.850000 0.849772
vt 0.900000 0.899759
vt 0.950000 0.049987
vt 0.950000 0.099973
vt 0.950000 0.149960
vt 0.950000 0.199946
vt 0.950000 0.249933
vt 0.950000 0.299920
vt 0.950000 0.349906
vt 0.950000 0.399893
vt 0.950000 0.449879
vt 0.950000 0.499866
vt 0.950000 0.549853
vt 0.950000 0.599839
vt 0.950000 0.649826
vt 0.950000 0.699812
vt 0.950000 0.749799
vt 0.950000 0.799786
vt 0.900000 0.849772
vt 0.950000 0.849772
vt 0.950000 0.899759
vt 0.950000 0.050255
vt 0.950000 0.100241
vt 0.950000 0.150228
vt 0.950000 0.200214
vt 0.950000 0.250201
vt 0.950000 0.300188
vt 0.950000 0.350174
vt 0.950000 0.400161
vt 0.950000 0.450147
vt 0.950000 0.500134
vt 0.950000 0.550121
vt 0.950000 0.600107
vt 0.950000 0.650094
vt 0.950000 0.700080
vt 0.950000 0.750067
vt 0.950000 0.800054
vt 0.950000 0.850040
vt 0.950000 0.900027
vt 0.050000 0.050255
vt 0.100000 0.050255
vt 0.150000 0.050255
vt 0.200000 0.050255
vt 0.250000 0.050255
vt 0.300000 0.050255
vt 0.350000 0.050255
vt 0.400000 0.050255
vt 0.450000 0.050255
vt 0.500000 0.050255
vt 0.550000 0.050255
vt 0.600000 0.050255
vt 0.650000 0.050255
vt 0.700000 0.050255
vt 0.750000 0.050255
vt 0.800000 0.050255
vt 0.850000 0.050255
vt 0.900000 0.050255
vt 0.050000 0.100241
vt 0.100000 0.100241
vt 0.150000 0.100241
vt 0.200000 0.100241
vt 0.250000 0.100241
vt 0.300000 0.100241
vt 0.350000 0.100241
vt 0.400000 0.100241
vt 0.450000 0.100241
vt 0.500000 0.100241
vt 0.550000 0.100241
vt 0.600000 0.100241
vt 0.650000 0.100241
vt 0.700000 0.100241
vt 0.750000 0.100241
vt 0.800000 0.100241
vt 0.850000 0.100241
vt 0.900000 0.100241
vt 0.050000 0.150228
vt 0.100000 0.150228
vt 0.150000 0.150228
vt 0.200000 0.150228
vt 0.250000 0.150228
vt 0.300000 0.150228
vt 0.350000 0.150228
vt 0.400000 0.150228
vt 0.450000 0.150228
vt 0.500000 0.150228
vt 0.550000 0.150228
vt 0.600000 0.150228
vt 0.650000 0.150228
vt 0.700000 0.150228
vt 0.750000 0.150228
vt 0.800000 0.150228
vt 0.850000 0.150228
vt 0.900000 0.150228
vt 0.050000 0.200214
vt 0.100000 0.200214
vt 0.150000 0.200214
vt 0.200000 0.200214
vt 0.250000 0.200214
vt 0.300000 0.200214
vt 0.350000 0.200214
vt 0.400000 0.200214
vt 0.450000 0.200214
vt 0.500000 0.200214
vt 0.550000 0.200214
vt 0.600000 0.200214
vt 0.650000 0.200214
vt 0.700000 0.200214
vt 0.750000 0.200214
vt 0.800000 0.200214
vt 0.850000 0.200214
vt 0.900000 0.200214
vt 0.050000 0.250201
vt 0.100000 0.250201
vt 0.150000 0.250201
vt 0.200000 0.250201
vt 0.250000 0.250201
vt 0.300000 0.250201
vt 0.350000 0.250201
vt 0.400000 0.250201
vt 0.450000 0.250201
vt 0.500000 0.250201
vt 0.550000 0.250201
vt 0.600000 0.250201
vt 0.650000 0.250201
vt 0.700000 0.250201
vt 0.750000 0.250201
vt 0.800000 0.250201
vt 0.850000 0.250201
vt 0.900000 0.250201
vt 0.050000 0.300187
vt 0.100000 0.300187
vt 0.150000 0.300187
vt 0.200000 0.300187
vt 0.250000 0.300187
vt 0.300000 0.300187
vt 0.350000 0.300187
vt 0.400000 0.300187
vt 0.450000 0.300187
vt 0.500000 0.300187
vt 0.550000 0.300187
vt 0.600000 0.300187
vt 0.650000 0.300187
vt 0.700000 0.300188
vt 0.750000 0.300188
vt 0.800000 0.300188
vt 0.850000 0.300188
vt 0.900000 0.300188
vt 0.050000 0.350174
vt 0.100000 0.350174
vt 0.150000 0.350174
vt 0.200000 0.350174
vt 0.250000 0.350174
vt 0.300000 0.350174
vt 0.350000 0.350174
vt 0.400000 0.350174
vt 0.450000 0.350174
vt 0.500000 0.350174
vt 0.550000 0.350174
vt 0.600000 0.350174
vt 0.650000 0.350174
vt 0.700000 0.350174
vt 0.750000 0.350174
vt 0.800000 0.350174
vt 0.850000 0.350174
vt 0.900000 0.350174
vt 0.050000 0.400161
vt 0.100000 0.400161
vt 0.150000 0.400161
vt 0.200000 0.400161
vt 0.250000 0.400161
vt 0.300000 0.400161
vt 0.350000 0.400161
vt 0.400000 0.400161
vt 0.450000 0.400161
vt 0.500000 0.400161
vt 0.550000 0.400161
vt 0.600000 0.400161
vt 0.650000 0.400161
vt 0.700000 0.400161
vt 0.750000 0.400161
vt 0.800000 0.400161
vt 0.850000 0.400161
vt 0.900000 0.400161
vt 0.050000 0.450147
vt 0.100000 0.450147
vt 0.150000 0.450147
vt 0.200000 0.450147
vt 0.250000 0.450147
vt 0.300000 0.450147
vt 0.350000 0.450147
vt 0.400000 0.450147
vt 0.450000 0.450147
vt 0.500000 0.450147
vt 0.550000 0.450147
vt 0.600000 0.450147
vt 0.650000 0.450147
vt 0.700000 0.450147
vt 0.750000 0.450147
vt 0.800000 0.450147
vt 0.850000 0.450147
vt 0.900000 0.450147
vt 0.050000 0.500134
vt 0.100000 0.500134
vt 0.150000 0.500134
vt 0.200000 0.500134
vt 0.250000 0.500134
vt 0.300000 0.500134
vt 0.350000 0.500134
vt 0.400000 0.500134
vt 0.450000 0.500134
vt 0.500000 0.500134
vt 0.550000 0.500134
vt 0.600000 0.500134
vt 0.650000 0.500134
vt 0.700000 0.500134
vt 0.750000 0.500134
vt 0.800000 0.500134
vt 0.850000 0.500134
vt 0.900000 0.500134
vt 0.050000 0.550121
vt 0.100000 0.550121
vt 0.150000 0.550121
vt 0.200000 0.550121
vt 0.250000 0.550121
vt 0.300000 0.550121
vt 0.350000 0.550121
vt 0.400000 0.550121
vt 0.450000 0.550121
vt 0.500000 0.550121
vt 0.550000 0.550121
vt 0.600000 0.550121
vt 0.650000 0.550121
vt 0.700000 0.550121
vt 0.750000 0.550121
vt 0.800000 0.550121
vt 0.850000 0.550121
vt 0.900000 0.550121
vt 0.050000 0.600107
vt 0.100000 0.600107
vt 0.150000 0.600107
vt 0.200000 0.600107
vt 0.250000 0.600107
vt 0.300000 0.600107
vt 0.350000 0.600107
vt 0.400000 0.600107
vt 0.450000 0.600107
vt 0.500000 0.600107
vt 0.550000 0.600107
vt 0.600000 0.600107
vt 0.650000 0.600107
vt 0.700000 0.600107
vt 0.750000 0.600107
vt 0.800000 0.600107
vt 0.850000 0.600107
vt 0.900000 0.600107
vt 0.050000 0.650094
vt 0.100000 0.650094
vt 0.150000 0.650094
vt 0.200000 0.650094
vt 0.250000 0.650094
vt 0.300000 0.650094
vt 0.350000 0.650094
vt 0.400000 0.650094
vt 0.450000 0.650094
vt 0.500000 0.650094
vt 0.550000 0.650094
vt 0.600000 0.650094
vt 0.650000 0.650094
vt 0.700000 0.650094
vt 0.750000 0.650094
vt 0.800000 0.650094
vt 0.850000 0.650094
vt 0.900000 0.650094
vt 0.050000 0.700080
vt 0.100000 0.700080
vt 0.150000 0.700080
vt 0.200000 0.700080
vt 0.250000 0.700080
vt 0.300000 0.700080
vt 0.350000 0.700080
vt 0.400000 0.700080
vt 0.450000 0.700080
vt 0.500000 0.700080
vt 0.550000 0.700080
vt 0.600000 0.700080
vt 0.650000 0.700080
vt 0.700000 0.700080
vt 0.750000 0.700080
vt 0.800000 0.700080
vt 0.850000 0.700080
vt 0.900000 0.700080
vt 0.050000 0.750067
vt 0.100000 0.750067
vt 0.150000 0.750067
vt 0.200000 0.750067
vt 0.250000 0.750067
vt 0.300000 0.750067
vt 0.350000 0.750067
vt 0.400000 0.750067
vt 0.450000 0.750067
vt 0.500000 0.750067
vt 0.550000 0.750067
vt 0.600000 0.750067
vt 0.650000 0.750067
vt 0.700000 0.750067
vt 0.750000 0.750067
vt 0.800000 0.750067
vt 0.850000 0.750067
vt 0.900000 0.750067
vt 0.050000 0.800054
vt 0.100000 0.800054
vt 0.150000 0.800054
vt 0.200000 0.800054
vt 0.250000 0.800054
vt 0.300000 0.800054
vt 0.350000 0.800054
vt 0.400000 0.800054
vt 0.450000 0.800054
vt 0.500000 0.800054
vt 0.550000 0.800054
vt 0.600000 0.800054
vt 0.650000 0.800054
vt 0.700000 0.800054
vt 0.750000 0.800054
vt 0.800000 0.800054
vt 0.850000 0.800054
vt 0.900000 0.800054
vt 0.050000 0.850040
vt 0.100000 0.850040
vt 0.150000 0.850040
vt 0.200000 0.850040
vt 0.250000 0.850040
vt 0.300000 0.850040
vt 0.350000 0.850040
vt 0.400000 0.850040
vt 0.450000 0.850040
vt 0.500000 0.850040
vt 0.550000 0.850040
vt 0.600000 0.850040
vt 0.650000 0.850040
vt 0.700000 0.850040
vt 0.750000 0.850040
vt 0.800000 0.850040
vt 0.850000 0.850040
vt 0.900000 0.850040
vt 0.050000 0.900027
vt 0.100000 0.900027
vt 0.150000 0.900027
vt 0.200000 0.900027
vt 0.250000 0.900027
vt 0.300000 0.900027
vt 0.350000 0.900027
vt 0.400000 0.900027
vt 0.450000 0.900027
vt 0.500000 0.900027
vt 0.550000 0.900027
vt 0.600000 0.900027
vt 0.650000 0.900027
vt 0.700000 0.900027
vt 0.750000 0.900027
vt 0.800000 0.900027
vt 0.850000 0.900027
vt 0.900000 0.900027
vt 0.050000 0.950013
vt 0.100000 0.950013
vt 0.150000 0.950013
vt 0.200000 0.950013
vt 0.250000 0.950013
vt 0.300000 0.950013
vt 0.350000 0.950013
vt 0.400000 0.950013
vt 0.450000 0.950013
vt 0.500000 0.950013
vt 0.550000 0.950013
vt 0.600000 0.950013
vt 0.650000 0.950013
vt 0.700000 0.950013
vt 0.750000 0.950013
vt 0.800000 0.950013
vt 0.850000 0.950013
vt 0.900000 0.950013
s 0
usemtl Material.001
f 66/1/1 65/2/1 2402/3/1
f 141/4/2 142/5/2 2041/6/2
f 179/7/3 141/4/3 1680/8/3
f 217/9/4 103/10/4 1319/11/4
f 218/12/5 160/13/5 958/14/5
f 180/15/6 122/16/6 597/17/6
f 255/18/6 6/19/6 217/9/6
f 274/20/6 104/21/6 255/18/6
f 293/22/6 105/23/6 274/20/6
f 312/24/6 106/25/6 293/22/6
f 331/26/6 107/27/6 312/24/6
f 350/28/6 108/29/6 331/26/6
f 369/30/6 109/31/6 350/28/6
f 388/32/6 110/33/6 369/30/6
f 407/34/6 111/35/6 388/32/6
f 426/36/6 112/37/6 407/34/6
f 445/38/6 113/39/6 426/36/6
f 464/40/6 114/41/6 445/38/6
f 483/42/6 115/43/6 464/40/6
f 502/44/6 116/45/6 483/42/6
f 521/46/6 117/47/6 502/44/6
f 540/48/6 118/49/6 521/46/6
f 559/50/6 119/51/6 540/48/6
f 578/52/6 120/53/6 559/50/6
f 597/17/6 121/54/6 578/52/6
f 28/55/6 199/56/6 1/57/6
f 237/58/6 200/59/6 199/56/6
f 238/60/6 201/61/6 200/59/6
f 239/62/6 202/63/6 201/61/6
f 240/64/6 203/65/6 202/63/6
f 241/66/6 204/67/6 203/65/6
f 242/68/6 205/69/6 204/67/6
f 243/70/6 206/71/6 205/69/6
f 244/72/6 207/73/6 206/71/6
f 245/74/6 208/75/6 207/73/6
f 246/76/6 209/77/6 208/75/6
f 247/78/6 210/79/6 209/77/6
f 248/80/6 211/81/6 210/79/6
f 249/82/6 212/83/6 211/81/6
f 250/84/6 213/85/6 212/83/6
f 251/86/6 214/87/6 213/85/6
f 252/88/6 215/89/6 214/87/6
f 253/90/6 216/91/6 215/89/6
f 254/92/6 217/9/6 216/91/6
f 29/93/6 237/58/6 28/55/6
f 256/94/6 238/60/6 237/58/6
f 257/95/6 239/62/6 238/60/6
f 258/96/6 240/64/6 239/62/6
f 259/97/6 241/66/6 240/64/6
f 260/98/6 242/68/6 241/66/6
f 261/99/6 243/70/6 242/68/6
f 262/100/6 244/72/6 243/70/6
f 263/101/6 245/74/6 244/72/6
f 264/102/6 246/76/6 245/74/6
f 265/103/6 247/78/6 246/76/6
f 266/104/6 248/80/6 247/78/6
f 267/105/6 249/82/6 248/80/6
f 268/106/6 250/84/6 249/82/6
f 269/107/6 251/86/6 250/84/6
f 270/108/6 252/88/6 251/86/6
f 271/109/6 253/90/6 252/88/6
f 272/110/6 254/92/6 253/90/6
f 273/111/6 255/18/6 254/92/6
f 30/112/6 256/94/6 29/93/6
f 275/113/6 257/95/6 256/94/6
f 276/114/6 258/96/6 257/95/6
f 277/115/6 259/97/6 258/96/6
f 278/116/6 260/98/6 259/97/6
f 279/117/6 261/99/6 260/98/6
f 280/118/6 262/100/6 261/99/6
f 281/119/6 263/101/6 262/100/6
f 282/120/6 264/102/6 263/101/6
f 283/121/6 265/103/6 264/102/6
f 284/122/6 266/104/6 265/103/6
f 285/123/6 267/105/6 266/104/6
f 286/124/6 268/106/6 267/105/6
f 287/125/6 269/107/6 268/106/6
f 288/126/6 270/108/6 269/107/6
f 289/127/6 271/109/6 270/108/6
f 290/128/6 272/110/6 271/109/6
f 291/129/6 273/111/6 272/110/6
f 292/130/6 274/20/6 273/111/6
f 31/131/6 275/113/6 30/112/6
f 294/132/6 276/114/6 275/113/6
f 295/133/6 277/115/6 276/114/6
f 296/134/6 278/116/6 277/115/6
f 297/135/6 279/117/6 278/116/6
f 298/136/6 280/118/6 279/117/6
f 299/137/6 281/119/6 280/118/6
f 300/138/6 282/120/6 281/119/6
f 301/139/6 283/121/6 282/120/6
f 302/140/6 284/122/6 283/121/6
f 303/141/6 285/123/6 284/122/6
f 304/142/6 286/124/6 285/123/6
f 305/143/6 287/125/6 286/124/6
f 306/144/6 288/126/6 287/125/6
f 307/145/6 289/127/6 288/126/6
f 308/146/6 290/128/6 289/127/6
f 309/147/6 291/129/6 290/128/6
f 310/148/6 292/130/6 291/129/6
f 311/149/6 293/22/6 292/130/6
f 32/150/6 294/132/6 31/131/6
f 313/151/6 295/133/6 294/132/6
f 314/152/6 296/134/6 295/133/6
f 315/153/6 297/135/6 296/134/6
f 316/154/6 298/136/6 297/135/6
f 317/155/6 299/137/6 298/136/6
f 318/156/6 300/138/6 299/137/6
f 319/157/6 301/139/6 300/138/6
f 320/158/6 302/140/6 301/139/6
f 321/159/6 303/141/6 302/140/6
f 322/160/6 304/142/6 303/141/6
f 323/161/6 305/143/6 304/142/6
f 324/162/6 306/144/6 305/143/6
f 325/163/6 307/145/6 306/144/6
f 326/164/6 308/146/6 307/145/6
f 327/165/6 309/147/6 308/146/6
f 328/166/6 310/148/6 309/147/6
f 329/167/6 311/149/6 310/148/6
f 330/168/6 312/24/6 311/149/6
f 33/169/6 313/151/6 32/150/6
f 332/170/6 314/152/6 313/151/6
f 333/171/6 315/153/6 314/152/6
f 334/172/6 316/154/6 315/153/6
f 335/173/6 317/155/6 316/154/6
f 336/174/6 318/156/6 317/155/6
f 337/175/6 319/157/6 318/156/6
f 338/176/6 320/158/6 319/157/6
f 339/177/6 321/159/6 320/158/6
f 340/178/6 322/160/6 321/159/6
f 341/179/6 323/161/6 322/160/6
f 342/180/6 324/162/6 323/161/6
f 343/181/6 325/163/6 324/162/6
f 344/182/6 326/164/6 325/163/6
f 345/183/6 327/165/6 326/164/6
f 346/184/6 328/166/6 327/165/6
f 347/185/6 329/167/6 328/166/6
f 348/186/6 330/168/6 329/167/6
f 349/187/6 331/26/6 330/168/6
f 34/188/6 332/170/6 33/169/6
f 351/189/6 333/171/6 332/170/6
f 352/190/6 334/172/6 333/171/6
f 353/191/6 335/173/6 334/172/6
f 354/192/6 336/174/6 335/173/6
f 355/193/6 337/175/6 336/174/6
f 356/194/6 338/176/6 337/175/6
f 357/195/6 339/177/6 338/176/6
f 358/196/6 340/178/6 339/177/6
f 359/197/6 341/179/6 340/178/6
f 360/198/6 342/180/6 341/179/6
f 361/199/6 343/181/6 342/180/6
f 362/200/6 344/182/6 343/181/6
f 363/201/6 345/183/6 344/182/6
f 364/202/6 346/184/6 345/183/6
f 365/203/6 347/185/6 346/184/6
f 366/204/6 348/186/6 347/185/6
f 367/205/6 349/187/6 348/186/6
f 368/206/6 350/28/6 349/187/6
f 35/207/6 351/189/6 34/188/6
f 370/208/6 352/190/6 351/189/6
f 371/209/6 353/191/6 352/190/6
f 372/210/6 354/192/6 353/191/6
f 373/211/6 355/193/6 354/192/6
f 374/212/6 356/194/6 355/193/6
f 375/213/6 357/195/6 356/194/6
f 376/214/6 358/196/6 357/195/6
f 377/215/6 359/197/6 358/196/6
f 378/216/6 360/198/6 359/197/6
f 379/217/6 361/199/6 360/198/6
f 380/218/6 362/200/6 361/199/6
f 381/219/6 363/201/6 362/200/6
f 382/220/6 364/202/6 363/201/6
f 383/221/6 365/203/6 364/202/6
f 384/222/6 366/204/6 365/203/6
f 385/223/6 367/205/6 366/204/6
f 386/224/6 368/206/6 367/205/6
f 387/225/6 369/30/6 368/206/6
f 36/226/6 370/208/6 35/207/6
f 389/227/6 371/209/6 370/208/6
f 390/228/6 372/210/6 371/209/6
f 391/229/6 373/211/6 372/210/6
f 392/230/6 374/212/6 373/211/6
f 393/231/6 375/213/6 374/212/6
f 394/232/6 376/214/6 375/213/6
f 395/233/6 377/215/6 376/214/6
f 396/234/6 378/216/6 377/215/6
f 397/235/6 379/217/6 378/216/6
f 398/236/6 380/218/6 379/217/6
f 399/237/6 381/219/6 380/218/6
f 400/238/6 382/220/6 381/219/6
f 401/239/6 383/221/6 382/220/6
f 402/240/6 384/222/6 383/221/6
f 403/241/6 385/223/6 384/222/6
f 404/242/6 386/224/6 385/223/6
f 405/243/6 387/225/6 386/224/6
f 406/244/6 388/32/6 387/225/6
f 37/245/6 389/227/6 36/226/6
f 408/246/6 390/228/6 389/227/6
f 409/247/6 391/229/6 390/228/6
f 410/248/6 392/230/6 391/229/6
f 411/249/6 393/231/6 392/230/6
f 412/250/6 394/232/6 393/231/6
f 413/251/6 395/233/6 394/232/6
f 414/252/6 396/234/6 395/233/6
f 415/253/6 397/235/6 396/234/6
f 416/254/6 398/236/6 397/235/6
f 417/255/6 399/237/6 398/236/6
f 418/256/6 400/238/6 399/237/6
f 419/257/6 401/239/6 400/238/6
f 420/258/6 402/240/6 401/239/6
f 421/259/6 403/241/6 402/240/6
f 422/260/6 404/242/6 403/241/6
f 423/261/6 405/243/6 404/242/6
f 424/262/6 406/244/6 405/243/6
f 425/263/6 407/34/6 406/244/6
f 38/264/6 408/246/6 37/245/6
f 427/265/6 409/247/6 408/246/6
f 428/266/6 410/248/6 409/247/6
f 429/267/6 411/249/6 410/248/6
f 430/268/6 412/250/6 411/249/6
f 431/269/6 413/251/6 412/250/6
f 432/270/6 414/252/6 413/251/6
f 433/271/6 415/253/6 414/252/6
f 434/272/6 416/254/6 415/253/6
f 435/273/6 417/255/6 416/254/6
f 436/274/6 418/256/6 417/255/6
f 437/275/6 419/257/6 418/256/6
f 438/276/6 420/258/6 419/257/6
f 439/277/6 421/259/6 420/258/6
f 440/278/6 422/260/6 421/259/6
f 441/279/6 423/261/6 422/260/6
f 442/280/6 424/262/6 423/261/6
f 443/281/6 425/263/6 424/262/6
f 444/282/6 426/36/6 425/263/6
f 39/283/6 427/265/6 38/264/6
f 446/284/6 428/266/6 427/265/6
f 447/285/6 429/267/6 428/266/6
f 448/286/6 430/268/6 429/267/6
f 449/287/6 431/269/6 430/268/6
f 450/288/6 432/270/6 431/269/6
f 451/289/6 433/271/6 432/270/6
f 452/290/6 434/272/6 433/271/6
f 453/291/6 435/273/6 434/272/6
f 454/292/6 436/274/6 435/273/6
f 455/293/6 437/275/6 436/274/6
f 456/294/6 438/276/6 437/275/6
f 457/295/6 439/277/6 438/276/6
f 458/296/6 440/278/6 439/277/6
f 459/297/6 441/279/6 440/278/6
f 460/298/6 442/280/6 441/279/6
f 461/299/6 443/281/6 442/280/6
f 462/300/6 444/282/6 443/281/6
f 463/301/6 445/38/6 444/282/6
f 40/302/6 446/284/6 39/283/6
f 465/303/6 447/285/6 446/284/6
f 466/304/6 448/286/6 447/285/6
f 467/305/6 449/287/6 448/286/6
f 468/306/6 450/288/6 449/287/6
f 469/307/6 451/289/6 450/288/6
f 470/308/6 452/290/6 451/289/6
f 471/309/6 453/291/6 452/290/6
f 472/310/6 454/292/6 453/291/6
f 473/311/6 455/293/6 454/292/6
f 474/312/6 456/294/6 455/293/6
f 475/313/6 457/295/6 456/294/6
f 476/314/6 458/296/6 457/295/6
f 477/315/6 459/297/6 458/296/6
f 478/316/6 460/298/6 459/297/6
f 479/317/6 461/299/6 460/298/6
f 480/318/6 462/300/6 461/299/6
f 481/319/6 463/301/6 462/300/6
f 482/320/6 464/40/6 463/301/6
f 41/321/6 465/303/6 40/302/6
f 484/322/6 466/304/6 465/303/6
f 485/323/6 467/305/6 466/304/6
f 486/324/6 468/306/6 467/305/6
f 487/325/6 469/307/6 468/306/6
f 488/326/6 470/308/6 469/307/6
f 489/327/6 471/309/6 470/308/6
f 490/328/6 472/310/6 471/309/6
f 491/329/6 473/311/6 472/310/6
f 492/330/6 474/312/6 473/311/6
f 493/331/6 475/313/6 474/312/6
f 494/332/6 476/314/6 475/313/6
f 495/333/6 477/315/6 476/314/6
f 496/334/6 478/316/6 477/315/6
f 497/335/6 479/317/6 478/316/6
f 498/336/6 480/318/6 479/317/6
f 499/337/6 481/319/6 480/318/6
f 500/338/6 482/320/6 481/319/6
f 501/339/6 483/42/6 482/320/6
f 42/340/6 484/322/6 41/321/6
f 503/341/6 485/323/6 484/322/6
f 504/342/6 486/324/6 485/323/6
f 505/343/6 487/325/6 486/324/6
f 506/344/6 488/326/6 487/325/6
f 507/345/6 489/327/6 488/326/6
f 508/346/6 490/328/6 489/327/6
f 509/347/6 491/329/6 490/328/6
f 510/348/6 492/330/6 491/329/6
f 511/349/6 493/331/6 492/330/6
f 512/350/6 494/332/6 493/331/6
f 513/351/6 495/333/6 494/332/6
f 514/352/6 496/334/6 495/333/6
f 515/353/6 497/335/6 496/334/6
f 516/354/6 498/336/6 497/335/6
f 517/355/6 499/337/6 498/336/6
f 518/356/6 500/338/6 499/337/6
f 519/357/6 501/339/6 500/338/6
f 520/358/6 502/44/6 501/339/6
f 43/359/6 503/341/6 42/340/6
f 522/360/6 504/342/6 503/341/6
f 523/361/6 505/343/6 504/342/6
f 524/362/6 506/344/6 505/343/6
f 525/363/6 507/345/6 506/344/6
f 526/364/6 508/346/6 507/345/6
f 527/365/6 509/347/6 508/346/6
f 528/366/6 510/348/6 509/347/6
f 529/367/6 511/349/6 510/348/6
f 530/368/6 512/350/6 511/349/6
f 531/369/6 513/351/6 512/350/6
f 532/370/6 514/352/6 513/351/6
f 533/371/6 515/353/6 514/352/6
f 534/372/6 516/354/6 515/353/6
f 535/373/6 517/355/6 516/354/6
f 536/374/6 518/356/6 517/355/6
f 537/375/6 519/357/6 518/356/6
f 538/376/6 520/358/6 519/357/6
f 539/377/6 521/46/6 520/358/6
f 44/378/6 522/360/6 43/359/6
f 541/379/6 523/361/6 522/360/6
f 542/380/6 524/362/6 523/361/6
f 543/381/6 525/363/6 524/362/6
f 544/382/6 526/364/6 525/363/6
f 545/383/6 527/365/6 526/364/6
f 546/384/6 528/366/6 527/365/6
f 547/385/6 529/367/6 528/366/6
f 548/386/6 530/368/6 529/367/6
f 549/387/6 531/369/6 530/368/6
f 550/388/6 532/370/6 531/369/6
f 551/389/6 533/371/6 532/370/6
f 552/390/6 534/372/6 533/371/6
f 553/391/6 535/373/6 534/372/6
f 554/392/6 536/374/6 535/373/6
f 555/393/6 537/375/6 536/374/6
f 556/394/6 538/376/6 537/375/6
f 557/395/6 539/377/6 538/376/6
f 558/396/6 540/48/6 539/377/6
f 45/397/6 541/379/6 44/378/6
f 560/398/6 542/380/6 541/379/6
f 561/399/6 543/381/6 542/380/6
f 562/400/6 544/382/6 543/381/6
f 563/401/6 545/383/6 544/382/6
f 564/402/6 546/384/6 545/383/6
f 565/403/6 547/385/6 546/384/6
f 566/404/6 548/386/6 547/385/6
f 567/405/6 549/387/6 548/386/6
f 568/406/6 550/388/6 549/387/6
f 569/407/6 551/389/6 550/388/6
f 570/408/6 552/390/6 551/389/6
f 571/409/6 553/391/6 552/390/6
f 572/410/6 554/392/6 553/391/6
f 573/411/6 555/393/6 554/392/6
f 574/412/6 556/394/6 555/393/6
f 575/413/6 557/395/6 556/394/6
f 576/414/6 558/396/6 557/395/6
f 577/415/6 559/50/6 558/396/6
f 46/416/6 560/398/6 45/397/6
f 579/417/6 561/399/6 560/398/6
f 580/418/6 562/400/6 561/399/6
f 581/419/6 563/401/6 562/400/6
f 582/420/6 564/402/6 563/401/6
f 583/421/6 565/403/6 564/402/6
f 584/422/6 566/404/6 565/403/6
f 585/423/6 567/405/6 566/404/6
f 586/424/6 568/406/6 567/405/6
f 587/425/6 569/407/6 568/406/6
f 588/426/6 570/408/6 569/407/6
f 589/427/6 571/409/6 570/408/6
f 590/428/6 572/410/6 571/409/6
f 591/429/6 573/411/6 572/410/6
f 592/430/6 574/412/6 573/411/6
f 593/431/6 575/413/6 574/412/6
f 594/432/6 576/414/6 575/413/6
f 595/433/6 577/415/6 576/414/6
f 596/434/6 578/52/6 577/415/6
f 2/435/6 579/417/6 46/416/6
f 198/436/6 580/418/6 579/417/6
f 197/437/6 581/419/6 580/418/6
f 196/438/6 582/420/6 581/419/6
f 195/439/6 583/421/6 582/420/6
f 194/440/6 584/422/6 583/421/6
f 193/441/6 585/423/6 584/422/6
f 192/442/6 586/424/6 585/423/6
f 191/443/6 587/425/6 586/424/6
f 190/444/6 588/426/6 587/425/6
f 189/445/6 589/427/6 588/426/6
f 188/446/6 590/428/6 589/427/6
f 187/447/6 591/429/6 590/428/6
f 186/448/6 592/430/6 591/429/6
f 185/449/6 593/431/6 592/430/6
f 184/450/6 594/432/6 593/431/6
f 183/451/6 595/433/6 594/432/6
f 182/452/6 596/434/6 595/433/6
f 181/453/6 597/17/6 596/434/6
f 616/454/5 8/455/5 179/7/5
f 635/456/5 142/5/5 616/454/5
f 654/457/5 143/458/5 635/456/5
f 673/459/5 144/460/5 654/457/5
f 692/461/5 145/462/5 673/459/5
f 711/463/5 146/464/5 692/461/5
f 730/465/5 147/466/5 711/463/5
f 749/467/5 148/468/5 730/465/5
f 768/469/5 149/470/5 749/467/5
f 787/471/5 150/472/5 768/469/5
f 806/473/5 151/474/5 787/471/5
f 825/475/5 152/476/5 806/473/5
f 844/477/5 153/478/5 825/475/5
f 863/479/5 154/480/5 844/477/5
f 882/481/5 155/482/5 863/479/5
f 901/483/5 156/484/5 882/481/5
f 920/485/5 157/486/5 901/483/5
f 939/487/5 158/488/5 920/485/5
f 958/14/5 159/489/5 939/487/5
f 66/1/5 161/490/5 4/491/5
f 598/492/5 162/493/5 161/490/5
f 599/494/5 163/495/5 162/493/5
f 600/496/5 164/497/5 163/495/5
f 601/498/5 165/499/5 164/497/5
f 602/500/5 166/501/5 165/499/5
f 603/502/5 167/503/5 166/501/5
f 604/504/5 168/505/5 167/503/5
f 605/506/5 169/507/5 168/505/5
f 606/508/5 170/509/5 169/507/5
f 607/510/5 171/511/5 170/509/5
f 608/512/5 172/513/5 171/511/5
f 609/514/5 173/515/5 172/513/5
f 610/516/5 174/517/5 173/515/5
f 611/518/5 175/519/5 174/517/5
f 612/520/5 176/521/5 175/519/5
f 613/522/5 177/523/5 176/521/5
f 614/524/5 178/525/5 177/523/5
f 615/526/5 179/7/5 178/525/5
f 67/527/5 598/492/5 66/1/5
f 617/528/5 599/494/5 598/492/5
f 618/529/5 600/496/5 599/494/5
f 619/530/5 601/498/5 600/496/5
f 620/531/5 602/500/5 601/498/5
f 621/532/5 603/502/5 602/500/5
f 622/533/5 604/504/5 603/502/5
f 623/534/5 605/506/5 604/504/5
f 624/535/5 606/508/5 605/506/5
f 625/536/5 607/510/5 606/508/5
f 626/537/5 608/512/5 607/510/5
f 627/538/5 609/514/5 608/512/5
f 628/539/5 610/516/5 609/514/5
f 629/540/5 611/518/5 610/516/5
f 630/541/5 612/520/5 611/518/5
f 631/542/5 613/522/5 612/520/5
f 632/543/5 614/524/5 613/522/5
f 633/544/5 615/526/5 614/524/5
f 634/545/5 616/454/5 615/526/5
f 68/546/5 617/528/5 67/527/5
f 636/547/5 618/529/5 617/528/5
f 637/548/5 619/530/5 618/529/5
f 638/549/5 620/531/5 619/530/5
f 639/550/5 621/532/5 620/531/5
f 640/551/5 622/533/5 621/532/5
f 641/552/5 623/534/5 622/533/5
f 642/553/5 624/535/5 623/534/5
f 643/554/5 625/536/5 624/535/5
f 644/555/5 626/537/5 625/536/5
f 645/556/5 627/538/5 626/537/5
f 646/557/5 628/539/5 627/538/5
f 647/558/5 629/540/5 628/539/5
f 648/559/5 630/541/5 629/540/5
f 649/560/5 631/542/5 630/541/5
f 650/561/5 632/543/5 631/542/5
f 651/562/5 633/544/5 632/543/5
f 652/563/5 634/545/5 633/544/5
f 653/564/5 635/456/5 634/545/5
f 69/565/5 636/547/5 68/546/5
f 655/566/5 637/548/5 636/547/5
f 656/567/5 638/549/5 637/548/5
f 657/568/5 639/550/5 638/549/5
f 658/569/5 640/551/5 639/550/5
f 659/570/5 641/552/5 640/551/5
f 660/571/5 642/553/5 641/552/5
f 661/572/5 643/554/5 642/553/5
f 662/573/5 644/555/5 643/554/5
f 663/574/5 645/556/5 644/555/5
f 664/575/5 646/557/5 645/556/5
f 665/576/5 647/558/5 646/557/5
f 666/577/5 648/559/5 647/558/5
f 667/578/5 649/560/5 648/559/5
f 668/579/5 650/561/5 649/560/5
f 669/580/5 651/562/5 650/561/5
f 670/581/5 652/563/5 651/562/5
f 671/582/5 653/564/5 652/563/5
f 672/583/5 654/457/5 653/564/5
f 70/584/5 655/566/5 69/565/5
f 674/585/5 656/567/5 655/566/5
f 675/586/5 657/568/5 656/567/5
f 676/587/5 658/569/5 657/568/5
f 677/588/5 659/570/5 658/569/5
f 678/589/5 660/571/5 659/570/5
f 679/590/5 661/572/5 660/571/5
f 680/591/5 662/573/5 661/572/5
f 681/592/5 663/574/5 662/573/5
f 682/593/5 664/575/5 663/574/5
f 683/594/5 665/576/5 664/575/5
f 684/595/5 666/577/5 665/576/5
f 685/596/5 667/578/5 666/577/5
f 686/597/5 668/579/5 667/578/5
f 687/598/5 669/580/5 668/579/5
f 688/599/5 670/581/5 669/580/5
f 689/600/5 671/582/5 670/581/5
f 690/601/5 672/583/5 671/582/5
f 691/602/5 673/459/5 672/583/5
f 71/603/5 674/585/5 70/584/5
f 693/604/5 675/586/5 674/585/5
f 694/605/5 676/587/5 675/586/5
f 695/606/5 677/588/5 676/587/5
f 696/607/5 678/589/5 677/588/5
f 697/608/5 679/590/5 678/589/5
f 698/609/5 680/591/5 679/590/5
f 699/610/5 681/592/5 680/591/5
f 700/611/5 682/593/5 681/592/5
f 701/612/5 683/594/5 682/593/5
f 702/613/5 684/595/5 683/594/5
f 703/614/5 685/596/5 684/595/5
f 704/615/5 686/597/5 685/596/5
f 705/616/5 687/598/5 686/597/5
f 706/617/5 688/599/5 687/598/5
f 707/618/5 689/600/5 688/599/5
f 708/619/5 690/601/5 689/600/5
f 709/620/5 691/602/5 690/601/5
f 710/621/5 692/461/5 691/602/5
f 72/622/5 693/604/5 71/603/5
f 712/623/5 694/605/5 693/604/5
f 713/624/5 695/606/5 694/605/5
f 714/625/5 696/607/5 695/606/5
f 715/626/5 697/608/5 696/607/5
f 716/627/5 698/609/5 697/608/5
f 717/628/5 699/610/5 698/609/5
f 718/629/5 700/611/5 699/610/5
f 719/630/5 701/612/5 700/611/5
f 720/631/5 702/613/5 701/612/5
f 721/632/5 703/614/5 702/613/5
f 722/633/5 704/615/5 703/614/5
f 723/634/5 705/616/5 704/615/5
f 724/635/5 706/617/5 705/616/5
f 725/636/5 707/618/5 706/617/5
f 726/637/5 708/619/5 707/618/5
f 727/638/5 709/620/5 708/619/5
f 728/639/5 710/621/5 709/620/5
f 729/640/5 711/463/5 710/621/5
f 73/641/5 712/623/5 72/622/5
f 731/642/5 713/624/5 712/623/5
f 732/643/5 714/625/5 713/624/5
f 733/644/5 715/626/5 714/625/5
f 734/645/5 716/627/5 715/626/5
f 735/646/5 717/628/5 716/627/5
f 736/647/5 718/629/5 717/628/5
f 737/648/5 719/630/5 718/629/5
f 738/649/5 720/631/5 719/630/5
f 739/650/5 721/632/5 720/631/5
f 740/651/5 722/633/5 721/632/5
f 741/652/5 723/634/5 722/633/5
f 742/653/5 724/635/5 723/634/5
f 743/654/5 725/636/5 724/635/5
f 744/655/5 726/637/5 725/636/5
f 745/656/5 727/638/5 726/637/5
f 746/657/5 728/639/5 727/638/5
f 747/658/5 729/640/5 728/639/5
f 748/659/5 730/465/5 729/640/5
f 74/660/5 731/642/5 73/641/5
f 750/661/5 732/643/5 731/642/5
f 751/662/5 733/644/5 732/643/5
f 752/663/5 734/645/5 733/644/5
f 753/664/5 735/646/5 734/645/5
f 754/665/5 736/647/5 735/646/5
f 755/666/5 737/648/5 736/647/5
f 756/667/5 738/649/5 737/648/5
f 757/668/5 739/650/5 738/649/5
f 758/669/5 740/651/5 739/650/5
f 759/670/5 741/652/5 740/651/5
f 760/671/5 742/653/5 741/652/5
f 761/672/5 743/654/5 742/653/5
f 762/673/5 744/655/5 743/654/5
f 763/674/5 745/656/5 744/655/5
f 764/675/5 746/657/5 745/656/5
f 765/676/5 747/658/5 746/657/5
f 766/677/5 748/659/5 747/658/5
f 767/678/5 749/467/5 748/659/5
f 75/679/5 750/661/5 74/660/5
f 769/680/5 751/662/5 750/661/5
f 770/681/5 752/663/5 751/662/5
f 771/682/5 753/664/5 752/663/5
f 772/683/5 754/665/5 753/664/5
f 773/684/5 755/666/5 754/665/5
f 774/685/5 756/667/5 755/666/5
f 775/686/5 757/668/5 756/667/5
f 776/687/5 758/669/5 757/668/5
f 777/688/5 759/670/5 758/669/5
f 778/689/5 760/671/5 759/670/5
f 779/690/5 761/672/5 760/671/5
f 780/691/5 762/673/5 761/672/5
f 781/692/5 763/674/5 762/673/5
f 782/693/5 764/675/5 763/674/5
f 783/694/5 765/676/5 764/675/5
f 784/695/5 766/677/5 765/676/5
f 785/696/5 767/678/5 766/677/5
f 786/697/5 768/469/5 767/678/5
f 76/698/5 769/680/5 75/679/5
f 788/699/5 770/681/5 769/680/5
f 789/700/5 771/682/5 770/681/5
f 790/701/5 772/683/5 771/682/5
f 791/702/5 773/684/5 772/683/5
f 792/703/5 774/685/5 773/684/5
f 793/704/5 775/686/5 774/685/5
f 794/705/5 776/687/5 775/686/5
f 795/706/5 777/688/5 776/687/5
f 796/707/5 778/689/5 777/688/5
f 797/708/5 779/690/5 778/689/5
f 798/709/5 780/691/5 779/690/5
f 799/710/5 781/692/5 780/691/5
f 800/711/5 782/693/5 781/692/5
f 801/712/5 783/694/5 782/693/5
f 802/713/5 784/695/5 783/694/5
f 803/714/5 785/696/5 784/695/5
f 804/715/5 786/697/5 785/696/5
f 805/716/5 787/471/5 786/697/5
f 77/717/5 788/699/5 76/698/5
f 807/718/5 789/700/5 788/699/5
f 808/719/5 790/701/5 789/700/5
f 809/720/5 791/702/5 790/701/5
f 810/721/5 792/703/5 791/702/5
f 811/722/5 793/704/5 792/703/5
f 812/723/5 794/705/5 793/704/5
f 813/724/5 795/706/5 794/705/5
f 814/725/5 796/707/5 795/706/5
f 815/726/5 797/708/5 796/707/5
f 816/727/5 798/709/5 797/708/5
f 817/728/5 799/710/5 798/709/5
f 818/729/5 800/711/5 799/710/5
f 819/730/5 801/712/5 800/711/5
f 820/731/5 802/713/5 801/712/5
f 821/732/5 803/714/5 802/713/5
f 822/733/5 804/715/5 803/714/5
f 823/734/5 805/716/5 804/715/5
f 824/735/5 806/473/5 805/716/5
f 78/736/5 807/718/5 77/717/5
f 826/737/5 808/719/5 807/718/5
f 827/738/5 809/720/5 808/719/5
f 828/739/5 810/721/5 809/720/5
f 829/740/5 811/722/5 810/721/5
f 830/741/5 812/723/5 811/722/5
f 831/742/5 813/724/5 812/723/5
f 832/743/5 814/725/5 813/724/5
f 833/744/5 815/726/5 814/725/5
f 834/745/5 816/727/5 815/726/5
f 835/746/5 817/728/5 816/727/5
f 836/747/5 818/729/5 817/728/5
f 837/748/5 819/730/5 818/729/5
f 838/749/5 820/731/5 819/730/5
f 839/750/5 821/732/5 820/731/5
f 840/751/5 822/733/5 821/732/5
f 841/752/5 823/734/5 822/733/5
f 842/753/5 824/735/5 823/734/5
f 843/754/5 825/475/5 824/735/5
f 79/755/5 826/737/5 78/736/5
f 845/756/5 827/738/5 826/737/5
f 846/757/5 828/739/5 827/738/5
f 847/758/5 829/740/5 828/739/5
f 848/759/5 830/741/5 829/740/5
f 849/760/5 831/742/5 830/741/5
f 850/761/5 832/743/5 831/742/5
f 851/762/5 833/744/5 832/743/5
f 852/763/5 834/745/5 833/744/5
f 853/764/5 835/746/5 834/745/5
f 854/765/5 836/747/5 835/746/5
f 855/766/5 837/748/5 836/747/5
f 856/767/5 838/749/5 837/748/5
f 857/768/5 839/750/5 838/749/5
f 858/769/5 840/751/5 839/750/5
f 859/770/5 841/752/5 840/751/5
f 860/771/5 842/753/5 841/752/5
f 861/772/5 843/754/5 842/753/5
f 862/773/5 844/477/5 843/754/5
f 80/774/5 845/756/5 79/755/5
f 864/775/5 846/757/5 845/756/5
f 865/776/5 847/758/5 846/757/5
f 866/777/5 848/759/5 847/758/5
f 867/778/5 849/760/5 848/759/5
f 868/779/5 850/761/5 849/760/5
f 869/780/5 851/762/5 850/761/5
f 870/781/5 852/763/5 851/762/5
f 871/782/5 853/764/5 852/763/5
f 872/783/5 854/765/5 853/764/5
f 873/784/5 855/766/5 854/765/5
f 874/785/5 856/767/5 855/766/5
f 875/786/5 857/768/5 856/767/5
f 876/787/5 858/769/5 857/768/5
f 877/788/5 859/770/5 858/769/5
f 878/789/5 860/771/5 859/770/5
f 879/790/5 861/772/5 860/771/5
f 880/791/5 862/773/5 861/772/5
f 881/792/5 863/479/5 862/773/5
f 81/793/5 864/775/5 80/774/5
f 883/794/5 865/776/5 864/775/5
f 884/795/5 866/777/5 865/776/5
f 885/796/5 867/778/5 866/777/5
f 886/797/5 868/779/5 867/778/5
f 887/798/5 869/780/5 868/779/5
f 888/799/5 870/781/5 869/780/5
f 889/800/5 871/782/5 870/781/5
f 890/801/5 872/783/5 871/782/5
f 891/802/5 873/784/5 872/783/5
f 892/803/5 874/785/5 873/784/5
f 893/804/5 875/786/5 874/785/5
f 894/805/5 876/787/5 875/786/5
f 895/806/5 877/788/5 876/787/5
f 896/807/5 878/789/5 877/788/5
f 897/808/5 879/790/5 878/789/5
f 898/809/5 880/791/5 879/790/5
f 899/810/5 881/792/5 880/791/5
f 900/811/5 882/481/5 881/792/5
f 82/812/5 883/794/5 81/793/5
f 902/813/5 884/795/5 883/794/5
f 903/814/5 885/796/5 884/795/5
f 904/815/5 886/797/5 885/796/5
f 905/816/5 887/798/5 886/797/5
f 906/817/5 888/799/5 887/798/5
f 907/818/5 889/800/5 888/799/5
f 908/819/5 890/801/5 889/800/5
f 909/820/5 891/802/5 890/801/5
f 910/821/5 892/803/5 891/802/5
f 911/822/5 893/804/5 892/803/5
f 912/823/5 894/805/5 893/804/5
f 913/824/5 895/806/5 894/805/5
f 914/825/5 896/807/5 895/806/5
f 915/826/5 897/808/5 896/807/5
f 916/827/5 898/809/5 897/808/5
f 917/828/5 899/810/5 898/809/5
f 918/829/5 900/811/5 899/810/5
f 919/830/5 901/483/5 900/811/5
f 83/831/5 902/813/5 82/812/5
f 921/832/5 903/814/5 902/813/5
f 922/833/5 904/815/5 903/814/5
f 923/834/5 905/816/5 904/815/5
f 924/835/5 906/817/5 905/816/5
f 925/836/5 907/818/5 906/817/5
f 926/837/5 908/819/5 907/818/5
f 927/838/5 909/820/5 908/819/5
f 928/839/5 910/821/5 909/820/5
f 929/840/5 911/822/5 910/821/5
f 930/841/5 912/823/5 911/822/5
f 931/842/5 913/824/5 912/823/5
f 932/843/5 914/825/5 913/824/5
f 933/844/5 915/826/5 914/825/5
f 934/845/5 916/827/5 915/826/5
f 935/846/5 917/828/5 916/827/5
f 936/847/5 918/829/5 917/828/5
f 937/848/5 919/830/5 918/829/5
f 938/849/5 920/485/5 919/830/5
f 84/850/5 921/832/5 83/831/5
f 940/851/5 922/833/5 921/832/5
f 941/852/5 923/834/5 922/833/5
f 942/853/5 924/835/5 923/834/5
f 943/854/5 925/836/5 924/835/5
f 944/855/5 926/837/5 925/836/5
f 945/856/5 927/838/5 926/837/5
f 946/857/5 928/839/5 927/838/5
f 947/858/5 929/840/5 928/839/5
f 948/859/5 930/841/5 929/840/5
f 949/860/5 931/842/5 930/841/5
f 950/861/5 932/843/5 931/842/5
f 951/862/5 933/844/5 932/843/5
f 952/863/5 934/845/5 933/844/5
f 953/864/5 935/846/5 934/845/5
f 954/865/5 936/847/5 935/846/5
f 955/866/5 937/848/5 936/847/5
f 956/867/5 938/849/5 937/848/5
f 957/868/5 939/487/5 938/849/5
f 3/869/5 940/851/5 84/850/5
f 236/870/5 941/852/5 940/851/5
f 235/871/5 942/853/5 941/852/5
f 234/872/5 943/854/5 942/853/5
f 233/873/5 944/855/5 943/854/5
f 232/874/5 945/856/5 944/855/5
f 231/875/5 946/857/5 945/856/5
f 230/876/5 947/858/5 946/857/5
f 229/877/5 948/859/5 947/858/5
f 228/878/5 949/860/5 948/859/5
f 227/879/5 950/861/5 949/860/5
f 226/880/5 951/862/5 950/861/5
f 225/881/5 952/863/5 951/862/5
f 224/882/5 953/864/5 952/863/5
f 223/883/5 954/865/5 953/864/5
f 222/884/5 955/866/5 954/865/5
f 221/885/5 956/867/5 955/866/5
f 220/886/5 957/868/5 956/867/5
f 219/887/5 958/14/5 957/868/5
f 977/888/4 5/889/4 218/12/4
f 996/890/4 85/891/4 977/888/4
f 1015/892/4 86/893/4 996/890/4
f 1034/894/4 87/895/4 1015/892/4
f 1053/896/4 88/897/4 1034/894/4
f 1072/898/4 89/899/4 1053/896/4
f 1091/900/4 90/901/4 1072/898/4
f 1110/902/4 91/903/4 1091/900/4
f 1129/904/4 92/905/4 1110/902/4
f 1148/906/4 93/907/4 1129/904/4
f 1167/908/4 94/909/4 1148/906/4
f 1186/910/4 95/911/4 1167/908/4
f 1205/912/4 96/913/4 1186/910/4
f 1224/914/4 97/915/4 1205/912/4
f 1243/916/4 98/917/4 1224/914/4
f 1262/918/4 99/919/4 1243/916/4
f 1281/920/4 100/921/4 1262/918/4
f 1300/922/4 101/923/4 1281/920/4
f 1319/11/4 102/924/4 1300/922/4
f 9/925/4 236/870/4 3/869/4
f 236/870/4 960/926/4 235/871/4
f 960/926/4 234/872/4 235/871/4
f 961/927/4 233/873/4 234/872/4
f 962/928/4 232/874/4 233/873/4
f 963/929/4 231/875/4 232/874/4
f 964/930/4 230/876/4 231/875/4
f 965/931/4 229/877/4 230/876/4
f 966/932/4 228/878/4 229/877/4
f 967/933/4 227/879/4 228/878/4
f 968/934/4 226/880/4 227/879/4
f 969/935/4 225/881/4 226/880/4
f 970/936/4 224/882/4 225/881/4
f 971/937/4 223/883/4 224/882/4
f 972/938/4 222/884/4 223/883/4
f 973/939/4 221/885/4 222/884/4
f 974/940/4 220/886/4 221/885/4
f 975/941/4 219/887/4 220/886/4
f 976/942/4 218/12/4 219/887/4
f 10/943/4 959/944/4 9/925/4
f 978/945/4 960/926/4 959/944/4
f 979/946/4 961/927/4 960/926/4
f 980/947/4 962/928/4 961/927/4
f 981/948/4 963/929/4 962/928/4
f 982/949/4 964/930/4 963/929/4
f 983/950/4 965/931/4 964/930/4
f 984/951/4 966/932/4 965/931/4
f 985/952/4 967/933/4 966/932/4
f 986/953/4 968/934/4 967/933/4
f 987/954/4 969/935/4 968/934/4
f 988/955/4 970/936/4 969/935/4
f 989/956/4 971/937/4 970/936/4
f 990/957/4 972/938/4 971/937/4
f 991/958/4 973/939/4 972/938/4
f 992/959/4 974/940/4 973/939/4
f 993/960/4 975/941/4 974/940/4
f 994/961/4 976/942/4 975/941/4
f 995/962/4 977/888/4 976/942/4
f 11/963/4 978/945/4 10/943/4
f 997/964/4 979/946/4 978/945/4
f 998/965/4 980/947/4 979/946/4
f 999/966/4 981/948/4 980/947/4
f 1000/967/4 982/949/4 981/948/4
f 1001/968/4 983/950/4 982/949/4
f 1002/969/4 984/951/4 983/950/4
f 1003/970/4 985/952/4 984/951/4
f 1004/971/4 986/953/4 985/952/4
f 1005/972/4 987/954/4 986/953/4
f 1006/973/4 988/955/4 987/954/4
f 1007/974/4 989/956/4 988/955/4
f 1008/975/4 990/957/4 989/956/4
f 1009/976/4 991/958/4 990/957/4
f 1010/977/4 992/959/4 991/958/4
f 1011/978/4 993/960/4 992/959/4
f 1012/979/4 994/961/4 993/960/4
f 1013/980/4 995/962/4 994/961/4
f 1014/981/4 996/890/4 995/962/4
f 12/982/4 997/964/4 11/963/4
f 1016/983/4 998/965/4 997/964/4
f 1017/984/4 999/966/4 998/965/4
f 1018/985/4 1000/967/4 999/966/4
f 1019/986/4 1001/968/4 1000/967/4
f 1020/987/4 1002/969/4 1001/968/4
f 1021/988/4 1003/970/4 1002/969/4
f 1022/989/4 1004/971/4 1003/970/4
f 1023/990/4 1005/972/4 1004/971/4
f 1024/991/4 1006/973/4 1005/972/4
f 1025/992/4 1007/974/4 1006/973/4
f 1026/993/4 1008/975/4 1007/974/4
f 1027/994/4 1009/976/4 1008/975/4
f 1028/995/4 1010/977/4 1009/976/4
f 1029/996/4 1011/978/4 1010/977/4
f 1030/997/4 1012/979/4 1011/978/4
f 1031/998/4 1013/980/4 1012/979/4
f 1032/999/4 1014/981/4 1013/980/4
f 1033/1000/4 1015/892/4 1014/981/4
f 13/1001/4 1016/983/4 12/982/4
f 1035/1002/4 1017/984/4 1016/983/4
f 1036/1003/4 1018/985/4 1017/984/4
f 1037/1004/4 1019/986/4 1018/985/4
f 1038/1005/4 1020/987/4 1019/986/4
f 1039/1006/4 1021/988/4 1020/987/4
f 1040/1007/4 1022/989/4 1021/988/4
f 1041/1008/4 1023/990/4 1022/989/4
f 1042/1009/4 1024/991/4 1023/990/4
f 1043/1010/4 1025/992/4 1024/991/4
f 1044/1011/4 1026/993/4 1025/992/4
f 1045/1012/4 1027/994/4 1026/993/4
f 1046/1013/4 1028/995/4 1027/994/4
f 1047/1014/4 1029/996/4 1028/995/4
f 1048/1015/4 1030/997/4 1029/996/4
f 1049/1016/4 1031/998/4 1030/997/4
f 1050/1017/4 1032/999/4 1031/998/4
f 1051/1018/4 1033/1000/4 1032/999/4
f 1052/1019/4 1034/894/4 1033/1000/4
f 14/1020/4 1035/1002/4 13/1001/4
f 1054/1021/4 1036/1003/4 1035/1002/4
f 1055/1022/4 1037/1004/4 1036/1003/4
f 1056/1023/4 1038/1005/4 1037/1004/4
f 1057/1024/4 1039/1006/4 1038/1005/4
f 1058/1025/4 1040/1007/4 1039/1006/4
f 1059/1026/4 1041/1008/4 1040/1007/4
f 1060/1027/4 1042/1009/4 1041/1008/4
f 1061/1028/4 1043/1010/4 1042/1009/4
f 1062/1029/4 1044/1011/4 1043/1010/4
f 1063/1030/4 1045/1012/4 1044/1011/4
f 1064/1031/4 1046/1013/4 1045/1012/4
f 1065/1032/4 1047/1014/4 1046/1013/4
f 1066/1033/4 1048/1015/4 1047/1014/4
f 1067/1034/4 1049/1016/4 1048/1015/4
f 1068/1035/4 1050/1017/4 1049/1016/4
f 1069/1036/4 1051/1018/4 1050/1017/4
f 1070/1037/4 1052/1019/4 1051/1018/4
f 1071/1038/4 1053/896/4 1052/1019/4
f 15/1039/4 1054/1021/4 14/1020/4
f 1073/1040/4 1055/1022/4 1054/1021/4
f 1074/1041/4 1056/1023/4 1055/1022/4
f 1075/1042/4 1057/1024/4 1056/1023/4
f 1076/1043/4 1058/1025/4 1057/1024/4
f 1077/1044/4 1059/1026/4 1058/1025/4
f 1078/1045/4 1060/1027/4 1059/1026/4
f 1079/1046/4 1061/1028/4 1060/1027/4
f 1080/1047/4 1062/1029/4 1061/1028/4
f 1081/1048/4 1063/1030/4 1062/1029/4
f 1082/1049/4 1064/1031/4 1063/1030/4
f 1083/1050/4 1065/1032/4 1064/1031/4
f 1084/1051/4 1066/1033/4 1065/1032/4
f 1085/1052/4 1067/1034/4 1066/1033/4
f 1086/1053/4 1068/1035/4 1067/1034/4
f 1087/1054/4 1069/1036/4 1068/1035/4
f 1088/1055/4 1070/1037/4 1069/1036/4
f 1089/1056/4 1071/1038/4 1070/1037/4
f 1090/1057/4 1072/898/4 1071/1038/4
f 16/1058/4 1073/1040/4 15/1039/4
f 1092/1059/4 1074/1041/4 1073/1040/4
f 1093/1060/4 1075/1042/4 1074/1041/4
f 1094/1061/4 1076/1043/4 1075/1042/4
f 1095/1062/4 1077/1044/4 1076/1043/4
f 1096/1063/4 1078/1045/4 1077/1044/4
f 1097/1064/4 1079/1046/4 1078/1045/4
f 1098/1065/4 1080/1047/4 1079/1046/4
f 1099/1066/4 1081/1048/4 1080/1047/4
f 1100/1067/4 1082/1049/4 1081/1048/4
f 1101/1068/4 1083/1050/4 1082/1049/4
f 1102/1069/4 1084/1051/4 1083/1050/4
f 1103/1070/4 1085/1052/4 1084/1051/4
f 1104/1071/4 1086/1053/4 1085/1052/4
f 1105/1072/4 1087/1054/4 1086/1053/4
f 1106/1073/4 1088/1055/4 1087/1054/4
f 1107/1074/4 1089/1056/4 1088/1055/4
f 1108/1075/4 1090/1057/4 1089/1056/4
f 1109/1076/4 1091/900/4 1090/1057/4
f 17/1077/4 1092/1059/4 16/1058/4
f 1111/1078/4 1093/1060/4 1092/1059/4
f 1112/1079/4 1094/1061/4 1093/1060/4
f 1113/1080/4 1095/1062/4 1094/1061/4
f 1114/1081/4 1096/1063/4 1095/1062/4
f 1115/1082/4 1097/1064/4 1096/1063/4
f 1116/1083/4 1098/1065/4 1097/1064/4
f 1117/1084/4 1099/1066/4 1098/1065/4
f 1118/1085/4 1100/1067/4 1099/1066/4
f 1119/1086/4 1101/1068/4 1100/1067/4
f 1120/1087/4 1102/1069/4 1101/1068/4
f 1121/1088/4 1103/1070/4 1102/1069/4
f 1122/1089/4 1104/1071/4 1103/1070/4
f 1123/1090/4 1105/1072/4 1104/1071/4
f 1124/1091/4 1106/1073/4 1105/1072/4
f 1125/1092/4 1107/1074/4 1106/1073/4
f 1126/1093/4 1108/1075/4 1107/1074/4
f 1127/1094/4 1109/1076/4 1108/1075/4
f 1128/1095/4 1110/902/4 1109/1076/4
f 18/1096/4 1111/1078/4 17/1077/4
f 1130/1097/4 1112/1079/4 1111/1078/4
f 1131/1098/4 1113/1080/4 1112/1079/4
f 1132/1099/4 1114/1081/4 1113/1080/4
f 1133/1100/4 1115/1082/4 1114/1081/4
f 1134/1101/4 1116/1083/4 1115/1082/4
f 1135/1102/4 1117/1084/4 1116/1083/4
f 1136/1103/4 1118/1085/4 1117/1084/4
f 1137/1104/4 1119/1086/4 1118/1085/4
f 1138/1105/4 1120/1087/4 1119/1086/4
f 1139/1106/4 1121/1088/4 1120/1087/4
f 1140/1107/4 1122/1089/4 1121/1088/4
f 1141/1108/4 1123/1090/4 1122/1089/4
f 1142/1109/4 1124/1091/4 1123/1090/4
f 1143/1110/4 1125/1092/4 1124/1091/4
f 1144/1111/4 1126/1093/4 1125/1092/4
f 1145/1112/4 1127/1094/4 1126/1093/4
f 1146/1113/4 1128/1095/4 1127/1094/4
f 1147/1114/4 1129/904/4 1128/1095/4
f 19/1115/4 1130/1097/4 18/1096/4
f 1149/1116/4 1131/1098/4 1130/1097/4
f 1150/1117/4 1132/1099/4 1131/1098/4
f 1151/1118/4 1133/1100/4 1132/1099/4
f 1152/1119/4 1134/1101/4 1133/1100/4
f 1153/1120/4 1135/1102/4 1134/1101/4
f 1154/1121/4 1136/1103/4 1135/1102/4
f 1155/1122/4 1137/1104/4 1136/1103/4
f 1156/1123/4 1138/1105/4 1137/1104/4
f 1157/1124/4 1139/1106/4 1138/1105/4
f 1158/1125/4 1140/1107/4 1139/1106/4
f 1159/1126/4 1141/1108/4 1140/1107/4
f 1160/1127/4 1142/1109/4 1141/1108/4
f 1161/1128/4 1143/1110/4 1142/1109/4
f 1162/1129/4 1144/1111/4 1143/1110/4
f 1163/1130/4 1145/1112/4 1144/1111/4
f 1164/1131/4 1146/1113/4 1145/1112/4
f 1165/1132/4 1147/1114/4 1146/1113/4
f 1166/1133/4 1148/906/4 1147/1114/4
f 20/1134/4 1149/1116/4 19/1115/4
f 1168/1135/4 1150/1117/4 1149/1116/4
f 1169/1136/4 1151/1118/4 1150/1117/4
f 1170/1137/4 1152/1119/4 1151/1118/4
f 1171/1138/4 1153/1120/4 1152/1119/4
f 1172/1139/4 1154/1121/4 1153/1120/4
f 1173/1140/4 1155/1122/4 1154/1121/4
f 1174/1141/4 1156/1123/4 1155/1122/4
f 1175/1142/4 1157/1124/4 1156/1123/4
f 1176/1143/4 1158/1125/4 1157/1124/4
f 1177/1144/4 1159/1126/4 1158/1125/4
f 1178/1145/4 1160/1127/4 1159/1126/4
f 1179/1146/4 1161/1128/4 1160/1127/4
f 1180/1147/4 1162/1129/4 1161/1128/4
f 1181/1148/4 1163/1130/4 1162/1129/4
f 1182/1149/4 1164/1131/4 1163/1130/4
f 1183/1150/4 1165/1132/4 1164/1131/4
f 1184/1151/4 1166/1133/4 1165/1132/4
f 1185/1152/4 1167/908/4 1166/1133/4
f 21/1153/4 1168/1135/4 20/1134/4
f 1187/1154/4 1169/1136/4 1168/1135/4
f 1188/1155/4 1170/1137/4 1169/1136/4
f 1189/1156/4 1171/1138/4 1170/1137/4
f 1190/1157/4 1172/1139/4 1171/1138/4
f 1191/1158/4 1173/1140/4 1172/1139/4
f 1192/1159/4 1174/1141/4 1173/1140/4
f 1193/1160/4 1175/1142/4 1174/1141/4
f 1194/1161/4 1176/1143/4 1175/1142/4
f 1195/1162/4 1177/1144/4 1176/1143/4
f 1196/1163/4 1178/1145/4 1177/1144/4
f 1197/1164/4 1179/1146/4 1178/1145/4
f 1198/1165/4 1180/1147/4 1179/1146/4
f 1199/1166/4 1181/1148/4 1180/1147/4
f 1200/1167/4 1182/1149/4 1181/1148/4
f 1201/1168/4 1183/1150/4 1182/1149/4
f 1202/1169/4 1184/1151/4 1183/1150/4
f 1203/1170/4 1185/1152/4 1184/1151/4
f 1204/1171/4 1186/910/4 1185/1152/4
f 22/1172/4 1187/1154/4 21/1153/4
f 1206/1173/4 1188/1155/4 1187/1154/4
f 1207/1174/4 1189/1156/4 1188/1155/4
f 1208/1175/4 1190/1157/4 1189/1156/4
f 1209/1176/4 1191/1158/4 1190/1157/4
f 1210/1177/4 1192/1159/4 1191/1158/4
f 1211/1178/4 1193/1160/4 1192/1159/4
f 1212/1179/4 1194/1161/4 1193/1160/4
f 1213/1180/4 1195/1162/4 1194/1161/4
f 1214/1181/4 1196/1163/4 1195/1162/4
f 1215/1182/4 1197/1164/4 1196/1163/4
f 1216/1183/4 1198/1165/4 1197/1164/4
f 1217/1184/4 1199/1166/4 1198/1165/4
f 1218/1185/4 1200/1167/4 1199/1166/4
f 1219/1186/4 1201/1168/4 1200/1167/4
f 1220/1187/4 1202/1169/4 1201/1168/4
f 1221/1188/4 1203/1170/4 1202/1169/4
f 1222/1189/4 1204/1171/4 1203/1170/4
f 1223/1190/4 1205/912/4 1204/1171/4
f 23/1191/4 1206/1173/4 22/1172/4
f 1225/1192/4 1207/1174/4 1206/1173/4
f 1226/1193/4 1208/1175/4 1207/1174/4
f 1227/1194/4 1209/1176/4 1208/1175/4
f 1228/1195/4 1210/1177/4 1209/1176/4
f 1229/1196/4 1211/1178/4 1210/1177/4
f 1230/1197/4 1212/1179/4 1211/1178/4
f 1231/1198/4 1213/1180/4 1212/1179/4
f 1232/1199/4 1214/1181/4 1213/1180/4
f 1233/1200/4 1215/1182/4 1214/1181/4
f 1234/1201/4 1216/1183/4 1215/1182/4
f 1235/1202/4 1217/1184/4 1216/1183/4
f 1236/1203/4 1218/1185/4 1217/1184/4
f 1237/1204/4 1219/1186/4 1218/1185/4
f 1238/1205/4 1220/1187/4 1219/1186/4
f 1239/1206/4 1221/1188/4 1220/1187/4
f 1240/1207/4 1222/1189/4 1221/1188/4
f 1241/1208/4 1223/1190/4 1222/1189/4
f 1242/1209/4 1224/914/4 1223/1190/4
f 24/1210/4 1225/1192/4 23/1191/4
f 1244/1211/4 1226/1193/4 1225/1192/4
f 1245/1212/4 1227/1194/4 1226/1193/4
f 1246/1213/4 1228/1195/4 1227/1194/4
f 1247/1214/4 1229/1196/4 1228/1195/4
f 1248/1215/4 1230/1197/4 1229/1196/4
f 1249/1216/4 1231/1198/4 1230/1197/4
f 1250/1217/4 1232/1199/4 1231/1198/4
f 1251/1218/4 1233/1200/4 1232/1199/4
f 1252/1219/4 1234/1201/4 1233/1200/4
f 1253/1220/4 1235/1202/4 1234/1201/4
f 1254/1221/4 1236/1203/4 1235/1202/4
f 1255/1222/4 1237/1204/4 1236/1203/4
f 1256/1223/4 1238/1205/4 1237/1204/4
f 1257/1224/4 1239/1206/4 1238/1205/4
f 1258/1225/4 1240/1207/4 1239/1206/4
f 1259/1226/4 1241/1208/4 1240/1207/4
f 1260/1227/4 1242/1209/4 1241/1208/4
f 1261/1228/4 1243/916/4 1242/1209/4
f 25/1229/4 1244/1211/4 24/1210/4
f 1263/1230/4 1245/1212/4 1244/1211/4
f 1264/1231/4 1246/1213/4 1245/1212/4
f 1265/1232/4 1247/1214/4 1246/1213/4
f 1266/1233/4 1248/1215/4 1247/1214/4
f 1267/1234/4 1249/1216/4 1248/1215/4
f 1268/1235/4 1250/1217/4 1249/1216/4
f 1269/1236/4 1251/1218/4 1250/1217/4
f 1270/1237/4 1252/1219/4 1251/1218/4
f 1271/1238/4 1253/1220/4 1252/1219/4
f 1272/1239/4 1254/1221/4 1253/1220/4
f 1273/1240/4 1255/1222/4 1254/1221/4
f 1274/1241/4 1256/1223/4 1255/1222/4
f 1275/1242/4 1257/1224/4 1256/1223/4
f 1276/1243/4 1258/1225/4 1257/1224/4
f 1277/1244/4 1259/1226/4 1258/1225/4
f 1278/1245/4 1260/1227/4 1259/1226/4
f 1279/1246/4 1261/1228/4 1260/1227/4
f 1280/1247/4 1262/918/4 1261/1228/4
f 26/1248/4 1263/1230/4 25/1229/4
f 1282/1249/4 1264/1231/4 1263/1230/4
f 1283/1250/4 1265/1232/4 1264/1231/4
f 1284/1251/4 1266/1233/4 1265/1232/4
f 1285/1252/4 1267/1234/4 1266/1233/4
f 1286/1253/4 1268/1235/4 1267/1234/4
f 1287/1254/4 1269/1236/4 1268/1235/4
f 1288/1255/4 1270/1237/4 1269/1236/4
f 1289/1256/4 1271/1238/4 1270/1237/4
f 1290/1257/4 1272/1239/4 1271/1238/4
f 1291/1258/4 1273/1240/4 1272/1239/4
f 1292/1259/4 1274/1241/4 1273/1240/4
f 1293/1260/4 1275/1242/4 1274/1241/4
f 1294/1261/4 1276/1243/4 1275/1242/4
f 1295/1262/4 1277/1244/4 1276/1243/4
f 1296/1263/4 1278/1245/4 1277/1244/4
f 1297/1264/4 1279/1246/4 1278/1245/4
f 1298/1265/4 1280/1247/4 1279/1246/4
f 1299/1266/4 1281/920/4 1280/1247/4
f 27/1267/4 1282/1249/4 26/1248/4
f 1301/1268/4 1283/1250/4 1282/1249/4
f 1302/1269/4 1284/1251/4 1283/1250/4
f 1303/1270/4 1285/1252/4 1284/1251/4
f 1304/1271/4 1286/1253/4 1285/1252/4
f 1305/1272/4 1287/1254/4 1286/1253/4
f 1306/1273/4 1288/1255/4 1287/1254/4
f 1307/1274/4 1289/1256/4 1288/1255/4
f 1308/1275/4 1290/1257/4 1289/1256/4
f 1309/1276/4 1291/1258/4 1290/1257/4
f 1310/1277/4 1292/1259/4 1291/1258/4
f 1311/1278/4 1293/1260/4 1292/1259/4
f 1312/1279/4 1294/1261/4 1293/1260/4
f 1313/1280/4 1295/1262/4 1294/1261/4
f 1314/1281/4 1296/1263/4 1295/1262/4
f 1315/1282/4 1297/1264/4 1296/1263/4
f 1316/1283/4 1298/1265/4 1297/1264/4
f 1317/1284/4 1299/1266/4 1298/1265/4
f 1318/1285/4 1300/922/4 1299/1266/4
f 1/57/4 1301/1268/4 27/1267/4
f 199/56/4 1302/1269/4 1301/1268/4
f 200/59/4 1303/1270/4 1302/1269/4
f 201/61/4 1304/1271/4 1303/1270/4
f 202/63/4 1305/1272/4 1304/1271/4
f 203/65/4 1306/1273/4 1305/1272/4
f 204/67/4 1307/1274/4 1306/1273/4
f 205/69/4 1308/1275/4 1307/1274/4
f 206/71/4 1309/1276/4 1308/1275/4
f 207/73/4 1310/1277/4 1309/1276/4
f 208/75/4 1311/1278/4 1310/1277/4
f 209/77/4 1312/1279/4 1311/1278/4
f 210/79/4 1313/1280/4 1312/1279/4
f 211/81/4 1314/1281/4 1313/1280/4
f 212/83/4 1315/1282/4 1314/1281/4
f 213/85/4 1316/1283/4 1315/1282/4
f 214/87/4 1317/1284/4 1316/1283/4
f 215/89/4 1318/1285/4 1317/1284/4
f 216/91/4 1319/11/4 1318/1285/4
f 1338/1286/3 7/1287/3 180/15/3
f 1357/1288/3 123/1289/3 1338/1286/3
f 1376/1290/3 124/1291/3 1357/1288/3
f 1395/1292/3 125/1293/3 1376/1290/3
f 1414/1294/3 126/1295/3 1395/1292/3
f 1433/1296/3 127/1297/3 1414/1294/3
f 1452/1298/3 128/1299/3 1433/1296/3
f 1471/1300/3 129/1301/3 1452/1298/3
f 1490/1302/3 130/1303/3 1471/1300/3
f 1509/1304/3 131/1305/3 1490/1302/3
f 1528/1306/3 132/1307/3 1509/1304/3
f 1547/1308/3 133/1309/3 1528/1306/3
f 1566/1310/3 134/1311/3 1547/1308/3
f 1585/1312/3 135/1313/3 1566/1310/3
f 1604/1314/3 136/1315/3 1585/1312/3
f 1623/1316/3 137/1317/3 1604/1314/3
f 1642/1318/3 138/1319/3 1623/1316/3
f 1661/1320/3 139/1321/3 1642/1318/3
f 1680/8/3 140/1322/3 1661/1320/3
f 47/1323/3 198/436/3 2/435/3
f 198/436/3 1321/1324/3 197/437/3
f 1321/1324/3 196/438/3 197/437/3
f 1322/1325/3 195/439/3 196/438/3
f 1323/1326/3 194/440/3 195/439/3
f 1324/1327/3 193/441/3 194/440/3
f 1325/1328/3 192/442/3 193/441/3
f 1326/1329/3 191/443/3 192/442/3
f 1327/1330/3 190/444/3 191/443/3
f 1328/1331/3 189/445/3 190/444/3
f 1329/1332/3 188/446/3 189/445/3
f 1330/1333/3 187/447/3 188/446/3
f 1331/1334/3 186/448/3 187/447/3
f 1332/1335/3 185/449/3 186/448/3
f 1333/1336/3 184/450/3 185/449/3
f 1334/1337/3 183/451/3 184/450/3
f 1335/1338/3 182/452/3 183/451/3
f 1336/1339/3 181/453/3 182/452/3
f 1337/1340/3 180/15/3 181/453/3
f 48/1341/3 1320/1342/3 47/1323/3
f 1339/1343/3 1321/1324/3 1320/1342/3
f 1340/1344/3 1322/1325/3 1321/1324/3
f 1341/1345/3 1323/1326/3 1322/1325/3
f 1342/1346/3 1324/1327/3 1323/1326/3
f 1343/1347/3 1325/1328/3 1324/1327/3
f 1344/1348/3 1326/1329/3 1325/1328/3
f 1345/1349/3 1327/1330/3 1326/1329/3
f 1346/1350/3 1328/1331/3 1327/1330/3
f 1347/1351/3 1329/1332/3 1328/1331/3
f 1348/1352/3 1330/1333/3 1329/1332/3
f 1349/1353/3 1331/1334/3 1330/1333/3
f 1350/1354/3 1332/1335/3 1331/1334/3
f 1351/1355/3 1333/1336/3 1332/1335/3
f 1352/1356/3 1334/1337/3 1333/1336/3
f 1353/1357/3 1335/1338/3 1334/1337/3
f 1354/1358/3 1336/1339/3 1335/1338/3
f 1355/1359/3 1337/1340/3 1336/1339/3
f 1356/1360/3 1338/1286/3 1337/1340/3
f 49/1361/3 1339/1343/3 48/1341/3
f 1358/1362/3 1340/1344/3 1339/1343/3
f 1359/1363/3 1341/1345/3 1340/1344/3
f 1360/1364/3 1342/1346/3 1341/1345/3
f 1361/1365/3 1343/1347/3 1342/1346/3
f 1362/1366/3 1344/1348/3 1343/1347/3
f 1363/1367/3 1345/1349/3 1344/1348/3
f 1364/1368/3 1346/1350/3 1345/1349/3
f 1365/1369/3 1347/1351/3 1346/1350/3
f 1366/1370/3 1348/1352/3 1347/1351/3
f 1367/1371/3 1349/1353/3 1348/1352/3
f 1368/1372/3 1350/1354/3 1349/1353/3
f 1369/1373/3 1351/1355/3 1350/1354/3
f 1370/1374/3 1352/1356/3 1351/1355/3
f 1371/1375/3 1353/1357/3 1352/1356/3
f 1372/1376/3 1354/1358/3 1353/1357/3
f 1373/1377/3 1355/1359/3 1354/1358/3
f 1374/1378/3 1356/1360/3 1355/1359/3
f 1375/1379/3 1357/1288/3 1356/1360/3
f 50/1380/3 1358/1362/3 49/1361/3
f 1377/1381/3 1359/1363/3 1358/1362/3
f 1378/1382/3 1360/1364/3 1359/1363/3
f 1379/1383/3 1361/1365/3 1360/1364/3
f 1380/1384/3 1362/1366/3 1361/1365/3
f 1381/1385/3 1363/1367/3 1362/1366/3
f 1382/1386/3 1364/1368/3 1363/1367/3
f 1383/1387/3 1365/1369/3 1364/1368/3
f 1384/1388/3 1366/1370/3 1365/1369/3
f 1385/1389/3 1367/1371/3 1366/1370/3
f 1386/1390/3 1368/1372/3 1367/1371/3
f 1387/1391/3 1369/1373/3 1368/1372/3
f 1388/1392/3 1370/1374/3 1369/1373/3
f 1389/1393/3 1371/1375/3 1370/1374/3
f 1390/1394/3 1372/1376/3 1371/1375/3
f 1391/1395/3 1373/1377/3 1372/1376/3
f 1392/1396/3 1374/1378/3 1373/1377/3
f 1393/1397/3 1375/1379/3 1374/1378/3
f 1394/1398/3 1376/1290/3 1375/1379/3
f 51/1399/3 1377/1381/3 50/1380/3
f 1396/1400/3 1378/1382/3 1377/1381/3
f 1397/1401/3 1379/1383/3 1378/1382/3
f 1398/1402/3 1380/1384/3 1379/1383/3
f 1399/1403/3 1381/1385/3 1380/1384/3
f 1400/1404/3 1382/1386/3 1381/1385/3
f 1401/1405/3 1383/1387/3 1382/1386/3
f 1402/1406/3 1384/1388/3 1383/1387/3
f 1403/1407/3 1385/1389/3 1384/1388/3
f 1404/1408/3 1386/1390/3 1385/1389/3
f 1405/1409/3 1387/1391/3 1386/1390/3
f 1406/1410/3 1388/1392/3 1387/1391/3
f 1407/1411/3 1389/1393/3 1388/1392/3
f 1408/1412/3 1390/1394/3 1389/1393/3
f 1409/1413/3 1391/1395/3 1390/1394/3
f 1410/1414/3 1392/1396/3 1391/1395/3
f 1411/1415/3 1393/1397/3 1392/1396/3
f 1412/1416/3 1394/1398/3 1393/1397/3
f 1413/1417/3 1395/1292/3 1394/1398/3
f 52/1418/3 1396/1400/3 51/1399/3
f 1415/1419/3 1397/1401/3 1396/1400/3
f 1416/1420/3 1398/1402/3 1397/1401/3
f 1417/1421/3 1399/1403/3 1398/1402/3
f 1418/1422/3 1400/1404/3 1399/1403/3
f 1419/1423/3 1401/1405/3 1400/1404/3
f 1420/1424/3 1402/1406/3 1401/1405/3
f 1421/1425/3 1403/1407/3 1402/1406/3
f 1422/1426/3 1404/1408/3 1403/1407/3
f 1423/1427/3 1405/1409/3 1404/1408/3
f 1424/1428/3 1406/1410/3 1405/1409/3
f 1425/1429/3 1407/1411/3 1406/1410/3
f 1426/1430/3 1408/1412/3 1407/1411/3
f 1427/1431/3 1409/1413/3 1408/1412/3
f 1428/1432/3 1410/1414/3 1409/1413/3
f 1429/1433/3 1411/1415/3 1410/1414/3
f 1430/1434/3 1412/1416/3 1411/1415/3
f 1431/1435/3 1413/1417/3 1412/1416/3
f 1432/1436/3 1414/1294/3 1413/1417/3
f 53/1437/3 1415/1419/3 52/1418/3
f 1434/1438/3 1416/1420/3 1415/1419/3
f 1435/1439/3 1417/1421/3 1416/1420/3
f 1436/1440/3 1418/1422/3 1417/1421/3
f 1437/1441/3 1419/1423/3 1418/1422/3
f 1438/1442/3 1420/1424/3 1419/1423/3
f 1439/1443/3 1421/1425/3 1420/1424/3
f 1440/1444/3 1422/1426/3 1421/1425/3
f 1441/1445/3 1423/1427/3 1422/1426/3
f 1442/1446/3 1424/1428/3 1423/1427/3
f 1443/1447/3 1425/1429/3 1424/1428/3
f 1444/1448/3 1426/1430/3 1425/1429/3
f 1445/1449/3 1427/1431/3 1426/1430/3
f 1446/1450/3 1428/1432/3 1427/1431/3
f 1447/1451/3 1429/1433/3 1428/1432/3
f 1448/1452/3 1430/1434/3 1429/1433/3
f 1449/1453/3 1431/1435/3 1430/1434/3
f 1450/1454/3 1432/1436/3 1431/1435/3
f 1451/1455/3 1433/1296/3 1432/1436/3
f 54/1456/3 1434/1438/3 53/1437/3
f 1453/1457/3 1435/1439/3 1434/1438/3
f 1454/1458/3 1436/1440/3 1435/1439/3
f 1455/1459/3 1437/1441/3 1436/1440/3
f 1456/1460/3 1438/1442/3 1437/1441/3
f 1457/1461/3 1439/1443/3 1438/1442/3
f 1458/1462/3 1440/1444/3 1439/1443/3
f 1459/1463/3 1441/1445/3 1440/1444/3
f 1460/1464/3 1442/1446/3 1441/1445/3
f 1461/1465/3 1443/1447/3 1442/1446/3
f 1462/1466/3 1444/1448/3 1443/1447/3
f 1463/1467/3 1445/1449/3 1444/1448/3
f 1464/1468/3 1446/1450/3 1445/1449/3
f 1465/1469/3 1447/1451/3 1446/1450/3
f 1466/1470/3 1448/1452/3 1447/1451/3
f 1467/1471/3 1449/1453/3 1448/1452/3
f 1468/1472/3 1450/1454/3 1449/1453/3
f 1469/1473/3 1451/1455/3 1450/1454/3
f 1470/1474/3 1452/1298/3 1451/1455/3
f 55/1475/3 1453/1457/3 54/1456/3
f 1472/1476/3 1454/1458/3 1453/1457/3
f 1473/1477/3 1455/1459/3 1454/1458/3
f 1474/1478/3 1456/1460/3 1455/1459/3
f 1475/1479/3 1457/1461/3 1456/1460/3
f 1476/1480/3 1458/1462/3 1457/1461/3
f 1477/1481/3 1459/1463/3 1458/1462/3
f 1478/1482/3 1460/1464/3 1459/1463/3
f 1479/1483/3 1461/1465/3 1460/1464/3
f 1480/1484/3 1462/1466/3 1461/1465/3
f 1481/1485/3 1463/1467/3 1462/1466/3
f 1482/1486/3 1464/1468/3 1463/1467/3
f 1483/1487/3 1465/1469/3 1464/1468/3
f 1484/1488/3 1466/1470/3 1465/1469/3
f 1485/1489/3 1467/1471/3 1466/1470/3
f 1486/1490/3 1468/1472/3 1467/1471/3
f 1487/1491/3 1469/1473/3 1468/1472/3
f 1488/1492/3 1470/1474/3 1469/1473/3
f 1489/1493/3 1471/1300/3 1470/1474/3
f 56/1494/3 1472/1476/3 55/1475/3
f 1491/1495/3 1473/1477/3 1472/1476/3
f 1492/1496/3 1474/1478/3 1473/1477/3
f 1493/1497/3 1475/1479/3 1474/1478/3
f 1494/1498/3 1476/1480/3 1475/1479/3
f 1495/1499/3 1477/1481/3 1476/1480/3
f 1496/1500/3 1478/1482/3 1477/1481/3
f 1497/1501/3 1479/1483/3 1478/1482/3
f 1498/1502/3 1480/1484/3 1479/1483/3
f 1499/1503/3 1481/1485/3 1480/1484/3
f 1500/1504/3 1482/1486/3 1481/1485/3
f 1501/1505/3 1483/1487/3 1482/1486/3
f 1502/1506/3 1484/1488/3 1483/1487/3
f 1503/1507/3 1485/1489/3 1484/1488/3
f 1504/1508/3 1486/1490/3 1485/1489/3
f 1505/1509/3 1487/1491/3 1486/1490/3
f 1506/1510/3 1488/1492/3 1487/1491/3
f 1507/1511/3 1489/1493/3 1488/1492/3
f 1508/1512/3 1490/1302/3 1489/1493/3
f 57/1513/3 1491/1495/3 56/1494/3
f 1510/1514/3 1492/1496/3 1491/1495/3
f 1511/1515/3 1493/1497/3 1492/1496/3
f 1512/1516/3 1494/1498/3 1493/1497/3
f 1513/1517/3 1495/1499/3 1494/1498/3
f 1514/1518/3 1496/1500/3 1495/1499/3
f 1515/1519/3 1497/1501/3 1496/1500/3
f 1516/1520/3 1498/1502/3 1497/1501/3
f 1517/1521/3 1499/1503/3 1498/1502/3
f 1518/1522/3 1500/1504/3 1499/1503/3
f 1519/1523/3 1501/1505/3 1500/1504/3
f 1520/1524/3 1502/1506/3 1501/1505/3
f 1521/1525/3 1503/1507/3 1502/1506/3
f 1522/1526/3 1504/1508/3 1503/1507/3
f 1523/1527/3 1505/1509/3 1504/1508/3
f 1524/1528/3 1506/1510/3 1505/1509/3
f 1525/1529/3 1507/1511/3 1506/1510/3
f 1526/1530/3 1508/1512/3 1507/1511/3
f 1527/1531/3 1509/1304/3 1508/1512/3
f 58/1532/3 1510/1514/3 57/1513/3
f 1529/1533/3 1511/1515/3 1510/1514/3
f 1530/1534/3 1512/1516/3 1511/1515/3
f 1531/1535/3 1513/1517/3 1512/1516/3
f 1532/1536/3 1514/1518/3 1513/1517/3
f 1533/1537/3 1515/1519/3 1514/1518/3
f 1534/1538/3 1516/1520/3 1515/1519/3
f 1535/1539/3 1517/1521/3 1516/1520/3
f 1536/1540/3 1518/1522/3 1517/1521/3
f 1537/1541/3 1519/1523/3 1518/1522/3
f 1538/1542/3 1520/1524/3 1519/1523/3
f 1539/1543/3 1521/1525/3 1520/1524/3
f 1540/1544/3 1522/1526/3 1521/1525/3
f 1541/1545/3 1523/1527/3 1522/1526/3
f 1542/1546/3 1524/1528/3 1523/1527/3
f 1543/1547/3 1525/1529/3 1524/1528/3
f 1544/1548/3 1526/1530/3 1525/1529/3
f 1545/1549/3 1527/1531/3 1526/1530/3
f 1546/1550/3 1528/1306/3 1527/1531/3
f 59/1551/3 1529/1533/3 58/1532/3
f 1548/1552/3 1530/1534/3 1529/1533/3
f 1549/1553/3 1531/1535/3 1530/1534/3
f 1550/1554/3 1532/1536/3 1531/1535/3
f 1551/1555/3 1533/1537/3 1532/1536/3
f 1552/1556/3 1534/1538/3 1533/1537/3
f 1553/1557/3 1535/1539/3 1534/1538/3
f 1554/1558/3 1536/1540/3 1535/1539/3
f 1555/1559/3 1537/1541/3 1536/1540/3
f 1556/1560/3 1538/1542/3 1537/1541/3
f 1557/1561/3 1539/1543/3 1538/1542/3
f 1558/1562/3 1540/1544/3 1539/1543/3
f 1559/1563/3 1541/1545/3 1540/1544/3
f 1560/1564/3 1542/1546/3 1541/1545/3
f 1561/1565/3 1543/1547/3 1542/1546/3
f 1562/1566/3 1544/1548/3 1543/1547/3
f 1563/1567/3 1545/1549/3 1544/1548/3
f 1564/1568/3 1546/1550/3 1545/1549/3
f 1565/1569/3 1547/1308/3 1546/1550/3
f 60/1570/3 1548/1552/3 59/1551/3
f 1567/1571/3 1549/1553/3 1548/1552/3
f 1568/1572/3 1550/1554/3 1549/1553/3
f 1569/1573/3 1551/1555/3 1550/1554/3
f 1570/1574/3 1552/1556/3 1551/1555/3
f 1571/1575/3 1553/1557/3 1552/1556/3
f 1572/1576/3 1554/1558/3 1553/1557/3
f 1573/1577/3 1555/1559/3 1554/1558/3
f 1574/1578/3 1556/1560/3 1555/1559/3
f 1575/1579/3 1557/1561/3 1556/1560/3
f 1576/1580/3 1558/1562/3 1557/1561/3
f 1577/1581/3 1559/1563/3 1558/1562/3
f 1578/1582/3 1560/1564/3 1559/1563/3
f 1579/1583/3 1561/1565/3 1560/1564/3
f 1580/1584/3 1562/1566/3 1561/1565/3
f 1581/1585/3 1563/1567/3 1562/1566/3
f 1582/1586/3 1564/1568/3 1563/1567/3
f 1583/1587/3 1565/1569/3 1564/1568/3
f 1584/1588/3 1566/1310/3 1565/1569/3
f 61/1589/3 1567/1571/3 60/1570/3
f 1586/1590/3 1568/1572/3 1567/1571/3
f 1587/1591/3 1569/1573/3 1568/1572/3
f 1588/1592/3 1570/1574/3 1569/1573/3
f 1589/1593/3 1571/1575/3 1570/1574/3
f 1590/1594/3 1572/1576/3 1571/1575/3
f 1591/1595/3 1573/1577/3 1572/1576/3
f 1592/1596/3 1574/1578/3 1573/1577/3
f 1593/1597/3 1575/1579/3 1574/1578/3
f 1594/1598/3 1576/1580/3 1575/1579/3
f 1595/1599/3 1577/1581/3 1576/1580/3
f 1596/1600/3 1578/1582/3 1577/1581/3
f 1597/1601/3 1579/1583/3 1578/1582/3
f 1598/1602/3 1580/1584/3 1579/1583/3
f 1599/1603/3 1581/1585/3 1580/1584/3
f 1600/1604/3 1582/1586/3 1581/1585/3
f 1601/1605/3 1583/1587/3 1582/1586/3
f 1602/1606/3 1584/1588/3 1583/1587/3
f 1603/1607/3 1585/1312/3 1584/1588/3
f 62/1608/3 1586/1590/3 61/1589/3
f 1605/1609/3 1587/1591/3 1586/1590/3
f 1606/1610/3 1588/1592/3 1587/1591/3
f 1607/1611/3 1589/1593/3 1588/1592/3
f 1608/1612/3 1590/1594/3 1589/1593/3
f 1609/1613/3 1591/1595/3 1590/1594/3
f 1610/1614/3 1592/1596/3 1591/1595/3
f 1611/1615/3 1593/1597/3 1592/1596/3
f 1612/1616/3 1594/1598/3 1593/1597/3
f 1613/1617/3 1595/1599/3 1594/1598/3
f 1614/1618/3 1596/1600/3 1595/1599/3
f 1615/1619/3 1597/1601/3 1596/1600/3
f 1616/1620/3 1598/1602/3 1597/1601/3
f 1617/1621/3 1599/1603/3 1598/1602/3
f 1618/1622/3 1600/1604/3 1599/1603/3
f 1619/1623/3 1601/1605/3 1600/1604/3
f 1620/1624/3 1602/1606/3 1601/1605/3
f 1621/1625/3 1603/1607/3 1602/1606/3
f 1622/1626/3 1604/1314/3 1603/1607/3
f 63/1627/3 1605/1609/3 62/1608/3
f 1624/1628/3 1606/1610/3 1605/1609/3
f 1625/1629/3 1607/1611/3 1606/1610/3
f 1626/1630/3 1608/1612/3 1607/1611/3
f 1627/1631/3 1609/1613/3 1608/1612/3
f 1628/1632/3 1610/1614/3 1609/1613/3
f 1629/1633/3 1611/1615/3 1610/1614/3
f 1630/1634/3 1612/1616/3 1611/1615/3
f 1631/1635/3 1613/1617/3 1612/1616/3
f 1632/1636/3 1614/1618/3 1613/1617/3
f 1633/1637/3 1615/1619/3 1614/1618/3
f 1634/1638/3 1616/1620/3 1615/1619/3
f 1635/1639/3 1617/1621/3 1616/1620/3
f 1636/1640/3 1618/1622/3 1617/1621/3
f 1637/1641/3 1619/1623/3 1618/1622/3
f 1638/1642/3 1620/1624/3 1619/1623/3
f 1639/1643/3 1621/1625/3 1620/1624/3
f 1640/1644/3 1622/1626/3 1621/1625/3
f 1641/1645/3 1623/1316/3 1622/1626/3
f 64/1646/3 1624/1628/3 63/1627/3
f 1643/1647/3 1625/1629/3 1624/1628/3
f 1644/1648/3 1626/1630/3 1625/1629/3
f 1645/1649/3 1627/1631/3 1626/1630/3
f 1646/1650/3 1628/1632/3 1627/1631/3
f 1647/1651/3 1629/1633/3 1628/1632/3
f 1648/1652/3 1630/1634/3 1629/1633/3
f 1649/1653/3 1631/1635/3 1630/1634/3
f 1650/1654/3 1632/1636/3 1631/1635/3
f 1651/1655/3 1633/1637/3 1632/1636/3
f 1652/1656/3 1634/1638/3 1633/1637/3
f 1653/1657/3 1635/1639/3 1634/1638/3
f 1654/1658/3 1636/1640/3 1635/1639/3
f 1655/1659/3 1637/1641/3 1636/1640/3
f 1656/1660/3 1638/1642/3 1637/1641/3
f 1657/1661/3 1639/1643/3 1638/1642/3
f 1658/1662/3 1640/1644/3 1639/1643/3
f 1659/1663/3 1641/1645/3 1640/1644/3
f 1660/1664/3 1642/1318/3 1641/1645/3
f 65/2/3 1643/1647/3 64/1646/3
f 1662/1665/3 1644/1648/3 1643/1647/3
f 1663/1666/3 1645/1649/3 1644/1648/3
f 1664/1667/3 1646/1650/3 1645/1649/3
f 1665/1668/3 1647/1651/3 1646/1650/3
f 1666/1669/3 1648/1652/3 1647/1651/3
f 1667/1670/3 1649/1653/3 1648/1652/3
f 1668/1671/3 1650/1654/3 1649/1653/3
f 1669/1672/3 1651/1655/3 1650/1654/3
f 1670/1673/3 1652/1656/3 1651/1655/3
f 1671/1674/3 1653/1657/3 1652/1656/3
f 1672/1675/3 1654/1658/3 1653/1657/3
f 1673/1676/3 1655/1659/3 1654/1658/3
f 1674/1677/3 1656/1660/3 1655/1659/3
f 1675/1678/3 1657/1661/3 1656/1660/3
f 1676/1679/3 1658/1662/3 1657/1661/3
f 1677/1680/3 1659/1663/3 1658/1662/3
f 1678/1681/3 1660/1664/3 1659/1663/3
f 1679/1682/3 1661/1320/3 1660/1664/3
f 4/491/3 1662/1665/3 65/2/3
f 161/490/3 1663/1666/3 1662/1665/3
f 162/493/3 1664/1667/3 1663/1666/3
f 163/495/3 1665/1668/3 1664/1667/3
f 164/497/3 1666/1669/3 1665/1668/3
f 165/499/3 1667/1670/3 1666/1669/3
f 166/501/3 1668/1671/3 1667/1670/3
f 167/503/3 1669/1672/3 1668/1671/3
f 168/505/3 1670/1673/3 1669/1672/3
f 169/507/3 1671/1674/3 1670/1673/3
f 170/509/3 1672/1675/3 1671/1674/3
f 171/511/3 1673/1676/3 1672/1675/3
f 172/513/3 1674/1677/3 1673/1676/3
f 173/515/3 1675/1678/3 1674/1677/3
f 174/517/3 1676/1679/3 1675/1678/3
f 175/519/3 1677/1680/3 1676/1679/3
f 176/521/3 1678/1681/3 1677/1680/3
f 177/523/3 1679/1682/3 1678/1681/3
f 178/525/3 1680/8/3 1679/1682/3
f 1699/1683/2 5/889/2 85/891/2
f 1699/1683/2 159/489/2 160/13/2
f 1718/1684/2 158/488/2 159/489/2
f 1756/1685/2 158/488/2 1737/1686/2
f 1775/1687/2 157/486/2 1756/1685/2
f 1794/1688/2 156/484/2 1775/1687/2
f 1794/1688/2 154/480/2 155/482/2
f 1813/1689/2 153/478/2 154/480/2
f 1851/1690/2 153/478/2 1832/1691/2
f 1851/1690/2 151/474/2 152/476/2
f 1889/1692/2 151/474/2 1870/1693/2
f 1908/1694/2 150/472/2 1889/1692/2
f 1908/1694/2 148/468/2 149/470/2
f 1927/1695/2 147/466/2 148/468/2
f 1946/1696/2 146/464/2 147/466/2
f 1965/1697/2 145/462/2 146/464/2
f 2003/1698/2 145/462/2 1984/1699/2
f 2022/1700/2 144/460/2 2003/1698/2
f 2041/6/2 143/458/2 2022/1700/2
f 104/21/2 103/10/2 6/19/2
f 1681/1701/2 102/924/2 103/10/2
f 1682/1702/2 101/923/2 102/924/2
f 1683/1703/2 100/921/2 101/923/2
f 1684/1704/2 99/919/2 100/921/2
f 1685/1705/2 98/917/2 99/919/2
f 1686/1706/2 97/915/2 98/917/2
f 1687/1707/2 96/913/2 97/915/2
f 1688/1708/2 95/911/2 96/913/2
f 1689/1709/2 94/909/2 95/911/2
f 1690/1710/2 93/907/2 94/909/2
f 1691/1711/2 92/905/2 93/907/2
f 1692/1712/2 91/903/2 92/905/2
f 1693/1713/2 90/901/2 91/903/2
f 1694/1714/2 89/899/2 90/901/2
f 1695/1715/2 88/897/2 89/899/2
f 1696/1716/2 87/895/2 88/897/2
f 1697/1717/2 86/893/2 87/895/2
f 1698/1718/2 85/891/2 86/893/2
f 105/23/2 1681/1701/2 104/21/2
f 1700/1719/2 1682/1702/2 1681/1701/2
f 1701/1720/2 1683/1703/2 1682/1702/2
f 1702/1721/2 1684/1704/2 1683/1703/2
f 1703/1722/2 1685/1705/2 1684/1704/2
f 1704/1723/2 1686/1706/2 1685/1705/2
f 1705/1724/2 1687/1707/2 1686/1706/2
f 1706/1725/2 1688/1708/2 1687/1707/2
f 1707/1726/2 1689/1709/2 1688/1708/2
f 1708/1727/2 1690/1710/2 1689/1709/2
f 1709/1728/2 1691/1711/2 1690/1710/2
f 1710/1729/2 1692/1712/2 1691/1711/2
f 1711/1730/2 1693/1713/2 1692/1712/2
f 1712/1731/2 1694/1714/2 1693/1713/2
f 1713/1732/2 1695/1715/2 1694/1714/2
f 1714/1733/2 1696/1716/2 1695/1715/2
f 1715/1734/2 1697/1717/2 1696/1716/2
f 1716/1735/2 1698/1718/2 1697/1717/2
f 1717/1736/2 1699/1683/2 1698/1718/2
f 106/25/2 1700/1719/2 105/23/2
f 1719/1737/2 1701/1720/2 1700/1719/2
f 1720/1738/2 1702/1721/2 1701/1720/2
f 1721/1739/2 1703/1722/2 1702/1721/2
f 1722/1740/2 1704/1723/2 1703/1722/2
f 1723/1741/2 1705/1724/2 1704/1723/2
f 1724/1742/2 1706/1725/2 1705/1724/2
f 1725/1743/2 1707/1726/2 1706/1725/2
f 1726/1744/2 1708/1727/2 1707/1726/2
f 1727/1745/2 1709/1728/2 1708/1727/2
f 1728/1746/2 1710/1729/2 1709/1728/2
f 1729/1747/2 1711/1730/2 1710/1729/2
f 1730/1748/2 1712/1731/2 1711/1730/2
f 1731/1749/2 1713/1732/2 1712/1731/2
f 1732/1750/2 1714/1733/2 1713/1732/2
f 1733/1751/2 1715/1734/2 1714/1733/2
f 1734/1752/2 1716/1735/2 1715/1734/2
f 1716/1735/2 1736/1753/2 1717/1736/2
f 1717/1736/2 1737/1686/2 1718/1684/2
f 107/27/2 1719/1737/2 106/25/2
f 1738/1754/2 1720/1738/2 1719/1737/2
f 1739/1755/2 1721/1739/2 1720/1738/2
f 1740/1756/2 1722/1740/2 1721/1739/2
f 1741/1757/2 1723/1741/2 1722/1740/2
f 1742/1758/2 1724/1742/2 1723/1741/2
f 1743/1759/2 1725/1743/2 1724/1742/2
f 1744/1760/2 1726/1744/2 1725/1743/2
f 1745/1761/2 1727/1745/2 1726/1744/2
f 1746/1762/2 1728/1746/2 1727/1745/2
f 1747/1763/2 1729/1747/2 1728/1746/2
f 1748/1764/2 1730/1748/2 1729/1747/2
f 1749/1765/2 1731/1749/2 1730/1748/2
f 1750/1766/2 1732/1750/2 1731/1749/2
f 1751/1767/2 1733/1751/2 1732/1750/2
f 1752/1768/2 1734/1752/2 1733/1751/2
f 1753/1769/2 1735/1770/2 1734/1752/2
f 1735/1770/2 1755/1771/2 1736/1753/2
f 1736/1753/2 1756/1685/2 1737/1686/2
f 108/29/2 1738/1754/2 107/27/2
f 1757/1772/2 1739/1755/2 1738/1754/2
f 1758/1773/2 1740/1756/2 1739/1755/2
f 1759/1774/2 1741/1757/2 1740/1756/2
f 1760/1775/2 1742/1758/2 1741/1757/2
f 1761/1776/2 1743/1759/2 1742/1758/2
f 1762/1777/2 1744/1760/2 1743/1759/2
f 1763/1778/2 1745/1761/2 1744/1760/2
f 1764/1779/2 1746/1762/2 1745/1761/2
f 1765/1780/2 1747/1763/2 1746/1762/2
f 1766/1781/2 1748/1764/2 1747/1763/2
f 1767/1782/2 1749/1765/2 1748/1764/2
f 1768/1783/2 1750/1766/2 1749/1765/2
f 1769/1784/2 1751/1767/2 1750/1766/2
f 1751/1767/2 1771/1785/2 1752/1768/2
f 1771/1785/2 1753/1769/2 1752/1768/2
f 1772/1786/2 1754/1787/2 1753/1769/2
f 1754/1787/2 1774/1788/2 1755/1771/2
f 1755/1771/2 1775/1687/2 1756/1685/2
f 109/31/2 1757/1772/2 108/29/2
f 1776/1789/2 1758/1773/2 1757/1772/2
f 1777/1790/2 1759/1774/2 1758/1773/2
f 1778/1791/2 1760/1775/2 1759/1774/2
f 1779/1792/2 1761/1776/2 1760/1775/2
f 1780/1793/2 1762/1777/2 1761/1776/2
f 1781/1794/2 1763/1778/2 1762/1777/2
f 1782/1795/2 1764/1779/2 1763/1778/2
f 1783/1796/2 1765/1780/2 1764/1779/2
f 1784/1797/2 1766/1781/2 1765/1780/2
f 1785/1798/2 1767/1782/2 1766/1781/2
f 1786/1799/2 1768/1783/2 1767/1782/2
f 1787/1800/2 1769/1784/2 1768/1783/2
f 1769/1784/2 1789/1801/2 1770/1802/2
f 1770/1802/2 1790/1803/2 1771/1785/2
f 1790/1803/2 1772/1786/2 1771/1785/2
f 1791/1804/2 1773/1805/2 1772/1786/2
f 1773/1805/2 1793/1806/2 1774/1788/2
f 1774/1788/2 1794/1688/2 1775/1687/2
f 110/33/2 1776/1789/2 109/31/2
f 1795/1807/2 1777/1790/2 1776/1789/2
f 1796/1808/2 1778/1791/2 1777/1790/2
f 1797/1809/2 1779/1792/2 1778/1791/2
f 1798/1810/2 1780/1793/2 1779/1792/2
f 1799/1811/2 1781/1794/2 1780/1793/2
f 1800/1812/2 1782/1795/2 1781/1794/2
f 1801/1813/2 1783/1796/2 1782/1795/2
f 1802/1814/2 1784/1797/2 1783/1796/2
f 1803/1815/2 1785/1798/2 1784/1797/2
f 1804/1816/2 1786/1799/2 1785/1798/2
f 1805/1817/2 1787/1800/2 1786/1799/2
f 1787/1800/2 1807/1818/2 1788/1819/2
f 1788/1819/2 1808/1820/2 1789/1801/2
f 1789/1801/2 1809/1821/2 1790/1803/2
f 1790/1803/2 1810/1822/2 1791/1804/2
f 1791/1804/2 1811/1823/2 1792/1824/2
f 1792/1824/2 1812/1825/2 1793/1806/2
f 1793/1806/2 1813/1689/2 1794/1688/2
f 111/35/2 1795/1807/2 110/33/2
f 1814/1826/2 1796/1808/2 1795/1807/2
f 1815/1827/2 1797/1809/2 1796/1808/2
f 1816/1828/2 1798/1810/2 1797/1809/2
f 1817/1829/2 1799/1811/2 1798/1810/2
f 1818/1830/2 1800/1812/2 1799/1811/2
f 1819/1831/2 1801/1813/2 1800/1812/2
f 1820/1832/2 1802/1814/2 1801/1813/2
f 1821/1833/2 1803/1815/2 1802/1814/2
f 1803/1815/2 1823/1834/2 1804/1816/2
f 1823/1834/2 1805/1817/2 1804/1816/2
f 1824/1835/2 1806/1836/2 1805/1817/2
f 1806/1836/2 1826/1837/2 1807/1818/2
f 1807/1818/2 1827/1838/2 1808/1820/2
f 1827/1838/2 1809/1821/2 1808/1820/2
f 1809/1821/2 1829/1839/2 1810/1822/2
f 1810/1822/2 1830/1840/2 1811/1823/2
f 1811/1823/2 1831/1841/2 1812/1825/2
f 1831/1841/2 1813/1689/2 1812/1825/2
f 112/37/2 1814/1826/2 111/35/2
f 1833/1842/2 1815/1827/2 1814/1826/2
f 1834/1843/2 1816/1828/2 1815/1827/2
f 1835/1844/2 1817/1829/2 1816/1828/2
f 1817/1829/2 1837/1845/2 1818/1830/2
f 1818/1830/2 1838/1846/2 1819/1831/2
f 1819/1831/2 1839/1847/2 1820/1832/2
f 1839/1847/2 1821/1833/2 1820/1832/2
f 1821/1833/2 1841/1848/2 1822/1849/2
f 1822/1849/2 1842/1850/2 1823/1834/2
f 1823/1834/2 1843/1851/2 1824/1835/2
f 1843/1851/2 1825/1852/2 1824/1835/2
f 1844/1853/2 1826/1837/2 1825/1852/2
f 1826/1837/2 1846/1854/2 1827/1838/2
f 1846/1854/2 1828/1855/2 1827/1838/2
f 1847/1856/2 1829/1839/2 1828/1855/2
f 1848/1857/2 1830/1840/2 1829/1839/2
f 1830/1840/2 1850/1858/2 1831/1841/2
f 1831/1841/2 1851/1690/2 1832/1691/2
f 112/37/2 1852/1859/2 1833/1842/2
f 1833/1842/2 1853/1860/2 1834/1843/2
f 1834/1843/2 1854/1861/2 1835/1844/2
f 1835/1844/2 1855/1862/2 1836/1863/2
f 1855/1862/2 1837/1845/2 1836/1863/2
f 1856/1864/2 1838/1846/2 1837/1845/2
f 1857/1865/2 1839/1847/2 1838/1846/2
f 1858/1866/2 1840/1867/2 1839/1847/2
f 1840/1867/2 1860/1868/2 1841/1848/2
f 1841/1848/2 1861/1869/2 1842/1850/2
f 1842/1850/2 1862/1870/2 1843/1851/2
f 1843/1851/2 1863/1871/2 1844/1853/2
f 1863/1871/2 1845/1872/2 1844/1853/2
f 1845/1872/2 1865/1873/2 1846/1854/2
f 1865/1873/2 1847/1856/2 1846/1854/2
f 1866/1874/2 1848/1857/2 1847/1856/2
f 1848/1857/2 1868/1875/2 1849/1876/2
f 1868/1875/2 1850/1858/2 1849/1876/2
f 1850/1858/2 1870/1693/2 1851/1690/2
f 113/39/2 1871/1877/2 1852/1859/2
f 1852/1859/2 1872/1878/2 1853/1860/2
f 1872/1878/2 1854/1861/2 1853/1860/2
f 1873/1879/2 1855/1862/2 1854/1861/2
f 1874/1880/2 1856/1864/2 1855/1862/2
f 1875/1881/2 1857/1865/2 1856/1864/2
f 1876/1882/2 1858/1866/2 1857/1865/2
f 1858/1866/2 1878/1883/2 1859/1884/2
f 1878/1883/2 1860/1868/2 1859/1884/2
f 1879/1885/2 1861/1869/2 1860/1868/2
f 1880/1886/2 1862/1870/2 1861/1869/2
f 1881/1887/2 1863/1871/2 1862/1870/2
f 1863/1871/2 1883/1888/2 1864/1889/2
f 1883/1888/2 1865/1873/2 1864/1889/2
f 1884/1890/2 1866/1874/2 1865/1873/2
f 1866/1874/2 1886/1891/2 1867/1892/2
f 1886/1891/2 1868/1875/2 1867/1892/2
f 1868/1875/2 1888/1893/2 1869/1894/2
f 1869/1894/2 1889/1692/2 1870/1693/2
f 114/41/2 1890/1895/2 1871/1877/2
f 1890/1895/2 1872/1878/2 1871/1877/2
f 1891/1896/2 1873/1879/2 1872/1878/2
f 1873/1879/2 1893/1897/2 1874/1880/2
f 1874/1880/2 1894/1898/2 1875/1881/2
f 1875/1881/2 1895/1899/2 1876/1882/2
f 1876/1882/2 1896/1900/2 1877/1901/2
f 1896/1900/2 1878/1883/2 1877/1901/2
f 1878/1883/2 1898/1902/2 1879/1885/2
f 1879/1885/2 1899/1903/2 1880/1886/2
f 1880/1886/2 1900/1904/2 1881/1887/2
f 1900/1904/2 1882/1905/2 1881/1887/2
f 1901/1906/2 1883/1888/2 1882/1905/2
f 1883/1888/2 1903/1907/2 1884/1890/2
f 1884/1890/2 1904/1908/2 1885/1909/2
f 1904/1908/2 1886/1891/2 1885/1909/2
f 1905/1910/2 1887/1911/2 1886/1891/2
f 1906/1912/2 1888/1893/2 1887/1911/2
f 1888/1893/2 1908/1694/2 1889/1692/2
f 116/45/2 1890/1895/2 115/43/2
f 1909/1913/2 1891/1896/2 1890/1895/2
f 1910/1914/2 1892/1915/2 1891/1896/2
f 1911/1916/2 1893/1897/2 1892/1915/2
f 1912/1917/2 1894/1898/2 1893/1897/2
f 1913/1918/2 1895/1899/2 1894/1898/2
f 1914/1919/2 1896/1900/2 1895/1899/2
f 1915/1920/2 1897/1921/2 1896/1900/2
f 1916/1922/2 1898/1902/2 1897/1921/2
f 1898/1902/2 1918/1923/2 1899/1903/2
f 1918/1923/2 1900/1904/2 1899/1903/2
f 1919/1924/2 1901/1906/2 1900/1904/2
f 1901/1906/2 1921/1925/2 1902/1926/2
f 1902/1926/2 1922/1927/2 1903/1907/2
f 1922/1927/2 1904/1908/2 1903/1907/2
f 1923/1928/2 1905/1910/2 1904/1908/2
f 1905/1910/2 1925/1929/2 1906/1912/2
f 1925/1929/2 1907/1930/2 1906/1912/2
f 1926/1931/2 1908/1694/2 1907/1930/2
f 117/47/2 1909/1913/2 116/45/2
f 1928/1932/2 1910/1914/2 1909/1913/2
f 1929/1933/2 1911/1916/2 1910/1914/2
f 1930/1934/2 1912/1917/2 1911/1916/2
f 1931/1935/2 1913/1918/2 1912/1917/2
f 1932/1936/2 1914/1919/2 1913/1918/2
f 1933/1937/2 1915/1920/2 1914/1919/2
f 1934/1938/2 1916/1922/2 1915/1920/2
f 1935/1939/2 1917/1940/2 1916/1922/2
f 1936/1941/2 1918/1923/2 1917/1940/2
f 1937/1942/2 1919/1924/2 1918/1923/2
f 1938/1943/2 1920/1944/2 1919/1924/2
f 1920/1944/2 1940/1945/2 1921/1925/2
f 1921/1925/2 1941/1946/2 1922/1927/2
f 1922/1927/2 1942/1947/2 1923/1928/2
f 1923/1928/2 1943/1948/2 1924/1949/2
f 1924/1949/2 1944/1950/2 1925/1929/2
f 1925/1929/2 1945/1951/2 1926/1931/2
f 1926/1931/2 1946/1696/2 1927/1695/2
f 118/49/2 1928/1932/2 117/47/2
f 1947/1952/2 1929/1933/2 1928/1932/2
f 1948/1953/2 1930/1934/2 1929/1933/2
f 1949/1954/2 1931/1935/2 1930/1934/2
f 1950/1955/2 1932/1936/2 1931/1935/2
f 1951/1956/2 1933/1937/2 1932/1936/2
f 1952/1957/2 1934/1938/2 1933/1937/2
f 1953/1958/2 1935/1939/2 1934/1938/2
f 1954/1959/2 1936/1941/2 1935/1939/2
f 1955/1960/2 1937/1942/2 1936/1941/2
f 1956/1961/2 1938/1943/2 1937/1942/2
f 1957/1962/2 1939/1963/2 1938/1943/2
f 1958/1964/2 1940/1945/2 1939/1963/2
f 1940/1945/2 1960/1965/2 1941/1946/2
f 1941/1946/2 1961/1966/2 1942/1947/2
f 1942/1947/2 1962/1967/2 1943/1948/2
f 1943/1948/2 1963/1968/2 1944/1950/2
f 1944/1950/2 1964/1969/2 1945/1951/2
f 1945/1951/2 1965/1697/2 1946/1696/2
f 119/51/2 1947/1952/2 118/49/2
f 1966/1970/2 1948/1953/2 1947/1952/2
f 1967/1971/2 1949/1954/2 1948/1953/2
f 1968/1972/2 1950/1955/2 1949/1954/2
f 1969/1973/2 1951/1956/2 1950/1955/2
f 1970/1974/2 1952/1957/2 1951/1956/2
f 1971/1975/2 1953/1958/2 1952/1957/2
f 1972/1976/2 1954/1959/2 1953/1958/2
f 1973/1977/2 1955/1960/2 1954/1959/2
f 1974/1978/2 1956/1961/2 1955/1960/2
f 1975/1979/2 1957/1962/2 1956/1961/2
f 1976/1980/2 1958/1964/2 1957/1962/2
f 1977/1981/2 1959/1982/2 1958/1964/2
f 1978/1983/2 1960/1965/2 1959/1982/2
f 1979/1984/2 1961/1966/2 1960/1965/2
f 1980/1985/2 1962/1967/2 1961/1966/2
f 1962/1967/2 1982/1986/2 1963/1968/2
f 1963/1968/2 1983/1987/2 1964/1969/2
f 1964/1969/2 1984/1699/2 1965/1697/2
f 120/53/2 1966/1970/2 119/51/2
f 1985/1988/2 1967/1971/2 1966/1970/2
f 1986/1989/2 1968/1972/2 1967/1971/2
f 1987/1990/2 1969/1973/2 1968/1972/2
f 1988/1991/2 1970/1974/2 1969/1973/2
f 1989/1992/2 1971/1975/2 1970/1974/2
f 1990/1993/2 1972/1976/2 1971/1975/2
f 1991/1994/2 1973/1977/2 1972/1976/2
f 1992/1995/2 1974/1978/2 1973/1977/2
f 1993/1996/2 1975/1979/2 1974/1978/2
f 1994/1997/2 1976/1980/2 1975/1979/2
f 1995/1998/2 1977/1981/2 1976/1980/2
f 1996/1999/2 1978/1983/2 1977/1981/2
f 1997/2000/2 1979/1984/2 1978/1983/2
f 1998/2001/2 1980/1985/2 1979/1984/2
f 1999/2002/2 1981/2003/2 1980/1985/2
f 2000/2004/2 1982/1986/2 1981/2003/2
f 1982/1986/2 2002/2005/2 1983/1987/2
f 1983/1987/2 2003/1698/2 1984/1699/2
f 121/54/2 1985/1988/2 120/53/2
f 2004/2006/2 1986/1989/2 1985/1988/2
f 2005/2007/2 1987/1990/2 1986/1989/2
f 2006/2008/2 1988/1991/2 1987/1990/2
f 2007/2009/2 1989/1992/2 1988/1991/2
f 2008/2010/2 1990/1993/2 1989/1992/2
f 2009/2011/2 1991/1994/2 1990/1993/2
f 2010/2012/2 1992/1995/2 1991/1994/2
f 2011/2013/2 1993/1996/2 1992/1995/2
f 2012/2014/2 1994/1997/2 1993/1996/2
f 2013/2015/2 1995/1998/2 1994/1997/2
f 2014/2016/2 1996/1999/2 1995/1998/2
f 2015/2017/2 1997/2000/2 1996/1999/2
f 2016/2018/2 1998/2001/2 1997/2000/2
f 2017/2019/2 1999/2002/2 1998/2001/2
f 2018/2020/2 2000/2004/2 1999/2002/2
f 2019/2021/2 2001/2022/2 2000/2004/2
f 2001/2022/2 2021/2023/2 2002/2005/2
f 2002/2005/2 2022/1700/2 2003/1698/2
f 122/16/2 2004/2006/2 121/54/2
f 2023/2024/2 2005/2007/2 2004/2006/2
f 2024/2025/2 2006/2008/2 2005/2007/2
f 2025/2026/2 2007/2009/2 2006/2008/2
f 2026/2027/2 2008/2010/2 2007/2009/2
f 2027/2028/2 2009/2011/2 2008/2010/2
f 2028/2029/2 2010/2012/2 2009/2011/2
f 2029/2030/2 2011/2013/2 2010/2012/2
f 2030/2031/2 2012/2014/2 2011/2013/2
f 2031/2032/2 2013/2015/2 2012/2014/2
f 2032/2033/2 2014/2016/2 2013/2015/2
f 2033/2034/2 2015/2017/2 2014/2016/2
f 2034/2035/2 2016/2018/2 2015/2017/2
f 2035/2036/2 2017/2019/2 2016/2018/2
f 2036/2037/2 2018/2020/2 2017/2019/2
f 2037/2038/2 2019/2021/2 2018/2020/2
f 2038/2039/2 2020/2040/2 2019/2021/2
f 2039/2041/2 2021/2023/2 2020/2040/2
f 2021/2023/2 2041/6/2 2022/1700/2
f 7/1287/2 2023/2024/2 122/16/2
f 123/1289/2 2024/2025/2 2023/2024/2
f 124/1291/2 2025/2026/2 2024/2025/2
f 125/1293/2 2026/2027/2 2025/2026/2
f 126/1295/2 2027/2028/2 2026/2027/2
f 127/1297/2 2028/2029/2 2027/2028/2
f 128/1299/2 2029/2030/2 2028/2029/2
f 129/1301/2 2030/2031/2 2029/2030/2
f 130/1303/2 2031/2032/2 2030/2031/2
f 131/1305/2 2032/2033/2 2031/2032/2
f 132/1307/2 2033/2034/2 2032/2033/2
f 133/1309/2 2034/2035/2 2033/2034/2
f 134/1311/2 2035/2036/2 2034/2035/2
f 135/1313/2 2036/2037/2 2035/2036/2
f 136/1315/2 2037/2038/2 2036/2037/2
f 137/1317/2 2038/2039/2 2037/2038/2
f 138/1319/2 2039/2041/2 2038/2039/2
f 139/1321/2 2040/2042/2 2039/2041/2
f 140/1322/2 2041/6/2 2040/2042/2
f 2060/2043/1 2/435/1 46/416/1
f 2079/2044/1 47/1323/1 2060/2043/1
f 2098/2045/1 48/1341/1 2079/2044/1
f 2117/2046/1 49/1361/1 2098/2045/1
f 2136/2047/1 50/1380/1 2117/2046/1
f 2155/2048/1 51/1399/1 2136/2047/1
f 2174/2049/1 52/1418/1 2155/2048/1
f 2193/2050/1 53/1437/1 2174/2049/1
f 2212/2051/1 54/1456/1 2193/2050/1
f 2231/2052/1 55/1475/1 2212/2051/1
f 2250/2053/1 56/1494/1 2231/2052/1
f 2269/2054/1 57/1513/1 2250/2053/1
f 2288/2055/1 58/1532/1 2269/2054/1
f 2307/2056/1 59/1551/1 2288/2055/1
f 2326/2057/1 60/1570/1 2307/2056/1
f 2345/2058/1 61/1589/1 2326/2057/1
f 2364/2059/1 62/1608/1 2345/2058/1
f 2383/2060/1 63/1627/1 2364/2059/1
f 2402/3/1 64/1646/1 2383/2060/1
f 27/1267/1 28/55/1 1/57/1
f 2042/2061/1 29/93/1 28/55/1
f 2043/2062/1 30/112/1 29/93/1
f 2044/2063/1 31/131/1 30/112/1
f 2045/2064/1 32/150/1 31/131/1
f 2046/2065/1 33/169/1 32/150/1
f 2047/2066/1 34/188/1 33/169/1
f 2048/2067/1 35/207/1 34/188/1
f 2049/2068/1 36/226/1 35/207/1
f 2050/2069/1 37/245/1 36/226/1
f 2051/2070/1 38/264/1 37/245/1
f 2052/2071/1 39/283/1 38/264/1
f 2053/2072/1 40/302/1 39/283/1
f 2054/2073/1 41/321/1 40/302/1
f 2055/2074/1 42/340/1 41/321/1
f 2056/2075/1 43/359/1 42/340/1
f 2057/2076/1 44/378/1 43/359/1
f 2058/2077/1 45/397/1 44/378/1
f 2059/2078/1 46/416/1 45/397/1
f 26/1248/1 2042/2061/1 27/1267/1
f 2061/2079/1 2043/2062/1 2042/2061/1
f 2062/2080/1 2044/2063/1 2043/2062/1
f 2063/2081/1 2045/2064/1 2044/2063/1
f 2064/2082/1 2046/2065/1 2045/2064/1
f 2065/2083/1 2047/2066/1 2046/2065/1
f 2066/2084/1 2048/2067/1 2047/2066/1
f 2067/2085/1 2049/2068/1 2048/2067/1
f 2068/2086/1 2050/2069/1 2049/2068/1
f 2069/2087/1 2051/2070/1 2050/2069/1
f 2070/2088/1 2052/2071/1 2051/2070/1
f 2071/2089/1 2053/2072/1 2052/2071/1
f 2072/2090/1 2054/2073/1 2053/2072/1
f 2073/2091/1 2055/2074/1 2054/2073/1
f 2074/2092/1 2056/2075/1 2055/2074/1
f 2075/2093/1 2057/2076/1 2056/2075/1
f 2076/2094/1 2058/2077/1 2057/2076/1
f 2077/2095/1 2059/2078/1 2058/2077/1
f 2078/2096/1 2060/2043/1 2059/2078/1
f 25/1229/1 2061/2079/1 26/1248/1
f 2080/2097/1 2062/2080/1 2061/2079/1
f 2081/2098/1 2063/2081/1 2062/2080/1
f 2082/2099/1 2064/2082/1 2063/2081/1
f 2083/2100/1 2065/2083/1 2064/2082/1
f 2084/2101/1 2066/2084/1 2065/2083/1
f 2085/2102/1 2067/2085/1 2066/2084/1
f 2086/2103/1 2068/2086/1 2067/2085/1
f 2087/2104/1 2069/2087/1 2068/2086/1
f 2088/2105/1 2070/2088/1 2069/2087/1
f 2089/2106/1 2071/2089/1 2070/2088/1
f 2090/2107/1 2072/2090/1 2071/2089/1
f 2091/2108/1 2073/2091/1 2072/2090/1
f 2092/2109/1 2074/2092/1 2073/2091/1
f 2093/2110/1 2075/2093/1 2074/2092/1
f 2094/2111/1 2076/2094/1 2075/2093/1
f 2095/2112/1 2077/2095/1 2076/2094/1
f 2096/2113/1 2078/2096/1 2077/2095/1
f 2097/2114/1 2079/2044/1 2078/2096/1
f 24/1210/1 2080/2097/1 25/1229/1
f 2099/2115/1 2081/2098/1 2080/2097/1
f 2100/2116/1 2082/2099/1 2081/2098/1
f 2101/2117/1 2083/2100/1 2082/2099/1
f 2102/2118/1 2084/2101/1 2083/2100/1
f 2103/2119/1 2085/2102/1 2084/2101/1
f 2104/2120/1 2086/2103/1 2085/2102/1
f 2105/2121/1 2087/2104/1 2086/2103/1
f 2106/2122/1 2088/2105/1 2087/2104/1
f 2107/2123/1 2089/2106/1 2088/2105/1
f 2108/2124/1 2090/2107/1 2089/2106/1
f 2109/2125/1 2091/2108/1 2090/2107/1
f 2110/2126/1 2092/2109/1 2091/2108/1
f 2111/2127/1 2093/2110/1 2092/2109/1
f 2112/2128/1 2094/2111/1 2093/2110/1
f 2113/2129/1 2095/2112/1 2094/2111/1
f 2114/2130/1 2096/2113/1 2095/2112/1
f 2115/2131/1 2097/2114/1 2096/2113/1
f 2116/2132/1 2098/2045/1 2097/2114/1
f 23/1191/1 2099/2115/1 24/1210/1
f 2118/2133/1 2100/2116/1 2099/2115/1
f 2119/2134/1 2101/2117/1 2100/2116/1
f 2120/2135/1 2102/2118/1 2101/2117/1
f 2121/2136/1 2103/2119/1 2102/2118/1
f 2122/2137/1 2104/2120/1 2103/2119/1
f 2123/2138/1 2105/2121/1 2104/2120/1
f 2124/2139/1 2106/2122/1 2105/2121/1
f 2125/2140/1 2107/2123/1 2106/2122/1
f 2126/2141/1 2108/2124/1 2107/2123/1
f 2127/2142/1 2109/2125/1 2108/2124/1
f 2128/2143/1 2110/2126/1 2109/2125/1
f 2129/2144/1 2111/2127/1 2110/2126/1
f 2130/2145/1 2112/2128/1 2111/2127/1
f 2131/2146/1 2113/2129/1 2112/2128/1
f 2132/2147/1 2114/2130/1 2113/2129/1
f 2133/2148/1 2115/2131/1 2114/2130/1
f 2134/2149/1 2116/2132/1 2115/2131/1
f 2135/2150/1 2117/2046/1 2116/2132/1
f 22/1172/1 2118/2133/1 23/1191/1
f 2137/2151/1 2119/2134/1 2118/2133/1
f 2138/2152/1 2120/2135/1 2119/2134/1
f 2139/2153/1 2121/2136/1 2120/2135/1
f 2140/2154/1 2122/2137/1 2121/2136/1
f 2141/2155/1 2123/2138/1 2122/2137/1
f 2142/2156/1 2124/2139/1 2123/2138/1
f 2143/2157/1 2125/2140/1 2124/2139/1
f 2144/2158/1 2126/2141/1 2125/2140/1
f 2145/2159/1 2127/2142/1 2126/2141/1
f 2146/2160/1 2128/2143/1 2127/2142/1
f 2147/2161/1 2129/2144/1 2128/2143/1
f 2148/2162/1 2130/2145/1 2129/2144/1
f 2149/2163/1 2131/2146/1 2130/2145/1
f 2150/2164/1 2132/2147/1 2131/2146/1
f 2151/2165/1 2133/2148/1 2132/2147/1
f 2152/2166/1 2134/2149/1 2133/2148/1
f 2153/2167/1 2135/2150/1 2134/2149/1
f 2154/2168/1 2136/2047/1 2135/2150/1
f 21/1153/1 2137/2151/1 22/1172/1
f 2156/2169/1 2138/2152/1 2137/2151/1
f 2157/2170/1 2139/2153/1 2138/2152/1
f 2158/2171/1 2140/2154/1 2139/2153/1
f 2159/2172/1 2141/2155/1 2140/2154/1
f 2160/2173/1 2142/2156/1 2141/2155/1
f 2161/2174/1 2143/2157/1 2142/2156/1
f 2162/2175/1 2144/2158/1 2143/2157/1
f 2163/2176/1 2145/2159/1 2144/2158/1
f 2164/2177/1 2146/2160/1 2145/2159/1
f 2165/2178/1 2147/2161/1 2146/2160/1
f 2166/2179/1 2148/2162/1 2147/2161/1
f 2167/2180/1 2149/2163/1 2148/2162/1
f 2168/2181/1 2150/2164/1 2149/2163/1
f 2169/2182/1 2151/2165/1 2150/2164/1
f 2170/2183/1 2152/2166/1 2151/2165/1
f 2171/2184/1 2153/2167/1 2152/2166/1
f 2172/2185/1 2154/2168/1 2153/2167/1
f 2173/2186/1 2155/2048/1 2154/2168/1
f 20/1134/1 2156/2169/1 21/1153/1
f 2175/2187/1 2157/2170/1 2156/2169/1
f 2176/2188/1 2158/2171/1 2157/2170/1
f 2177/2189/1 2159/2172/1 2158/2171/1
f 2178/2190/1 2160/2173/1 2159/2172/1
f 2179/2191/1 2161/2174/1 2160/2173/1
f 2180/2192/1 2162/2175/1 2161/2174/1
f 2181/2193/1 2163/2176/1 2162/2175/1
f 2182/2194/1 2164/2177/1 2163/2176/1
f 2183/2195/1 2165/2178/1 2164/2177/1
f 2184/2196/1 2166/2179/1 2165/2178/1
f 2185/2197/1 2167/2180/1 2166/2179/1
f 2186/2198/1 2168/2181/1 2167/2180/1
f 2187/2199/1 2169/2182/1 2168/2181/1
f 2188/2200/1 2170/2183/1 2169/2182/1
f 2189/2201/1 2171/2184/1 2170/2183/1
f 2190/2202/1 2172/2185/1 2171/2184/1
f 2191/2203/1 2173/2186/1 2172/2185/1
f 2192/2204/1 2174/2049/1 2173/2186/1
f 19/1115/1 2175/2187/1 20/1134/1
f 2194/2205/1 2176/2188/1 2175/2187/1
f 2195/2206/1 2177/2189/1 2176/2188/1
f 2196/2207/1 2178/2190/1 2177/2189/1
f 2197/2208/1 2179/2191/1 2178/2190/1
f 2198/2209/1 2180/2192/1 2179/2191/1
f 2199/2210/1 2181/2193/1 2180/2192/1
f 2200/2211/1 2182/2194/1 2181/2193/1
f 2201/2212/1 2183/2195/1 2182/2194/1
f 2202/2213/1 2184/2196/1 2183/2195/1
f 2203/2214/1 2185/2197/1 2184/2196/1
f 2204/2215/1 2186/2198/1 2185/2197/1
f 2205/2216/1 2187/2199/1 2186/2198/1
f 2206/2217/1 2188/2200/1 2187/2199/1
f 2207/2218/1 2189/2201/1 2188/2200/1
f 2208/2219/1 2190/2202/1 2189/2201/1
f 2209/2220/1 2191/2203/1 2190/2202/1
f 2210/2221/1 2192/2204/1 2191/2203/1
f 2211/2222/1 2193/2050/1 2192/2204/1
f 18/1096/1 2194/2205/1 19/1115/1
f 2213/2223/1 2195/2206/1 2194/2205/1
f 2214/2224/1 2196/2207/1 2195/2206/1
f 2215/2225/1 2197/2208/1 2196/2207/1
f 2216/2226/1 2198/2209/1 2197/2208/1
f 2217/2227/1 2199/2210/1 2198/2209/1
f 2218/2228/1 2200/2211/1 2199/2210/1
f 2219/2229/1 2201/2212/1 2200/2211/1
f 2220/2230/1 2202/2213/1 2201/2212/1
f 2221/2231/1 2203/2214/1 2202/2213/1
f 2222/2232/1 2204/2215/1 2203/2214/1
f 2223/2233/1 2205/2216/1 2204/2215/1
f 2224/2234/1 2206/2217/1 2205/2216/1
f 2225/2235/1 2207/2218/1 2206/2217/1
f 2226/2236/1 2208/2219/1 2207/2218/1
f 2227/2237/1 2209/2220/1 2208/2219/1
f 2228/2238/1 2210/2221/1 2209/2220/1
f 2229/2239/1 2211/2222/1 2210/2221/1
f 2230/2240/1 2212/2051/1 2211/2222/1
f 17/1077/1 2213/2223/1 18/1096/1
f 2232/2241/1 2214/2224/1 2213/2223/1
f 2233/2242/1 2215/2225/1 2214/2224/1
f 2234/2243/1 2216/2226/1 2215/2225/1
f 2235/2244/1 2217/2227/1 2216/2226/1
f 2236/2245/1 2218/2228/1 2217/2227/1
f 2237/2246/1 2219/2229/1 2218/2228/1
f 2238/2247/1 2220/2230/1 2219/2229/1
f 2239/2248/1 2221/2231/1 2220/2230/1
f 2240/2249/1 2222/2232/1 2221/2231/1
f 2241/2250/1 2223/2233/1 2222/2232/1
f 2242/2251/1 2224/2234/1 2223/2233/1
f 2243/2252/1 2225/2235/1 2224/2234/1
f 2244/2253/1 2226/2236/1 2225/2235/1
f 2245/2254/1 2227/2237/1 2226/2236/1
f 2246/2255/1 2228/2238/1 2227/2237/1
f 2247/2256/1 2229/2239/1 2228/2238/1
f 2248/2257/1 2230/2240/1 2229/2239/1
f 2249/2258/1 2231/2052/1 2230/2240/1
f 16/1058/1 2232/2241/1 17/1077/1
f 2251/2259/1 2233/2242/1 2232/2241/1
f 2252/2260/1 2234/2243/1 2233/2242/1
f 2253/2261/1 2235/2244/1 2234/2243/1
f 2254/2262/1 2236/2245/1 2235/2244/1
f 2255/2263/1 2237/2246/1 2236/2245/1
f 2256/2264/1 2238/2247/1 2237/2246/1
f 2257/2265/1 2239/2248/1 2238/2247/1
f 2258/2266/1 2240/2249/1 2239/2248/1
f 2259/2267/1 2241/2250/1 2240/2249/1
f 2260/2268/1 2242/2251/1 2241/2250/1
f 2261/2269/1 2243/2252/1 2242/2251/1
f 2262/2270/1 2244/2253/1 2243/2252/1
f 2263/2271/1 2245/2254/1 2244/2253/1
f 2264/2272/1 2246/2255/1 2245/2254/1
f 2265/2273/1 2247/2256/1 2246/2255/1
f 2266/2274/1 2248/2257/1 2247/2256/1
f 2267/2275/1 2249/2258/1 2248/2257/1
f 2268/2276/1 2250/2053/1 2249/2258/1
f 15/1039/1 2251/2259/1 16/1058/1
f 2270/2277/1 2252/2260/1 2251/2259/1
f 2271/2278/1 2253/2261/1 2252/2260/1
f 2272/2279/1 2254/2262/1 2253/2261/1
f 2273/2280/1 2255/2263/1 2254/2262/1
f 2274/2281/1 2256/2264/1 2255/2263/1
f 2275/2282/1 2257/2265/1 2256/2264/1
f 2276/2283/1 2258/2266/1 2257/2265/1
f 2277/2284/1 2259/2267/1 2258/2266/1
f 2278/2285/1 2260/2268/1 2259/2267/1
f 2279/2286/1 2261/2269/1 2260/2268/1
f 2280/2287/1 2262/2270/1 2261/2269/1
f 2281/2288/1 2263/2271/1 2262/2270/1
f 2282/2289/1 2264/2272/1 2263/2271/1
f 2283/2290/1 2265/2273/1 2264/2272/1
f 2284/2291/1 2266/2274/1 2265/2273/1
f 2285/2292/1 2267/2275/1 2266/2274/1
f 2286/2293/1 2268/2276/1 2267/2275/1
f 2287/2294/1 2269/2054/1 2268/2276/1
f 14/1020/1 2270/2277/1 15/1039/1
f 2289/2295/1 2271/2278/1 2270/2277/1
f 2290/2296/1 2272/2279/1 2271/2278/1
f 2291/2297/1 2273/2280/1 2272/2279/1
f 2292/2298/1 2274/2281/1 2273/2280/1
f 2293/2299/1 2275/2282/1 2274/2281/1
f 2294/2300/1 2276/2283/1 2275/2282/1
f 2295/2301/1 2277/2284/1 2276/2283/1
f 2296/2302/1 2278/2285/1 2277/2284/1
f 2297/2303/1 2279/2286/1 2278/2285/1
f 2298/2304/1 2280/2287/1 2279/2286/1
f 2299/2305/1 2281/2288/1 2280/2287/1
f 2300/2306/1 2282/2289/1 2281/2288/1
f 2301/2307/1 2283/2290/1 2282/2289/1
f 2302/2308/1 2284/2291/1 2283/2290/1
f 2303/2309/1 2285/2292/1 2284/2291/1
f 2304/2310/1 2286/2293/1 2285/2292/1
f 2305/2311/1 2287/2294/1 2286/2293/1
f 2306/2312/1 2288/2055/1 2287/2294/1
f 13/1001/1 2289/2295/1 14/1020/1
f 2308/2313/1 2290/2296/1 2289/2295/1
f 2309/2314/1 2291/2297/1 2290/2296/1
f 2310/2315/1 2292/2298/1 2291/2297/1
f 2311/2316/1 2293/2299/1 2292/2298/1
f 2312/2317/1 2294/2300/1 2293/2299/1
f 2313/2318/1 2295/2301/1 2294/2300/1
f 2314/2319/1 2296/2302/1 2295/2301/1
f 2315/2320/1 2297/2303/1 2296/2302/1
f 2316/2321/1 2298/2304/1 2297/2303/1
f 2317/2322/1 2299/2305/1 2298/2304/1
f 2318/2323/1 2300/2306/1 2299/2305/1
f 2319/2324/1 2301/2307/1 2300/2306/1
f 2320/2325/1 2302/2308/1 2301/2307/1
f 2321/2326/1 2303/2309/1 2302/2308/1
f 2322/2327/1 2304/2310/1 2303/2309/1
f 2323/2328/1 2305/2311/1 2304/2310/1
f 2324/2329/1 2306/2312/1 2305/2311/1
f 2325/2330/1 2307/2056/1 2306/2312/1
f 12/982/1 2308/2313/1 13/1001/1
f 2327/2331/1 2309/2314/1 2308/2313/1
f 2328/2332/1 2310/2315/1 2309/2314/1
f 2329/2333/1 2311/2316/1 2310/2315/1
f 2330/2334/1 2312/2317/1 2311/2316/1
f 2331/2335/1 2313/2318/1 2312/2317/1
f 2332/2336/1 2314/2319/1 2313/2318/1
f 2333/2337/1 2315/2320/1 2314/2319/1
f 2334/2338/1 2316/2321/1 2315/2320/1
f 2335/2339/1 2317/2322/1 2316/2321/1
f 2336/2340/1 2318/2323/1 2317/2322/1
f 2337/2341/1 2319/2324/1 2318/2323/1
f 2338/2342/1 2320/2325/1 2319/2324/1
f 2339/2343/1 2321/2326/1 2320/2325/1
f 2340/2344/1 2322/2327/1 2321/2326/1
f 2341/2345/1 2323/2328/1 2322/2327/1
f 2342/2346/1 2324/2329/1 2323/2328/1
f 2343/2347/1 2325/2330/1 2324/2329/1
f 2344/2348/1 2326/2057/1 2325/2330/1
f 11/963/1 2327/2331/1 12/982/1
f 2346/2349/1 2328/2332/1 2327/2331/1
f 2347/2350/1 2329/2333/1 2328/2332/1
f 2348/2351/1 2330/2334/1 2329/2333/1
f 2349/2352/1 2331/2335/1 2330/2334/1
f 2350/2353/1 2332/2336/1 2331/2335/1
f 2351/2354/1 2333/2337/1 2332/2336/1
f 2352/2355/1 2334/2338/1 2333/2337/1
f 2353/2356/1 2335/2339/1 2334/2338/1
f 2354/2357/1 2336/2340/1 2335/2339/1
f 2355/2358/1 2337/2341/1 2336/2340/1
f 2356/2359/1 2338/2342/1 2337/2341/1
f 2357/2360/1 2339/2343/1 2338/2342/1
f 2358/2361/1 2340/2344/1 2339/2343/1
f 2359/2362/1 2341/2345/1 2340/2344/1
f 2360/2363/1 2342/2346/1 2341/2345/1
f 2361/2364/1 2343/2347/1 2342/2346/1
f 2362/2365/1 2344/2348/1 2343/2347/1
f 2363/2366/1 2345/2058/1 2344/2348/1
f 10/943/1 2346/2349/1 11/963/1
f 2365/2367/1 2347/2350/1 2346/2349/1
f 2366/2368/1 2348/2351/1 2347/2350/1
f 2367/2369/1 2349/2352/1 2348/2351/1
f 2368/2370/1 2350/2353/1 2349/2352/1
f 2369/2371/1 2351/2354/1 2350/2353/1
f 2370/2372/1 2352/2355/1 2351/2354/1
f 2371/2373/1 2353/2356/1 2352/2355/1
f 2372/2374/1 2354/2357/1 2353/2356/1
f 2373/2375/1 2355/2358/1 2354/2357/1
f 2374/2376/1 2356/2359/1 2355/2358/1
f 2375/2377/1 2357/2360/1 2356/2359/1
f 2376/2378/1 2358/2361/1 2357/2360/1
f 2377/2379/1 2359/2362/1 2358/2361/1
f 2378/2380/1 2360/2363/1 2359/2362/1
f 2379/2381/1 2361/2364/1 2360/2363/1
f 2380/2382/1 2362/2365/1 2361/2364/1
f 2381/2383/1 2363/2366/1 2362/2365/1
f 2382/2384/1 2364/2059/1 2363/2366/1
f 9/925/1 2365/2367/1 10/943/1
f 2384/2385/1 2366/2368/1 2365/2367/1
f 2385/2386/1 2367/2369/1 2366/2368/1
f 2386/2387/1 2368/2370/1 2367/2369/1
f 2387/2388/1 2369/2371/1 2368/2370/1
f 2388/2389/1 2370/2372/1 2369/2371/1
f 2389/2390/1 2371/2373/1 2370/2372/1
f 2390/2391/1 2372/2374/1 2371/2373/1
f 2391/2392/1 2373/2375/1 2372/2374/1
f 2392/2393/1 2374/2376/1 2373/2375/1
f 2393/2394/1 2375/2377/1 2374/2376/1
f 2394/2395/1 2376/2378/1 2375/2377/1
f 2395/2396/1 2377/2379/1 2376/2378/1
f 2396/2397/1 2378/2380/1 2377/2379/1
f 2397/2398/1 2379/2381/1 2378/2380/1
f 2398/2399/1 2380/2382/1 2379/2381/1
f 2399/2400/1 2381/2383/1 2380/2382/1
f 2400/2401/1 2382/2384/1 2381/2383/1
f 2401/2402/1 2383/2060/1 2382/2384/1
f 3/869/1 2384/2385/1 9/925/1
f 2384/2385/1 83/831/1 2385/2386/1
f 2385/2386/1 82/812/1 2386/2387/1
f 2386/2387/1 81/793/1 2387/2388/1
f 2387/2388/1 80/774/1 2388/2389/1
f 2388/2389/1 79/755/1 2389/2390/1
f 2389/2390/1 78/736/1 2390/2391/1
f 2390/2391/1 77/717/1 2391/2392/1
f 2391/2392/1 76/698/1 2392/2393/1
f 2392/2393/1 75/679/1 2393/2394/1
f 2393/2394/1 74/660/1 2394/2395/1
f 2394/2395/1 73/641/1 2395/2396/1
f 2395/2396/1 72/622/1 2396/2397/1
f 2396/2397/1 71/603/1 2397/2398/1
f 2397/2398/1 70/584/1 2398/2399/1
f 2398/2399/1 69/565/1 2399/2400/1
f 2399/2400/1 68/546/1 2400/2401/1
f 2400/2401/1 67/527/1 2401/2402/1
f 2401/2402/1 66/1/1 2402/3/1
f 66/1/1 4/491/1 65/2/1
f 141/4/2 8/455/2 142/5/2
f 179/7/3 8/455/3 141/4/3
f 217/9/4 6/19/4 103/10/4
f 218/12/5 5/889/5 160/13/5
f 180/15/6 7/1287/6 122/16/6
f 255/18/6 104/21/6 6/19/6
f 274/20/6 105/23/6 104/21/6
f 293/22/6 106/25/6 105/23/6
f 312/24/6 107/27/6 106/25/6
f 331/26/6 108/29/6 107/27/6
f 350/28/6 109/31/6 108/29/6
f 369/30/6 110/33/6 109/31/6
f 388/32/6 111/35/6 110/33/6
f 407/34/6 112/37/6 111/35/6
f 426/36/6 113/39/6 112/37/6
f 445/38/6 114/41/6 113/39/6
f 464/40/6 115/43/6 114/41/6
f 483/42/6 116/45/6 115/43/6
f 502/44/6 117/47/6 116/45/6
f 521/46/6 118/49/6 117/47/6
f 540/48/6 119/51/6 118/49/6
f 559/50/6 120/53/6 119/51/6
f 578/52/6 121/54/6 120/53/6
f 597/17/6 122/16/6 121/54/6
f 28/55/6 237/58/6 199/56/6
f 237/58/6 238/60/6 200/59/6
f 238/60/6 239/62/6 201/61/6
f 239/62/6 240/64/6 202/63/6
f 240/64/6 241/66/6 203/65/6
f 241/66/6 242/68/6 204/67/6
f 242/68/6 243/70/6 205/69/6
f 243/70/6 244/72/6 206/71/6
f 244/72/6 245/74/6 207/73/6
f 245/74/6 246/76/6 208/75/6
f 246/76/6 247/78/6 209/77/6
f 247/78/6 248/80/6 210/79/6
f 248/80/6 249/82/6 211/81/6
f 249/82/6 250/84/6 212/83/6
f 250/84/6 251/86/6 213/85/6
f 251/86/6 252/88/6 214/87/6
f 252/88/6 253/90/6 215/89/6
f 253/90/6 254/92/6 216/91/6
f 254/92/6 255/18/6 217/9/6
f 29/93/6 256/94/6 237/58/6
f 256/94/6 257/95/6 238/60/6
f 257/95/6 258/96/6 239/62/6
f 258/96/6 259/97/6 240/64/6
f 259/97/6 260/98/6 241/66/6
f 260/98/6 261/99/6 242/68/6
f 261/99/6 262/100/6 243/70/6
f 262/100/6 263/101/6 244/72/6
f 263/101/6 264/102/6 245/74/6
f 264/102/6 265/103/6 246/76/6
f 265/103/6 266/104/6 247/78/6
f 266/104/6 267/105/6 248/80/6
f 267/105/6 268/106/6 249/82/6
f 268/106/6 269/107/6 250/84/6
f 269/107/6 270/108/6 251/86/6
f 270/108/6 271/109/6 252/88/6
f 271/109/6 272/110/6 253/90/6
f 272/110/6 273/111/6 254/92/6
f 273/111/6 274/20/6 255/18/6
f 30/112/6 275/113/6 256/94/6
f 275/113/6 276/114/6 257/95/6
f 276/114/6 277/115/6 258/96/6
f 277/115/6 278/116/6 259/97/6
f 278/116/6 279/117/6 260/98/6
f 279/117/6 280/118/6 261/99/6
f 280/118/6 281/119/6 262/100/6
f 281/119/6 282/120/6 263/101/6
f 282/120/6 283/121/6 264/102/6
f 283/121/6 284/122/6 265/103/6
f 284/122/6 285/123/6 266/104/6
f 285/123/6 286/124/6 267/105/6
f 286/124/6 287/125/6 268/106/6
f 287/125/6 288/126/6 269/107/6
f 288/126/6 289/127/6 270/108/6
f 289/127/6 290/128/6 271/109/6
f 290/128/6 291/129/6 272/110/6
f 291/129/6 292/130/6 273/111/6
f 292/130/6 293/22/6 274/20/6
f 31/131/6 294/132/6 275/113/6
f 294/132/6 295/133/6 276/114/6
f 295/133/6 296/134/6 277/115/6
f 296/134/6 297/135/6 278/116/6
f 297/135/6 298/136/6 279/117/6
f 298/136/6 299/137/6 280/118/6
f 299/137/6 300/138/6 281/119/6
f 300/138/6 301/139/6 282/120/6
f 301/139/6 302/140/6 283/121/6
f 302/140/6 303/141/6 284/122/6
f 303/141/6 304/142/6 285/123/6
f 304/142/6 305/143/6 286/124/6
f 305/143/6 306/144/6 287/125/6
f 306/144/6 307/145/6 288/126/6
f 307/145/6 308/146/6 289/127/6
f 308/146/6 309/147/6 290/128/6
f 309/147/6 310/148/6 291/129/6
f 310/148/6 311/149/6 292/130/6
f 311/149/6 312/24/6 293/22/6
f 32/150/6 313/151/6 294/132/6
f 313/151/6 314/152/6 295/133/6
f 314/152/6 315/153/6 296/134/6
f 315/153/6 316/154/6 297/135/6
f 316/154/6 317/155/6 298/136/6
f 317/155/6 318/156/6 299/137/6
f 318/156/6 319/157/6 300/138/6
f 319/157/6 320/158/6 301/139/6
f 320/158/6 321/159/6 302/140/6
f 321/159/6 322/160/6 303/141/6
f 322/160/6 323/161/6 304/142/6
f 323/161/6 324/162/6 305/143/6
f 324/162/6 325/163/6 306/144/6
f 325/163/6 326/164/6 307/145/6
f 326/164/6 327/165/6 308/146/6
f 327/165/6 328/166/6 309/147/6
f 328/166/6 329/167/6 310/148/6
f 329/167/6 330/168/6 311/149/6
f 330/168/6 331/26/6 312/24/6
f 33/169/6 332/170/6 313/151/6
f 332/170/6 333/171/6 314/152/6
f 333/171/6 334/172/6 315/153/6
f 334/172/6 335/173/6 316/154/6
f 335/173/6 336/174/6 317/155/6
f 336/174/6 337/175/6 318/156/6
f 337/175/6 338/176/6 319/157/6
f 338/176/6 339/177/6 320/158/6
f 339/177/6 340/178/6 321/159/6
f 340/178/6 341/179/6 322/160/6
f 341/179/6 342/180/6 323/161/6
f 342/180/6 343/181/6 324/162/6
f 343/181/6 344/182/6 325/163/6
f 344/182/6 345/183/6 326/164/6
f 345/183/6 346/184/6 327/165/6
f 346/184/6 347/185/6 328/166/6
f 347/185/6 348/186/6 329/167/6
f 348/186/6 349/187/6 330/168/6
f 349/187/6 350/28/6 331/26/6
f 34/188/6 351/189/6 332/170/6
f 351/189/6 352/190/6 333/171/6
f 352/190/6 353/191/6 334/172/6
f 353/191/6 354/192/6 335/173/6
f 354/192/6 355/193/6 336/174/6
f 355/193/6 356/194/6 337/175/6
f 356/194/6 357/195/6 338/176/6
f 357/195/6 358/196/6 339/177/6
f 358/196/6 359/197/6 340/178/6
f 359/197/6 360/198/6 341/179/6
f 360/198/6 361/199/6 342/180/6
f 361/199/6 362/200/6 343/181/6
f 362/200/6 363/201/6 344/182/6
f 363/201/6 364/202/6 345/183/6
f 364/202/6 365/203/6 346/184/6
f 365/203/6 366/204/6 347/185/6
f 366/204/6 367/205/6 348/186/6
f 367/205/6 368/206/6 349/187/6
f 368/206/6 369/30/6 350/28/6
f 35/207/6 370/208/6 351/189/6
f 370/208/6 371/209/6 352/190/6
f 371/209/6 372/210/6 353/191/6
f 372/210/6 373/211/6 354/192/6
f 373/211/6 374/212/6 355/193/6
f 374/212/6 375/213/6 356/194/6
f 375/213/6 376/214/6 357/195/6
f 376/214/6 377/215/6 358/196/6
f 377/215/6 378/216/6 359/197/6
f 378/216/6 379/217/6 360/198/6
f 379/217/6 380/218/6 361/199/6
f 380/218/6 381/219/6 362/200/6
f 381/219/6 382/220/6 363/201/6
f 382/220/6 383/221/6 364/202/6
f 383/221/6 384/222/6 365/203/6
f 384/222/6 385/223/6 366/204/6
f 385/223/6 386/224/6 367/205/6
f 386/224/6 387/225/6 368/206/6
f 387/225/6 388/32/6 369/30/6
f 36/226/6 389/227/6 370/208/6
f 389/227/6 390/228/6 371/209/6
f 390/228/6 391/229/6 372/210/6
f 391/229/6 392/230/6 373/211/6
f 392/230/6 393/231/6 374/212/6
f 393/231/6 394/232/6 375/213/6
f 394/232/6 395/233/6 376/214/6
f 395/233/6 396/234/6 377/215/6
f 396/234/6 397/235/6 378/216/6
f 397/235/6 398/236/6 379/217/6
f 398/236/6 399/237/6 380/218/6
f 399/237/6 400/238/6 381/219/6
f 400/238/6 401/239/6 382/220/6
f 401/239/6 402/240/6 383/221/6
f 402/240/6 403/241/6 384/222/6
f 403/241/6 404/242/6 385/223/6
f 404/242/6 405/243/6 386/224/6
f 405/243/6 406/244/6 387/225/6
f 406/244/6 407/34/6 388/32/6
f 37/245/6 408/246/6 389/227/6
f 408/246/6 409/247/6 390/228/6
f 409/247/6 410/248/6 391/229/6
f 410/248/6 411/249/6 392/230/6
f 411/249/6 412/250/6 393/231/6
f 412/250/6 413/251/6 394/232/6
f 413/251/6 414/252/6 395/233/6
f 414/252/6 415/253/6 396/234/6
f 415/253/6 416/254/6 397/235/6
f 416/254/6 417/255/6 398/236/6
f 417/255/6 418/256/6 399/237/6
f 418/256/6 419/257/6 400/238/6
f 419/257/6 420/258/6 401/239/6
f 420/258/6 421/259/6 402/240/6
f 421/259/6 422/260/6 403/241/6
f 422/260/6 423/261/6 404/242/6
f 423/261/6 424/262/6 405/243/6
f 424/262/6 425/263/6 406/244/6
f 425/263/6 426/36/6 407/34/6
f 38/264/6 427/265/6 408/246/6
f 427/265/6 428/266/6 409/247/6
f 428/266/6 429/267/6 410/248/6
f 429/267/6 430/268/6 411/249/6
f 430/268/6 431/269/6 412/250/6
f 431/269/6 432/270/6 413/251/6
f 432/270/6 433/271/6 414/252/6
f 433/271/6 434/272/6 415/253/6
f 434/272/6 435/273/6 416/254/6
f 435/273/6 436/274/6 417/255/6
f 436/274/6 437/275/6 418/256/6
f 437/275/6 438/276/6 419/257/6
f 438/276/6 439/277/6 420/258/6
f 439/277/6 440/278/6 421/259/6
f 440/278/6 441/279/6 422/260/6
f 441/279/6 442/280/6 423/261/6
f 442/280/6 443/281/6 424/262/6
f 443/281/6 444/282/6 425/263/6
f 444/282/6 445/38/6 426/36/6
f 39/283/6 446/284/6 427/265/6
f 446/284/6 447/285/6 428/266/6
f 447/285/6 448/286/6 429/267/6
f 448/286/6 449/287/6 430/268/6
f 449/287/6 450/288/6 431/269/6
f 450/288/6 451/289/6 432/270/6
f 451/289/6 452/290/6 433/271/6
f 452/290/6 453/291/6 434/272/6
f 453/291/6 454/292/6 435/273/6
f 454/292/6 455/293/6 436/274/6
f 455/293/6 456/294/6 437/275/6
f 456/294/6 457/295/6 438/276/6
f 457/295/6 458/296/6 439/277/6
f 458/296/6 459/297/6 440/278/6
f 459/297/6 460/298/6 441/279/6
f 460/298/6 461/299/6 442/280/6
f 461/299/6 462/300/6 443/281/6
f 462/300/6 463/301/6 444/282/6
f 463/301/6 464/40/6 445/38/6
f 40/302/6 465/303/6 446/284/6
f 465/303/6 466/304/6 447/285/6
f 466/304/6 467/305/6 448/286/6
f 467/305/6 468/306/6 449/287/6
f 468/306/6 469/307/6 450/288/6
f 469/307/6 470/308/6 451/289/6
f 470/308/6 471/309/6 452/290/6
f 471/309/6 472/310/6 453/291/6
f 472/310/6 473/311/6 454/292/6
f 473/311/6 474/312/6 455/293/6
f 474/312/6 475/313/6 456/294/6
f 475/313/6 476/314/6 457/295/6
f 476/314/6 477/315/6 458/296/6
f 477/315/6 478/316/6 459/297/6
f 478/316/6 479/317/6 460/298/6
f 479/317/6 480/318/6 461/299/6
f 480/318/6 481/319/6 462/300/6
f 481/319/6 482/320/6 463/301/6
f 482/320/6 483/42/6 464/40/6
f 41/321/6 484/322/6 465/303/6
f 484/322/6 485/323/6 466/304/6
f 485/323/6 486/324/6 467/305/6
f 486/324/6 487/325/6 468/306/6
f 487/325/6 488/326/6 469/307/6
f 488/326/6 489/327/6 470/308/6
f 489/327/6 490/328/6 471/309/6
f 490/328/6 491/329/6 472/310/6
f 491/329/6 492/330/6 473/311/6
f 492/330/6 493/331/6 474/312/6
f 493/331/6 494/332/6 475/313/6
f 494/332/6 495/333/6 476/314/6
f 495/333/6 496/334/6 477/315/6
f 496/334/6 497/335/6 478/316/6
f 497/335/6 498/336/6 479/317/6
f 498/336/6 499/337/6 480/318/6
f 499/337/6 500/338/6 481/319/6
f 500/338/6 501/339/6 482/320/6
f 501/339/6 502/44/6 483/42/6
f 42/340/6 503/341/6 484/322/6
f 503/341/6 504/342/6 485/323/6
f 504/342/6 505/343/6 486/324/6
f 505/343/6 506/344/6 487/325/6
f 506/344/6 507/345/6 488/326/6
f 507/345/6 508/346/6 489/327/6
f 508/346/6 509/347/6 490/328/6
f 509/347/6 510/348/6 491/329/6
f 510/348/6 511/349/6 492/330/6
f 511/349/6 512/350/6 493/331/6
f 512/350/6 513/351/6 494/332/6
f 513/351/6 514/352/6 495/333/6
f 514/352/6 515/353/6 496/334/6
f 515/353/6 516/354/6 497/335/6
f 516/354/6 517/355/6 498/336/6
f 517/355/6 518/356/6 499/337/6
f 518/356/6 519/357/6 500/338/6
f 519/357/6 520/358/6 501/339/6
f 520/358/6 521/46/6 502/44/6
f 43/359/6 522/360/6 503/341/6
f 522/360/6 523/361/6 504/342/6
f 523/361/6 524/362/6 505/343/6
f 524/362/6 525/363/6 506/344/6
f 525/363/6 526/364/6 507/345/6
f 526/364/6 527/365/6 508/346/6
f 527/365/6 528/366/6 509/347/6
f 528/366/6 529/367/6 510/348/6
f 529/367/6 530/368/6 511/349/6
f 530/368/6 531/369/6 512/350/6
f 531/369/6 532/370/6 513/351/6
f 532/370/6 533/371/6 514/352/6
f 533/371/6 534/372/6 515/353/6
f 534/372/6 535/373/6 516/354/6
f 535/373/6 536/374/6 517/355/6
f 536/374/6 537/375/6 518/356/6
f 537/375/6 538/376/6 519/357/6
f 538/376/6 539/377/6 520/358/6
f 539/377/6 540/48/6 521/46/6
f 44/378/6 541/379/6 522/360/6
f 541/379/6 542/380/6 523/361/6
f 542/380/6 543/381/6 524/362/6
f 543/381/6 544/382/6 525/363/6
f 544/382/6 545/383/6 526/364/6
f 545/383/6 546/384/6 527/365/6
f 546/384/6 547/385/6 528/366/6
f 547/385/6 548/386/6 529/367/6
f 548/386/6 549/387/6 530/368/6
f 549/387/6 550/388/6 531/369/6
f 550/388/6 551/389/6 532/370/6
f 551/389/6 552/390/6 533/371/6
f 552/390/6 553/391/6 534/372/6
f 553/391/6 554/392/6 535/373/6
f 554/392/6 555/393/6 536/374/6
f 555/393/6 556/394/6 537/375/6
f 556/394/6 557/395/6 538/376/6
f 557/395/6 558/396/6 539/377/6
f 558/396/6 559/50/6 540/48/6
f 45/397/6 560/398/6 541/379/6
f 560/398/6 561/399/6 542/380/6
f 561/399/6 562/400/6 543/381/6
f 562/400/6 563/401/6 544/382/6
f 563/401/6 564/402/6 545/383/6
f 564/402/6 565/403/6 546/384/6
f 565/403/6 566/404/6 547/385/6
f 566/404/6 567/405/6 548/386/6
f 567/405/6 568/406/6 549/387/6
f 568/406/6 569/407/6 550/388/6
f 569/407/6 570/408/6 551/389/6
f 570/408/6 571/409/6 552/390/6
f 571/409/6 572/410/6 553/391/6
f 572/410/6 573/411/6 554/392/6
f 573/411/6 574/412/6 555/393/6
f 574/412/6 575/413/6 556/394/6
f 575/413/6 576/414/6 557/395/6
f 576/414/6 577/415/6 558/396/6
f 577/415/6 578/52/6 559/50/6
f 46/416/6 579/417/6 560/398/6
f 579/417/6 580/418/6 561/399/6
f 580/418/6 581/419/6 562/400/6
f 581/419/6 582/420/6 563/401/6
f 582/420/6 583/421/6 564/402/6
f 583/421/6 584/422/6 565/403/6
f 584/422/6 585/423/6 566/404/6
f 585/423/6 586/424/6 567/405/6
f 586/424/6 587/425/6 568/406/6
f 587/425/6 588/426/6 569/407/6
f 588/426/6 589/427/6 570/408/6
f 589/427/6 590/428/6 571/409/6
f 590/428/6 591/429/6 572/410/6
f 591/429/6 592/430/6 573/411/6
f 592/430/6 593/431/6 574/412/6
f 593/431/6 594/432/6 575/413/6
f 594/432/6 595/433/6 576/414/6
f 595/433/6 596/434/6 577/415/6
f 596/434/6 597/17/6 578/52/6
f 2/435/6 198/436/6 579/417/6
f 198/436/6 197/437/6 580/418/6
f 197/437/6 196/438/6 581/419/6
f 196/438/6 195/439/6 582/420/6
f 195/439/6 194/440/6 583/421/6
f 194/440/6 193/441/6 584/422/6
f 193/441/6 192/442/6 585/423/6
f 192/442/6 191/443/6 586/424/6
f 191/443/6 190/444/6 587/425/6
f 190/444/6 189/445/6 588/426/6
f 189/445/6 188/446/6 589/427/6
f 188/446/6 187/447/6 590/428/6
f 187/447/6 186/448/6 591/429/6
f 186/448/6 185/449/6 592/430/6
f 185/449/6 184/450/6 593/431/6
f 184/450/6 183/451/6 594/432/6
f 183/451/6 182/452/6 595/433/6
f 182/452/6 181/453/6 596/434/6
f 181/453/6 180/15/6 597/17/6
f 616/454/5 142/5/5 8/455/5
f 635/456/5 143/458/5 142/5/5
f 654/457/5 144/460/5 143/458/5
f 673/459/5 145/462/5 144/460/5
f 692/461/5 146/464/5 145/462/5
f 711/463/5 147/466/5 146/464/5
f 730/465/5 148/468/5 147/466/5
f 749/467/5 149/470/5 148/468/5
f 768/469/5 150/472/5 149/470/5
f 787/471/5 151/474/5 150/472/5
f 806/473/5 152/476/5 151/474/5
f 825/475/5 153/478/5 152/476/5
f 844/477/5 154/480/5 153/478/5
f 863/479/5 155/482/5 154/480/5
f 882/481/5 156/484/5 155/482/5
f 901/483/5 157/486/5 156/484/5
f 920/485/5 158/488/5 157/486/5
f 939/487/5 159/489/5 158/488/5
f 958/14/5 160/13/5 159/489/5
f 66/1/5 598/492/5 161/490/5
f 598/492/5 599/494/5 162/493/5
f 599/494/5 600/496/5 163/495/5
f 600/496/5 601/498/5 164/497/5
f 601/498/5 602/500/5 165/499/5
f 602/500/5 603/502/5 166/501/5
f 603/502/5 604/504/5 167/503/5
f 604/504/5 605/506/5 168/505/5
f 605/506/5 606/508/5 169/507/5
f 606/508/5 607/510/5 170/509/5
f 607/510/5 608/512/5 171/511/5
f 608/512/5 609/514/5 172/513/5
f 609/514/5 610/516/5 173/515/5
f 610/516/5 611/518/5 174/517/5
f 611/518/5 612/520/5 175/519/5
f 612/520/5 613/522/5 176/521/5
f 613/522/5 614/524/5 177/523/5
f 614/524/5 615/526/5 178/525/5
f 615/526/5 616/454/5 179/7/5
f 67/527/5 617/528/5 598/492/5
f 617/528/5 618/529/5 599/494/5
f 618/529/5 619/530/5 600/496/5
f 619/530/5 620/531/5 601/498/5
f 620/531/5 621/532/5 602/500/5
f 621/532/5 622/533/5 603/502/5
f 622/533/5 623/534/5 604/504/5
f 623/534/5 624/535/5 605/506/5
f 624/535/5 625/536/5 606/508/5
f 625/536/5 626/537/5 607/510/5
f 626/537/5 627/538/5 608/512/5
f 627/538/5 628/539/5 609/514/5
f 628/539/5 629/540/5 610/516/5
f 629/540/5 630/541/5 611/518/5
f 630/541/5 631/542/5 612/520/5
f 631/542/5 632/543/5 613/522/5
f 632/543/5 633/544/5 614/524/5
f 633/544/5 634/545/5 615/526/5
f 634/545/5 635/456/5 616/454/5
f 68/546/5 636/547/5 617/528/5
f 636/547/5 637/548/5 618/529/5
f 637/548/5 638/549/5 619/530/5
f 638/549/5 639/550/5 620/531/5
f 639/550/5 640/551/5 621/532/5
f 640/551/5 641/552/5 622/533/5
f 641/552/5 642/553/5 623/534/5
f 642/553/5 643/554/5 624/535/5
f 643/554/5 644/555/5 625/536/5
f 644/555/5 645/556/5 626/537/5
f 645/556/5 646/557/5 627/538/5
f 646/557/5 647/558/5 628/539/5
f 647/558/5 648/559/5 629/540/5
f 648/559/5 649/560/5 630/541/5
f 649/560/5 650/561/5 631/542/5
f 650/561/5 651/562/5 632/543/5
f 651/562/5 652/563/5 633/544/5
f 652/563/5 653/564/5 634/545/5
f 653/564/5 654/457/5 635/456/5
f 69/565/5 655/566/5 636/547/5
f 655/566/5 656/567/5 637/548/5
f 656/567/5 657/568/5 638/549/5
f 657/568/5 658/569/5 639/550/5
f 658/569/5 659/570/5 640/551/5
f 659/570/5 660/571/5 641/552/5
f 660/571/5 661/572/5 642/553/5
f 661/572/5 662/573/5 643/554/5
f 662/573/5 663/574/5 644/555/5
f 663/574/5 664/575/5 645/556/5
f 664/575/5 665/576/5 646/557/5
f 665/576/5 666/577/5 647/558/5
f 666/577/5 667/578/5 648/559/5
f 667/578/5 668/579/5 649/560/5
f 668/579/5 669/580/5 650/561/5
f 669/580/5 670/581/5 651/562/5
f 670/581/5 671/582/5 652/563/5
f 671/582/5 672/583/5 653/564/5
f 672/583/5 673/459/5 654/457/5
f 70/584/5 674/585/5 655/566/5
f 674/585/5 675/586/5 656/567/5
f 675/586/5 676/587/5 657/568/5
f 676/587/5 677/588/5 658/569/5
f 677/588/5 678/589/5 659/570/5
f 678/589/5 679/590/5 660/571/5
f 679/590/5 680/591/5 661/572/5
f 680/591/5 681/592/5 662/573/5
f 681/592/5 682/593/5 663/574/5
f 682/593/5 683/594/5 664/575/5
f 683/594/5 684/595/5 665/576/5
f 684/595/5 685/596/5 666/577/5
f 685/596/5 686/597/5 667/578/5
f 686/597/5 687/598/5 668/579/5
f 687/598/5 688/599/5 669/580/5
f 688/599/5 689/600/5 670/581/5
f 689/600/5 690/601/5 671/582/5
f 690/601/5 691/602/5 672/583/5
f 691/602/5 692/461/5 673/459/5
f 71/603/5 693/604/5 674/585/5
f 693/604/5 694/605/5 675/586/5
f 694/605/5 695/606/5 676/587/5
f 695/606/5 696/607/5 677/588/5
f 696/607/5 697/608/5 678/589/5
f 697/608/5 698/609/5 679/590/5
f 698/609/5 699/610/5 680/591/5
f 699/610/5 700/611/5 681/592/5
f 700/611/5 701/612/5 682/593/5
f 701/612/5 702/613/5 683/594/5
f 702/613/5 703/614/5 684/595/5
f 703/614/5 704/615/5 685/596/5
f 704/615/5 705/616/5 686/597/5
f 705/616/5 706/617/5 687/598/5
f 706/617/5 707/618/5 688/599/5
f 707/618/5 708/619/5 689/600/5
f 708/619/5 709/620/5 690/601/5
f 709/620/5 710/621/5 691/602/5
f 710/621/5 711/463/5 692/461/5
f 72/622/5 712/623/5 693/604/5
f 712/623/5 713/624/5 694/605/5
f 713/624/5 714/625/5 695/606/5
f 714/625/5 715/626/5 696/607/5
f 715/626/5 716/627/5 697/608/5
f 716/627/5 717/628/5 698/609/5
f 717/628/5 718/629/5 699/610/5
f 718/629/5 719/630/5 700/611/5
f 719/630/5 720/631/5 701/612/5
f 720/631/5 721/632/5 702/613/5
f 721/632/5 722/633/5 703/614/5
f 722/633/5 723/634/5 704/615/5
f 723/634/5 724/635/5 705/616/5
f 724/635/5 725/636/5 706/617/5
f 725/636/5 726/637/5 707/618/5
f 726/637/5 727/638/5 708/619/5
f 727/638/5 728/639/5 709/620/5
f 728/639/5 729/640/5 710/621/5
f 729/640/5 730/465/5 711/463/5
f 73/641/5 731/642/5 712/623/5
f 731/642/5 732/643/5 713/624/5
f 732/643/5 733/644/5 714/625/5
f 733/644/5 734/645/5 715/626/5
f 734/645/5 735/646/5 716/627/5
f 735/646/5 736/647/5 717/628/5
f 736/647/5 737/648/5 718/629/5
f 737/648/5 738/649/5 719/630/5
f 738/649/5 739/650/5 720/631/5
f 739/650/5 740/651/5 721/632/5
f 740/651/5 741/652/5 722/633/5
f 741/652/5 742/653/5 723/634/5
f 742/653/5 743/654/5 724/635/5
f 743/654/5 744/655/5 725/636/5
f 744/655/5 745/656/5 726/637/5
f 745/656/5 746/657/5 727/638/5
f 746/657/5 747/658/5 728/639/5
f 747/658/5 748/659/5 729/640/5
f 748/659/5 749/467/5 730/465/5
f 74/660/5 750/661/5 731/642/5
f 750/661/5 751/662/5 732/643/5
f 751/662/5 752/663/5 733/644/5
f 752/663/5 753/664/5 734/645/5
f 753/664/5 754/665/5 735/646/5
f 754/665/5 755/666/5 736/647/5
f 755/666/5 756/667/5 737/648/5
f 756/667/5 757/668/5 738/649/5
f 757/668/5 758/669/5 739/650/5
f 758/669/5 759/670/5 740/651/5
f 759/670/5 760/671/5 741/652/5
f 760/671/5 761/672/5 742/653/5
f 761/672/5 762/673/5 743/654/5
f 762/673/5 763/674/5 744/655/5
f 763/674/5 764/675/5 745/656/5
f 764/675/5 765/676/5 746/657/5
f 765/676/5 766/677/5 747/658/5
f 766/677/5 767/678/5 748/659/5
f 767/678/5 768/469/5 749/467/5
f 75/679/5 769/680/5 750/661/5
f 769/680/5 770/681/5 751/662/5
f 770/681/5 771/682/5 752/663/5
f 771/682/5 772/683/5 753/664/5
f 772/683/5 773/684/5 754/665/5
f 773/684/5 774/685/5 755/666/5
f 774/685/5 775/686/5 756/667/5
f 775/686/5 776/687/5 757/668/5
f 776/687/5 777/688/5 758/669/5
f 777/688/5 778/689/5 759/670/5
f 778/689/5 779/690/5 760/671/5
f 779/690/5 780/691/5 761/672/5
f 780/691/5 781/692/5 762/673/5
f 781/692/5 782/693/5 763/674/5
f 782/693/5 783/694/5 764/675/5
f 783/694/5 784/695/5 765/676/5
f 784/695/5 785/696/5 766/677/5
f 785/696/5 786/697/5 767/678/5
f 786/697/5 787/471/5 768/469/5
f 76/698/5 788/699/5 769/680/5
f 788/699/5 789/700/5 770/681/5
f 789/700/5 790/701/5 771/682/5
f 790/701/5 791/702/5 772/683/5
f 791/702/5 792/703/5 773/684/5
f 792/703/5 793/704/5 774/685/5
f 793/704/5 794/705/5 775/686/5
f 794/705/5 795/706/5 776/687/5
f 795/706/5 796/707/5 777/688/5
f 796/707/5 797/708/5 778/689/5
f 797/708/5 798/709/5 779/690/5
f 798/709/5 799/710/5 780/691/5
f 799/710/5 800/711/5 781/692/5
f 800/711/5 801/712/5 782/693/5
f 801/712/5 802/713/5 783/694/5
f 802/713/5 803/714/5 784/695/5
f 803/714/5 804/715/5 785/696/5
f 804/715/5 805/716/5 786/697/5
f 805/716/5 806/473/5 787/471/5
f 77/717/5 807/718/5 788/699/5
f 807/718/5 808/719/5 789/700/5
f 808/719/5 809/720/5 790/701/5
f 809/720/5 810/721/5 791/702/5
f 810/721/5 811/722/5 792/703/5
f 811/722/5 812/723/5 793/704/5
f 812/723/5 813/724/5 794/705/5
f 813/724/5 814/725/5 795/706/5
f 814/725/5 815/726/5 796/707/5
f 815/726/5 816/727/5 797/708/5
f 816/727/5 817/728/5 798/709/5
f 817/728/5 818/729/5 799/710/5
f 818/729/5 819/730/5 800/711/5
f 819/730/5 820/731/5 801/712/5
f 820/731/5 821/732/5 802/713/5
f 821/732/5 822/733/5 803/714/5
f 822/733/5 823/734/5 804/715/5
f 823/734/5 824/735/5 805/716/5
f 824/735/5 825/475/5 806/473/5
f 78/736/5 826/737/5 807/718/5
f 826/737/5 827/738/5 808/719/5
f 827/738/5 828/739/5 809/720/5
f 828/739/5 829/740/5 810/721/5
f 829/740/5 830/741/5 811/722/5
f 830/741/5 831/742/5 812/723/5
f 831/742/5 832/743/5 813/724/5
f 832/743/5 833/744/5 814/725/5
f 833/744/5 834/745/5 815/726/5
f 834/745/5 835/746/5 816/727/5
f 835/746/5 836/747/5 817/728/5
f 836/747/5 837/748/5 818/729/5
f 837/748/5 838/749/5 819/730/5
f 838/749/5 839/750/5 820/731/5
f 839/750/5 840/751/5 821/732/5
f 840/751/5 841/752/5 822/733/5
f 841/752/5 842/753/5 823/734/5
f 842/753/5 843/754/5 824/735/5
f 843/754/5 844/477/5 825/475/5
f 79/755/5 845/756/5 826/737/5
f 845/756/5 846/757/5 827/738/5
f 846/757/5 847/758/5 828/739/5
f 847/758/5 848/759/5 829/740/5
f 848/759/5 849/760/5 830/741/5
f 849/760/5 850/761/5 831/742/5
f 850/761/5 851/762/5 832/743/5
f 851/762/5 852/763/5 833/744/5
f 852/763/5 853/764/5 834/745/5
f 853/764/5 854/765/5 835/746/5
f 854/765/5 855/766/5 836/747/5
f 855/766/5 856/767/5 837/748/5
f 856/767/5 857/768/5 838/749/5
f 857/768/5 858/769/5 839/750/5
f 858/769/5 859/770/5 840/751/5
f 859/770/5 860/771/5 841/752/5
f 860/771/5 861/772/5 842/753/5
f 861/772/5 862/773/5 843/754/5
f 862/773/5 863/479/5 844/477/5
f 80/774/5 864/775/5 845/756/5
f 864/775/5 865/776/5 846/757/5
f 865/776/5 866/777/5 847/758/5
f 866/777/5 867/778/5 848/759/5
f 867/778/5 868/779/5 849/760/5
f 868/779/5 869/780/5 850/761/5
f 869/780/5 870/781/5 851/762/5
f 870/781/5 871/782/5 852/763/5
f 871/782/5 872/783/5 853/764/5
f 872/783/5 873/784/5 854/765/5
f 873/784/5 874/785/5 855/766/5
f 874/785/5 875/786/5 856/767/5
f 875/786/5 876/787/5 857/768/5
f 876/787/5 877/788/5 858/769/5
f 877/788/5 878/789/5 859/770/5
f 878/789/5 879/790/5 860/771/5
f 879/790/5 880/791/5 861/772/5
f 880/791/5 881/792/5 862/773/5
f 881/792/5 882/481/5 863/479/5
f 81/793/5 883/794/5 864/775/5
f 883/794/5 884/795/5 865/776/5
f 884/795/5 885/796/5 866/777/5
f 885/796/5 886/797/5 867/778/5
f 886/797/5 887/798/5 868/779/5
f 887/798/5 888/799/5 869/780/5
f 888/799/5 889/800/5 870/781/5
f 889/800/5 890/801/5 871/782/5
f 890/801/5 891/802/5 872/783/5
f 891/802/5 892/803/5 873/784/5
f 892/803/5 893/804/5 874/785/5
f 893/804/5 894/805/5 875/786/5
f 894/805/5 895/806/5 876/787/5
f 895/806/5 896/807/5 877/788/5
f 896/807/5 897/808/5 878/789/5
f 897/808/5 898/809/5 879/790/5
f 898/809/5 899/810/5 880/791/5
f 899/810/5 900/811/5 881/792/5
f 900/811/5 901/483/5 882/481/5
f 82/812/5 902/813/5 883/794/5
f 902/813/5 903/814/5 884/795/5
f 903/814/5 904/815/5 885/796/5
f 904/815/5 905/816/5 886/797/5
f 905/816/5 906/817/5 887/798/5
f 906/817/5 907/818/5 888/799/5
f 907/818/5 908/819/5 889/800/5
f 908/819/5 909/820/5 890/801/5
f 909/820/5 910/821/5 891/802/5
f 910/821/5 911/822/5 892/803/5
f 911/822/5 912/823/5 893/804/5
f 912/823/5 913/824/5 894/805/5
f 913/824/5 914/825/5 895/806/5
f 914/825/5 915/826/5 896/807/5
f 915/826/5 916/827/5 897/808/5
f 916/827/5 917/828/5 898/809/5
f 917/828/5 918/829/5 899/810/5
f 918/829/5 919/830/5 900/811/5
f 919/830/5 920/485/5 901/483/5
f 83/831/5 921/832/5 902/813/5
f 921/832/5 922/833/5 903/814/5
f 922/833/5 923/834/5 904/815/5
f 923/834/5 924/835/5 905/816/5
f 924/835/5 925/836/5 906/817/5
f 925/836/5 926/837/5 907/818/5
f 926/837/5 927/838/5 908/819/5
f 927/838/5 928/839/5 909/820/5
f 928/839/5 929/840/5 910/821/5
f 929/840/5 930/841/5 911/822/5
f 930/841/5 931/842/5 912/823/5
f 931/842/5 932/843/5 913/824/5
f 932/843/5 933/844/5 914/825/5
f 933/844/5 934/845/5 915/826/5
f 934/845/5 935/846/5 916/827/5
f 935/846/5 936/847/5 917/828/5
f 936/847/5 937/848/5 918/829/5
f 937/848/5 938/849/5 919/830/5
f 938/849/5 939/487/5 920/485/5
f 84/850/5 940/851/5 921/832/5
f 940/851/5 941/852/5 922/833/5
f 941/852/5 942/853/5 923/834/5
f 942/853/5 943/854/5 924/835/5
f 943/854/5 944/855/5 925/836/5
f 944/855/5 945/856/5 926/837/5
f 945/856/5 946/857/5 927/838/5
f 946/857/5 947/858/5 928/839/5
f 947/858/5 948/859/5 929/840/5
f 948/859/5 949/860/5 930/841/5
f 949/860/5 950/861/5 931/842/5
f 950/861/5 951/862/5 932/843/5
f 951/862/5 952/863/5 933/844/5
f 952/863/5 953/864/5 934/845/5
f 953/864/5 954/865/5 935/846/5
f 954/865/5 955/866/5 936/847/5
f 955/866/5 956/867/5 937/848/5
f 956/867/5 957/868/5 938/849/5
f 957/868/5 958/14/5 939/487/5
f 3/869/5 236/870/5 940/851/5
f 236/870/5 235/871/5 941/852/5
f 235/871/5 234/872/5 942/853/5
f 234/872/5 233/873/5 943/854/5
f 233/873/5 232/874/5 944/855/5
f 232/874/5 231/875/5 945/856/5
f 231/875/5 230/876/5 946/857/5
f 230/876/5 229/877/5 947/858/5
f 229/877/5 228/878/5 948/859/5
f 228/878/5 227/879/5 949/860/5
f 227/879/5 226/880/5 950/861/5
f 226/880/5 225/881/5 951/862/5
f 225/881/5 224/882/5 952/863/5
f 224/882/5 223/883/5 953/864/5
f 223/883/5 222/884/5 954/865/5
f 222/884/5 221/885/5 955/866/5
f 221/885/5 220/886/5 956/867/5
f 220/886/5 219/887/5 957/868/5
f 219/887/5 218/12/5 958/14/5
f 977/888/4 85/891/4 5/889/4
f 996/890/4 86/893/4 85/891/4
f 1015/892/4 87/895/4 86/893/4
f 1034/894/4 88/897/4 87/895/4
f 1053/896/4 89/899/4 88/897/4
f 1072/898/4 90/901/4 89/899/4
f 1091/900/4 91/903/4 90/901/4
f 1110/902/4 92/905/4 91/903/4
f 1129/904/4 93/907/4 92/905/4
f 1148/906/4 94/909/4 93/907/4
f 1167/908/4 95/911/4 94/909/4
f 1186/910/4 96/913/4 95/911/4
f 1205/912/4 97/915/4 96/913/4
f 1224/914/4 98/917/4 97/915/4
f 1243/916/4 99/919/4 98/917/4
f 1262/918/4 100/921/4 99/919/4
f 1281/920/4 101/923/4 100/921/4
f 1300/922/4 102/924/4 101/923/4
f 1319/11/4 103/10/4 102/924/4
f 9/925/4 959/944/4 236/870/4
f 236/870/4 959/944/4 960/926/4
f 960/926/4 961/927/4 234/872/4
f 961/927/4 962/928/4 233/873/4
f 962/928/4 963/929/4 232/874/4
f 963/929/4 964/930/4 231/875/4
f 964/930/4 965/931/4 230/876/4
f 965/931/4 966/932/4 229/877/4
f 966/932/4 967/933/4 228/878/4
f 967/933/4 968/934/4 227/879/4
f 968/934/4 969/935/4 226/880/4
f 969/935/4 970/936/4 225/881/4
f 970/936/4 971/937/4 224/882/4
f 971/937/4 972/938/4 223/883/4
f 972/938/4 973/939/4 222/884/4
f 973/939/4 974/940/4 221/885/4
f 974/940/4 975/941/4 220/886/4
f 975/941/4 976/942/4 219/887/4
f 976/942/4 977/888/4 218/12/4
f 10/943/4 978/945/4 959/944/4
f 978/945/4 979/946/4 960/926/4
f 979/946/4 980/947/4 961/927/4
f 980/947/4 981/948/4 962/928/4
f 981/948/4 982/949/4 963/929/4
f 982/949/4 983/950/4 964/930/4
f 983/950/4 984/951/4 965/931/4
f 984/951/4 985/952/4 966/932/4
f 985/952/4 986/953/4 967/933/4
f 986/953/4 987/954/4 968/934/4
f 987/954/4 988/955/4 969/935/4
f 988/955/4 989/956/4 970/936/4
f 989/956/4 990/957/4 971/937/4
f 990/957/4 991/958/4 972/938/4
f 991/958/4 992/959/4 973/939/4
f 992/959/4 993/960/4 974/940/4
f 993/960/4 994/961/4 975/941/4
f 994/961/4 995/962/4 976/942/4
f 995/962/4 996/890/4 977/888/4
f 11/963/4 997/964/4 978/945/4
f 997/964/4 998/965/4 979/946/4
f 998/965/4 999/966/4 980/947/4
f 999/966/4 1000/967/4 981/948/4
f 1000/967/4 1001/968/4 982/949/4
f 1001/968/4 1002/969/4 983/950/4
f 1002/969/4 1003/970/4 984/951/4
f 1003/970/4 1004/971/4 985/952/4
f 1004/971/4 1005/972/4 986/953/4
f 1005/972/4 1006/973/4 987/954/4
f 1006/973/4 1007/974/4 988/955/4
f 1007/974/4 1008/975/4 989/956/4
f 1008/975/4 1009/976/4 990/957/4
f 1009/976/4 1010/977/4 991/958/4
f 1010/977/4 1011/978/4 992/959/4
f 1011/978/4 1012/979/4 993/960/4
f 1012/979/4 1013/980/4 994/961/4
f 1013/980/4 1014/981/4 995/962/4
f 1014/981/4 1015/892/4 996/890/4
f 12/982/4 1016/983/4 997/964/4
f 1016/983/4 1017/984/4 998/965/4
f 1017/984/4 1018/985/4 999/966/4
f 1018/985/4 1019/986/4 1000/967/4
f 1019/986/4 1020/987/4 1001/968/4
f 1020/987/4 1021/988/4 1002/969/4
f 1021/988/4 1022/989/4 1003/970/4
f 1022/989/4 1023/990/4 1004/971/4
f 1023/990/4 1024/991/4 1005/972/4
f 1024/991/4 1025/992/4 1006/973/4
f 1025/992/4 1026/993/4 1007/974/4
f 1026/993/4 1027/994/4 1008/975/4
f 1027/994/4 1028/995/4 1009/976/4
f 1028/995/4 1029/996/4 1010/977/4
f 1029/996/4 1030/997/4 1011/978/4
f 1030/997/4 1031/998/4 1012/979/4
f 1031/998/4 1032/999/4 1013/980/4
f 1032/999/4 1033/1000/4 1014/981/4
f 1033/1000/4 1034/894/4 1015/892/4
f 13/1001/4 1035/1002/4 1016/983/4
f 1035/1002/4 1036/1003/4 1017/984/4
f 1036/1003/4 1037/1004/4 1018/985/4
f 1037/1004/4 1038/1005/4 1019/986/4
f 1038/1005/4 1039/1006/4 1020/987/4
f 1039/1006/4 1040/1007/4 1021/988/4
f 1040/1007/4 1041/1008/4 1022/989/4
f 1041/1008/4 1042/1009/4 1023/990/4
f 1042/1009/4 1043/1010/4 1024/991/4
f 1043/1010/4 1044/1011/4 1025/992/4
f 1044/1011/4 1045/1012/4 1026/993/4
f 1045/1012/4 1046/1013/4 1027/994/4
f 1046/1013/4 1047/1014/4 1028/995/4
f 1047/1014/4 1048/1015/4 1029/996/4
f 1048/1015/4 1049/1016/4 1030/997/4
f 1049/1016/4 1050/1017/4 1031/998/4
f 1050/1017/4 1051/1018/4 1032/999/4
f 1051/1018/4 1052/1019/4 1033/1000/4
f 1052/1019/4 1053/896/4 1034/894/4
f 14/1020/4 1054/1021/4 1035/1002/4
f 1054/1021/4 1055/1022/4 1036/1003/4
f 1055/1022/4 1056/1023/4 1037/1004/4
f 1056/1023/4 1057/1024/4 1038/1005/4
f 1057/1024/4 1058/1025/4 1039/1006/4
f 1058/1025/4 1059/1026/4 1040/1007/4
f 1059/1026/4 1060/1027/4 1041/1008/4
f 1060/1027/4 1061/1028/4 1042/1009/4
f 1061/1028/4 1062/1029/4 1043/1010/4
f 1062/1029/4 1063/1030/4 1044/1011/4
f 1063/1030/4 1064/1031/4 1045/1012/4
f 1064/1031/4 1065/1032/4 1046/1013/4
f 1065/1032/4 1066/1033/4 1047/1014/4
f 1066/1033/4 1067/1034/4 1048/1015/4
f 1067/1034/4 1068/1035/4 1049/1016/4
f 1068/1035/4 1069/1036/4 1050/1017/4
f 1069/1036/4 1070/1037/4 1051/1018/4
f 1070/1037/4 1071/1038/4 1052/1019/4
f 1071/1038/4 1072/898/4 1053/896/4
f 15/1039/4 1073/1040/4 1054/1021/4
f 1073/1040/4 1074/1041/4 1055/1022/4
f 1074/1041/4 1075/1042/4 1056/1023/4
f 1075/1042/4 1076/1043/4 1057/1024/4
f 1076/1043/4 1077/1044/4 1058/1025/4
f 1077/1044/4 1078/1045/4 1059/1026/4
f 1078/1045/4 1079/1046/4 1060/1027/4
f 1079/1046/4 1080/1047/4 1061/1028/4
f 1080/1047/4 1081/1048/4 1062/1029/4
f 1081/1048/4 1082/1049/4 1063/1030/4
f 1082/1049/4 1083/1050/4 1064/1031/4
f 1083/1050/4 1084/1051/4 1065/1032/4
f 1084/1051/4 1085/1052/4 1066/1033/4
f 1085/1052/4 1086/1053/4 1067/1034/4
f 1086/1053/4 1087/1054/4 1068/1035/4
f 1087/1054/4 1088/1055/4 1069/1036/4
f 1088/1055/4 1089/1056/4 1070/1037/4
f 1089/1056/4 1090/1057/4 1071/1038/4
f 1090/1057/4 1091/900/4 1072/898/4
f 16/1058/4 1092/1059/4 1073/1040/4
f 1092/1059/4 1093/1060/4 1074/1041/4
f 1093/1060/4 1094/1061/4 1075/1042/4
f 1094/1061/4 1095/1062/4 1076/1043/4
f 1095/1062/4 1096/1063/4 1077/1044/4
f 1096/1063/4 1097/1064/4 1078/1045/4
f 1097/1064/4 1098/1065/4 1079/1046/4
f 1098/1065/4 1099/1066/4 1080/1047/4
f 1099/1066/4 1100/1067/4 1081/1048/4
f 1100/1067/4 1101/1068/4 1082/1049/4
f 1101/1068/4 1102/1069/4 1083/1050/4
f 1102/1069/4 1103/1070/4 1084/1051/4
f 1103/1070/4 1104/1071/4 1085/1052/4
f 1104/1071/4 1105/1072/4 1086/1053/4
f 1105/1072/4 1106/1073/4 1087/1054/4
f 1106/1073/4 1107/1074/4 1088/1055/4
f 1107/1074/4 1108/1075/4 1089/1056/4
f 1108/1075/4 1109/1076/4 1090/1057/4
f 1109/1076/4 1110/902/4 1091/900/4
f 17/1077/4 1111/1078/4 1092/1059/4
f 1111/1078/4 1112/1079/4 1093/1060/4
f 1112/1079/4 1113/1080/4 1094/1061/4
f 1113/1080/4 1114/1081/4 1095/1062/4
f 1114/1081/4 1115/1082/4 1096/1063/4
f 1115/1082/4 1116/1083/4 1097/1064/4
f 1116/1083/4 1117/1084/4 1098/1065/4
f 1117/1084/4 1118/1085/4 1099/1066/4
f 1118/1085/4 1119/1086/4 1100/1067/4
f 1119/1086/4 1120/1087/4 1101/1068/4
f 1120/1087/4 1121/1088/4 1102/1069/4
f 1121/1088/4 1122/1089/4 1103/1070/4
f 1122/1089/4 1123/1090/4 1104/1071/4
f 1123/1090/4 1124/1091/4 1105/1072/4
f 1124/1091/4 1125/1092/4 1106/1073/4
f 1125/1092/4 1126/1093/4 1107/1074/4
f 1126/1093/4 1127/1094/4 1108/1075/4
f 1127/1094/4 1128/1095/4 1109/1076/4
f 1128/1095/4 1129/904/4 1110/902/4
f 18/1096/4 1130/1097/4 1111/1078/4
f 1130/1097/4 1131/1098/4 1112/1079/4
f 1131/1098/4 1132/1099/4 1113/1080/4
f 1132/1099/4 1133/1100/4 1114/1081/4
f 1133/1100/4 1134/1101/4 1115/1082/4
f 1134/1101/4 1135/1102/4 1116/1083/4
f 1135/1102/4 1136/1103/4 1117/1084/4
f 1136/1103/4 1137/1104/4 1118/1085/4
f 1137/1104/4 1138/1105/4 1119/1086/4
f 1138/1105/4 1139/1106/4 1120/1087/4
f 1139/1106/4 1140/1107/4 1121/1088/4
f 1140/1107/4 1141/1108/4 1122/1089/4
f 1141/1108/4 1142/1109/4 1123/1090/4
f 1142/1109/4 1143/1110/4 1124/1091/4
f 1143/1110/4 1144/1111/4 1125/1092/4
f 1144/1111/4 1145/1112/4 1126/1093/4
f 1145/1112/4 1146/1113/4 1127/1094/4
f 1146/1113/4 1147/1114/4 1128/1095/4
f 1147/1114/4 1148/906/4 1129/904/4
f 19/1115/4 1149/1116/4 1130/1097/4
f 1149/1116/4 1150/1117/4 1131/1098/4
f 1150/1117/4 1151/1118/4 1132/1099/4
f 1151/1118/4 1152/1119/4 1133/1100/4
f 1152/1119/4 1153/1120/4 1134/1101/4
f 1153/1120/4 1154/1121/4 1135/1102/4
f 1154/1121/4 1155/1122/4 1136/1103/4
f 1155/1122/4 1156/1123/4 1137/1104/4
f 1156/1123/4 1157/1124/4 1138/1105/4
f 1157/1124/4 1158/1125/4 1139/1106/4
f 1158/1125/4 1159/1126/4 1140/1107/4
f 1159/1126/4 1160/1127/4 1141/1108/4
f 1160/1127/4 1161/1128/4 1142/1109/4
f 1161/1128/4 1162/1129/4 1143/1110/4
f 1162/1129/4 1163/1130/4 1144/1111/4
f 1163/1130/4 1164/1131/4 1145/1112/4
f 1164/1131/4 1165/1132/4 1146/1113/4
f 1165/1132/4 1166/1133/4 1147/1114/4
f 1166/1133/4 1167/908/4 1148/906/4
f 20/1134/4 1168/1135/4 1149/1116/4
f 1168/1135/4 1169/1136/4 1150/1117/4
f 1169/1136/4 1170/1137/4 1151/1118/4
f 1170/1137/4 1171/1138/4 1152/1119/4
f 1171/1138/4 1172/1139/4 1153/1120/4
f 1172/1139/4 1173/1140/4 1154/1121/4
f 1173/1140/4 1174/1141/4 1155/1122/4
f 1174/1141/4 1175/1142/4 1156/1123/4
f 1175/1142/4 1176/1143/4 1157/1124/4
f 1176/1143/4 1177/1144/4 1158/1125/4
f 1177/1144/4 1178/1145/4 1159/1126/4
f 1178/1145/4 1179/1146/4 1160/1127/4
f 1179/1146/4 1180/1147/4 1161/1128/4
f 1180/1147/4 1181/1148/4 1162/1129/4
f 1181/1148/4 1182/1149/4 1163/1130/4
f 1182/1149/4 1183/1150/4 1164/1131/4
f 1183/1150/4 1184/1151/4 1165/1132/4
f 1184/1151/4 1185/1152/4 1166/1133/4
f 1185/1152/4 1186/910/4 1167/908/4
f 21/1153/4 1187/1154/4 1168/1135/4
f 1187/1154/4 1188/1155/4 1169/1136/4
f 1188/1155/4 1189/1156/4 1170/1137/4
f 1189/1156/4 1190/1157/4 1171/1138/4
f 1190/1157/4 1191/1158/4 1172/1139/4
f 1191/1158/4 1192/1159/4 1173/1140/4
f 1192/1159/4 1193/1160/4 1174/1141/4
f 1193/1160/4 1194/1161/4 1175/1142/4
f 1194/1161/4 1195/1162/4 1176/1143/4
f 1195/1162/4 1196/1163/4 1177/1144/4
f 1196/1163/4 1197/1164/4 1178/1145/4
f 1197/1164/4 1198/1165/4 1179/1146/4
f 1198/1165/4 1199/1166/4 1180/1147/4
f 1199/1166/4 1200/1167/4 1181/1148/4
f 1200/1167/4 1201/1168/4 1182/1149/4
f 1201/1168/4 1202/1169/4 1183/1150/4
f 1202/1169/4 1203/1170/4 1184/1151/4
f 1203/1170/4 1204/1171/4 1185/1152/4
f 1204/1171/4 1205/912/4 1186/910/4
f 22/1172/4 1206/1173/4 1187/1154/4
f 1206/1173/4 1207/1174/4 1188/1155/4
f 1207/1174/4 1208/1175/4 1189/1156/4
f 1208/1175/4 1209/1176/4 1190/1157/4
f 1209/1176/4 1210/1177/4 1191/1158/4
f 1210/1177/4 1211/1178/4 1192/1159/4
f 1211/1178/4 1212/1179/4 1193/1160/4
f 1212/1179/4 1213/1180/4 1194/1161/4
f 1213/1180/4 1214/1181/4 1195/1162/4
f 1214/1181/4 1215/1182/4 1196/1163/4
f 1215/1182/4 1216/1183/4 1197/1164/4
f 1216/1183/4 1217/1184/4 1198/1165/4
f 1217/1184/4 1218/1185/4 1199/1166/4
f 1218/1185/4 1219/1186/4 1200/1167/4
f 1219/1186/4 1220/1187/4 1201/1168/4
f 1220/1187/4 1221/1188/4 1202/1169/4
f 1221/1188/4 1222/1189/4 1203/1170/4
f 1222/1189/4 1223/1190/4 1204/1171/4
f 1223/1190/4 1224/914/4 1205/912/4
f 23/1191/4 1225/1192/4 1206/1173/4
f 1225/1192/4 1226/1193/4 1207/1174/4
f 1226/1193/4 1227/1194/4 1208/1175/4
f 1227/1194/4 1228/1195/4 1209/1176/4
f 1228/1195/4 1229/1196/4 1210/1177/4
f 1229/1196/4 1230/1197/4 1211/1178/4
f 1230/1197/4 1231/1198/4 1212/1179/4
f 1231/1198/4 1232/1199/4 1213/1180/4
f 1232/1199/4 1233/1200/4 1214/1181/4
f 1233/1200/4 1234/1201/4 1215/1182/4
f 1234/1201/4 1235/1202/4 1216/1183/4
f 1235/1202/4 1236/1203/4 1217/1184/4
f 1236/1203/4 1237/1204/4 1218/1185/4
f 1237/1204/4 1238/1205/4 1219/1186/4
f 1238/1205/4 1239/1206/4 1220/1187/4
f 1239/1206/4 1240/1207/4 1221/1188/4
f 1240/1207/4 1241/1208/4 1222/1189/4
f 1241/1208/4 1242/1209/4 1223/1190/4
f 1242/1209/4 1243/916/4 1224/914/4
f 24/1210/4 1244/1211/4 1225/1192/4
f 1244/1211/4 1245/1212/4 1226/1193/4
f 1245/1212/4 1246/1213/4 1227/1194/4
f 1246/1213/4 1247/1214/4 1228/1195/4
f 1247/1214/4 1248/1215/4 1229/1196/4
f 1248/1215/4 1249/1216/4 1230/1197/4
f 1249/1216/4 1250/1217/4 1231/1198/4
f 1250/1217/4 1251/1218/4 1232/1199/4
f 1251/1218/4 1252/1219/4 1233/1200/4
f 1252/1219/4 1253/1220/4 1234/1201/4
f 1253/1220/4 1254/1221/4 1235/1202/4
f 1254/1221/4 1255/1222/4 1236/1203/4
f 1255/1222/4 1256/1223/4 1237/1204/4
f 1256/1223/4 1257/1224/4 1238/1205/4
f 1257/1224/4 1258/1225/4 1239/1206/4
f 1258/1225/4 1259/1226/4 1240/1207/4
f 1259/1226/4 1260/1227/4 1241/1208/4
f 1260/1227/4 1261/1228/4 1242/1209/4
f 1261/1228/4 1262/918/4 1243/916/4
f 25/1229/4 1263/1230/4 1244/1211/4
f 1263/1230/4 1264/1231/4 1245/1212/4
f 1264/1231/4 1265/1232/4 1246/1213/4
f 1265/1232/4 1266/1233/4 1247/1214/4
f 1266/1233/4 1267/1234/4 1248/1215/4
f 1267/1234/4 1268/1235/4 1249/1216/4
f 1268/1235/4 1269/1236/4 1250/1217/4
f 1269/1236/4 1270/1237/4 1251/1218/4
f 1270/1237/4 1271/1238/4 1252/1219/4
f 1271/1238/4 1272/1239/4 1253/1220/4
f 1272/1239/4 1273/1240/4 1254/1221/4
f 1273/1240/4 1274/1241/4 1255/1222/4
f 1274/1241/4 1275/1242/4 1256/1223/4
f 1275/1242/4 1276/1243/4 1257/1224/4
f 1276/1243/4 1277/1244/4 1258/1225/4
f 1277/1244/4 1278/1245/4 1259/1226/4
f 1278/1245/4 1279/1246/4 1260/1227/4
f 1279/1246/4 1280/1247/4 1261/1228/4
f 1280/1247/4 1281/920/4 1262/918/4
f 26/1248/4 1282/1249/4 1263/1230/4
f 1282/1249/4 1283/1250/4 1264/1231/4
f 1283/1250/4 1284/1251/4 1265/1232/4
f 1284/1251/4 1285/1252/4 1266/1233/4
f 1285/1252/4 1286/1253/4 1267/1234/4
f 1286/1253/4 1287/1254/4 1268/1235/4
f 1287/1254/4 1288/1255/4 1269/1236/4
f 1288/1255/4 1289/1256/4 1270/1237/4
f 1289/1256/4 1290/1257/4 1271/1238/4
f 1290/1257/4 1291/1258/4 1272/1239/4
f 1291/1258/4 1292/1259/4 1273/1240/4
f 1292/1259/4 1293/1260/4 1274/1241/4
f 1293/1260/4 1294/1261/4 1275/1242/4
f 1294/1261/4 1295/1262/4 1276/1243/4
f 1295/1262/4 1296/1263/4 1277/1244/4
f 1296/1263/4 1297/1264/4 1278/1245/4
f 1297/1264/4 1298/1265/4 1279/1246/4
f 1298/1265/4 1299/1266/4 1280/1247/4
f 1299/1266/4 1300/922/4 1281/920/4
f 27/1267/4 1301/1268/4 1282/1249/4
f 1301/1268/4 1302/1269/4 1283/1250/4
f 1302/1269/4 1303/1270/4 1284/1251/4
f 1303/1270/4 1304/1271/4 1285/1252/4
f 1304/1271/4 1305/1272/4 1286/1253/4
f 1305/1272/4 1306/1273/4 1287/1254/4
f 1306/1273/4 1307/1274/4 1288/1255/4
f 1307/1274/4 1308/1275/4 1289/1256/4
f 1308/1275/4 1309/1276/4 1290/1257/4
f 1309/1276/4 1310/1277/4 1291/1258/4
f 1310/1277/4 1311/1278/4 1292/1259/4
f 1311/1278/4 1312/1279/4 1293/1260/4
f 1312/1279/4 1313/1280/4 1294/1261/4
f 1313/1280/4 1314/1281/4 1295/1262/4
f 1314/1281/4 1315/1282/4 1296/1263/4
f 1315/1282/4 1316/1283/4 1297/1264/4
f 1316/1283/4 1317/1284/4 1298/1265/4
f 1317/1284/4 1318/1285/4 1299/1266/4
f 1318/1285/4 1319/11/4 1300/922/4
f 1/57/4 199/56/4 1301/1268/4
f 199/56/4 200/59/4 1302/1269/4
f 200/59/4 201/61/4 1303/1270/4
f 201/61/4 202/63/4 1304/1271/4
f 202/63/4 203/65/4 1305/1272/4
f 203/65/4 204/67/4 1306/1273/4
f 204/67/4 205/69/4 1307/1274/4
f 205/69/4 206/71/4 1308/1275/4
f 206/71/4 207/73/4 1309/1276/4
f 207/73/4 208/75/4 1310/1277/4
f 208/75/4 209/77/4 1311/1278/4
f 209/77/4 210/79/4 1312/1279/4
f 210/79/4 211/81/4 1313/1280/4
f 211/81/4 212/83/4 1314/1281/4
f 212/83/4 213/85/4 1315/1282/4
f 213/85/4 214/87/4 1316/1283/4
f 214/87/4 215/89/4 1317/1284/4
f 215/89/4 216/91/4 1318/1285/4
f 216/91/4 217/9/4 1319/11/4
f 1338/1286/3 123/1289/3 7/1287/3
f 1357/1288/3 124/1291/3 123/1289/3
f 1376/1290/3 125/1293/3 124/1291/3
f 1395/1292/3 126/1295/3 125/1293/3
f 1414/1294/3 127/1297/3 126/1295/3
f 1433/1296/3 128/1299/3 127/1297/3
f 1452/1298/3 129/1301/3 128/1299/3
f 1471/1300/3 130/1303/3 129/1301/3
f 1490/1302/3 131/1305/3 130/1303/3
f 1509/1304/3 132/1307/3 131/1305/3
f 1528/1306/3 133/1309/3 132/1307/3
f 1547/1308/3 134/1311/3 133/1309/3
f 1566/1310/3 135/1313/3 134/1311/3
f 1585/1312/3 136/1315/3 135/1313/3
f 1604/1314/3 137/1317/3 136/1315/3
f 1623/1316/3 138/1319/3 137/1317/3
f 1642/1318/3 139/1321/3 138/1319/3
f 1661/1320/3 140/1322/3 139/1321/3
f 1680/8/3 141/4/3 140/1322/3
f 47/1323/3 1320/1342/3 198/436/3
f 198/436/3 1320/1342/3 1321/1324/3
f 1321/1324/3 1322/1325/3 196/438/3
f 1322/1325/3 1323/1326/3 195/439/3
f 1323/1326/3 1324/1327/3 194/440/3
f 1324/1327/3 1325/1328/3 193/441/3
f 1325/1328/3 1326/1329/3 192/442/3
f 1326/1329/3 1327/1330/3 191/443/3
f 1327/1330/3 1328/1331/3 190/444/3
f 1328/1331/3 1329/1332/3 189/445/3
f 1329/1332/3 1330/1333/3 188/446/3
f 1330/1333/3 1331/1334/3 187/447/3
f 1331/1334/3 1332/1335/3 186/448/3
f 1332/1335/3 1333/1336/3 185/449/3
f 1333/1336/3 1334/1337/3 184/450/3
f 1334/1337/3 1335/1338/3 183/451/3
f 1335/1338/3 1336/1339/3 182/452/3
f 1336/1339/3 1337/1340/3 181/453/3
f 1337/1340/3 1338/1286/3 180/15/3
f 48/1341/3 1339/1343/3 1320/1342/3
f 1339/1343/3 1340/1344/3 1321/1324/3
f 1340/1344/3 1341/1345/3 1322/1325/3
f 1341/1345/3 1342/1346/3 1323/1326/3
f 1342/1346/3 1343/1347/3 1324/1327/3
f 1343/1347/3 1344/1348/3 1325/1328/3
f 1344/1348/3 1345/1349/3 1326/1329/3
f 1345/1349/3 1346/1350/3 1327/1330/3
f 1346/1350/3 1347/1351/3 1328/1331/3
f 1347/1351/3 1348/1352/3 1329/1332/3
f 1348/1352/3 1349/1353/3 1330/1333/3
f 1349/1353/3 1350/1354/3 1331/1334/3
f 1350/1354/3 1351/1355/3 1332/1335/3
f 1351/1355/3 1352/1356/3 1333/1336/3
f 1352/1356/3 1353/1357/3 1334/1337/3
f 1353/1357/3 1354/1358/3 1335/1338/3
f 1354/1358/3 1355/1359/3 1336/1339/3
f 1355/1359/3 1356/1360/3 1337/1340/3
f 1356/1360/3 1357/1288/3 1338/1286/3
f 49/1361/3 1358/1362/3 1339/1343/3
f 1358/1362/3 1359/1363/3 1340/1344/3
f 1359/1363/3 1360/1364/3 1341/1345/3
f 1360/1364/3 1361/1365/3 1342/1346/3
f 1361/1365/3 1362/1366/3 1343/1347/3
f 1362/1366/3 1363/1367/3 1344/1348/3
f 1363/1367/3 1364/1368/3 1345/1349/3
f 1364/1368/3 1365/1369/3 1346/1350/3
f 1365/1369/3 1366/1370/3 1347/1351/3
f 1366/1370/3 1367/1371/3 1348/1352/3
f 1367/1371/3 1368/1372/3 1349/1353/3
f 1368/1372/3 1369/1373/3 1350/1354/3
f 1369/1373/3 1370/1374/3 1351/1355/3
f 1370/1374/3 1371/1375/3 1352/1356/3
f 1371/1375/3 1372/1376/3 1353/1357/3
f 1372/1376/3 1373/1377/3 1354/1358/3
f 1373/1377/3 1374/1378/3 1355/1359/3
f 1374/1378/3 1375/1379/3 1356/1360/3
f 1375/1379/3 1376/1290/3 1357/1288/3
f 50/1380/3 1377/1381/3 1358/1362/3
f 1377/1381/3 1378/1382/3 1359/1363/3
f 1378/1382/3 1379/1383/3 1360/1364/3
f 1379/1383/3 1380/1384/3 1361/1365/3
f 1380/1384/3 1381/1385/3 1362/1366/3
f 1381/1385/3 1382/1386/3 1363/1367/3
f 1382/1386/3 1383/1387/3 1364/1368/3
f 1383/1387/3 1384/1388/3 1365/1369/3
f 1384/1388/3 1385/1389/3 1366/1370/3
f 1385/1389/3 1386/1390/3 1367/1371/3
f 1386/1390/3 1387/1391/3 1368/1372/3
f 1387/1391/3 1388/1392/3 1369/1373/3
f 1388/1392/3 1389/1393/3 1370/1374/3
f 1389/1393/3 1390/1394/3 1371/1375/3
f 1390/1394/3 1391/1395/3 1372/1376/3
f 1391/1395/3 1392/1396/3 1373/1377/3
f 1392/1396/3 1393/1397/3 1374/1378/3
f 1393/1397/3 1394/1398/3 1375/1379/3
f 1394/1398/3 1395/1292/3 1376/1290/3
f 51/1399/3 1396/1400/3 1377/1381/3
f 1396/1400/3 1397/1401/3 1378/1382/3
f 1397/1401/3 1398/1402/3 1379/1383/3
f 1398/1402/3 1399/1403/3 1380/1384/3
f 1399/1403/3 1400/1404/3 1381/1385/3
f 1400/1404/3 1401/1405/3 1382/1386/3
f 1401/1405/3 1402/1406/3 1383/1387/3
f 1402/1406/3 1403/1407/3 1384/1388/3
f 1403/1407/3 1404/1408/3 1385/1389/3
f 1404/1408/3 1405/1409/3 1386/1390/3
f 1405/1409/3 1406/1410/3 1387/1391/3
f 1406/1410/3 1407/1411/3 1388/1392/3
f 1407/1411/3 1408/1412/3 1389/1393/3
f 1408/1412/3 1409/1413/3 1390/1394/3
f 1409/1413/3 1410/1414/3 1391/1395/3
f 1410/1414/3 1411/1415/3 1392/1396/3
f 1411/1415/3 1412/1416/3 1393/1397/3
f 1412/1416/3 1413/1417/3 1394/1398/3
f 1413/1417/3 1414/1294/3 1395/1292/3
f 52/1418/3 1415/1419/3 1396/1400/3
f 1415/1419/3 1416/1420/3 1397/1401/3
f 1416/1420/3 1417/1421/3 1398/1402/3
f 1417/1421/3 1418/1422/3 1399/1403/3
f 1418/1422/3 1419/1423/3 1400/1404/3
f 1419/1423/3 1420/1424/3 1401/1405/3
f 1420/1424/3 1421/1425/3 1402/1406/3
f 1421/1425/3 1422/1426/3 1403/1407/3
f 1422/1426/3 1423/1427/3 1404/1408/3
f 1423/1427/3 1424/1428/3 1405/1409/3
f 1424/1428/3 1425/1429/3 1406/1410/3
f 1425/1429/3 1426/1430/3 1407/1411/3
f 1426/1430/3 1427/1431/3 1408/1412/3
f 1427/1431/3 1428/1432/3 1409/1413/3
f 1428/1432/3 1429/1433/3 1410/1414/3
f 1429/1433/3 1430/1434/3 1411/1415/3
f 1430/1434/3 1431/1435/3 1412/1416/3
f 1431/1435/3 1432/1436/3 1413/1417/3
f 1432/1436/3 1433/1296/3 1414/1294/3
f 53/1437/3 1434/1438/3 1415/1419/3
f 1434/1438/3 1435/1439/3 1416/1420/3
f 1435/1439/3 1436/1440/3 1417/1421/3
f 1436/1440/3 1437/1441/3 1418/1422/3
f 1437/1441/3 1438/1442/3 1419/1423/3
f 1438/1442/3 1439/1443/3 1420/1424/3
f 1439/1443/3 1440/1444/3 1421/1425/3
f 1440/1444/3 1441/1445/3 1422/1426/3
f 1441/1445/3 1442/1446/3 1423/1427/3
f 1442/1446/3 1443/1447/3 1424/1428/3
f 1443/1447/3 1444/1448/3 1425/1429/3
f 1444/1448/3 1445/1449/3 1426/1430/3
f 1445/1449/3 1446/1450/3 1427/1431/3
f 1446/1450/3 1447/1451/3 1428/1432/3
f 1447/1451/3 1448/1452/3 1429/1433/3
f 1448/1452/3 1449/1453/3 1430/1434/3
f 1449/1453/3 1450/1454/3 1431/1435/3
f 1450/1454/3 1451/1455/3 1432/1436/3
f 1451/1455/3 1452/1298/3 1433/1296/3
f 54/1456/3 1453/1457/3 1434/1438/3
f 1453/1457/3 1454/1458/3 1435/1439/3
f 1454/1458/3 1455/1459/3 1436/1440/3
f 1455/1459/3 1456/1460/3 1437/1441/3
f 1456/1460/3 1457/1461/3 1438/1442/3
f 1457/1461/3 1458/1462/3 1439/1443/3
f 1458/1462/3 1459/1463/3 1440/1444/3
f 1459/1463/3 1460/1464/3 1441/1445/3
f 1460/1464/3 1461/1465/3 1442/1446/3
f 1461/1465/3 1462/1466/3 1443/1447/3
f 1462/1466/3 1463/1467/3 1444/1448/3
f 1463/1467/3 1464/1468/3 1445/1449/3
f 1464/1468/3 1465/1469/3 1446/1450/3
f 1465/1469/3 1466/1470/3 1447/1451/3
f 1466/1470/3 1467/1471/3 1448/1452/3
f 1467/1471/3 1468/1472/3 1449/1453/3
f 1468/1472/3 1469/1473/3 1450/1454/3
f 1469/1473/3 1470/1474/3 1451/1455/3
f 1470/1474/3 1471/1300/3 1452/1298/3
f 55/1475/3 1472/1476/3 1453/1457/3
f 1472/1476/3 1473/1477/3 1454/1458/3
f 1473/1477/3 1474/1478/3 1455/1459/3
f 1474/1478/3 1475/1479/3 1456/1460/3
f 1475/1479/3 1476/1480/3 1457/1461/3
f 1476/1480/3 1477/1481/3 1458/1462/3
f 1477/1481/3 1478/1482/3 1459/1463/3
f 1478/1482/3 1479/1483/3 1460/1464/3
f 1479/1483/3 1480/1484/3 1461/1465/3
f 1480/1484/3 1481/1485/3 1462/1466/3
f 1481/1485/3 1482/1486/3 1463/1467/3
f 1482/1486/3 1483/1487/3 1464/1468/3
f 1483/1487/3 1484/1488/3 1465/1469/3
f 1484/1488/3 1485/1489/3 1466/1470/3
f 1485/1489/3 1486/1490/3 1467/1471/3
f 1486/1490/3 1487/1491/3 1468/1472/3
f 1487/1491/3 1488/1492/3 1469/1473/3
f 1488/1492/3 1489/1493/3 1470/1474/3
f 1489/1493/3 1490/1302/3 1471/1300/3
f 56/1494/3 1491/1495/3 1472/1476/3
f 1491/1495/3 1492/1496/3 1473/1477/3
f 1492/1496/3 1493/1497/3 1474/1478/3
f 1493/1497/3 1494/1498/3 1475/1479/3
f 1494/1498/3 1495/1499/3 1476/1480/3
f 1495/1499/3 1496/1500/3 1477/1481/3
f 1496/1500/3 1497/1501/3 1478/1482/3
f 1497/1501/3 1498/1502/3 1479/1483/3
f 1498/1502/3 1499/1503/3 1480/1484/3
f 1499/1503/3 1500/1504/3 1481/1485/3
f 1500/1504/3 1501/1505/3 1482/1486/3
f 1501/1505/3 1502/1506/3 1483/1487/3
f 1502/1506/3 1503/1507/3 1484/1488/3
f 1503/1507/3 1504/1508/3 1485/1489/3
f 1504/1508/3 1505/1509/3 1486/1490/3
f 1505/1509/3 1506/1510/3 1487/1491/3
f 1506/1510/3 1507/1511/3 1488/1492/3
f 1507/1511/3 1508/1512/3 1489/1493/3
f 1508/1512/3 1509/1304/3 1490/1302/3
f 57/1513/3 1510/1514/3 1491/1495/3
f 1510/1514/3 1511/1515/3 1492/1496/3
f 1511/1515/3 1512/1516/3 1493/1497/3
f 1512/1516/3 1513/1517/3 1494/1498/3
f 1513/1517/3 1514/1518/3 1495/1499/3
f 1514/1518/3 1515/1519/3 1496/1500/3
f 1515/1519/3 1516/1520/3 1497/1501/3
f 1516/1520/3 1517/1521/3 1498/1502/3
f 1517/1521/3 1518/1522/3 1499/1503/3
f 1518/1522/3 1519/1523/3 1500/1504/3
f 1519/1523/3 1520/1524/3 1501/1505/3
f 1520/1524/3 1521/1525/3 1502/1506/3
f 1521/1525/3 1522/1526/3 1503/1507/3
f 1522/1526/3 1523/1527/3 1504/1508/3
f 1523/1527/3 1524/1528/3 1505/1509/3
f 1524/1528/3 1525/1529/3 1506/1510/3
f 1525/1529/3 1526/1530/3 1507/1511/3
f 1526/1530/3 1527/1531/3 1508/1512/3
f 1527/1531/3 1528/1306/3 1509/1304/3
f 58/1532/3 1529/1533/3 1510/1514/3
f 1529/1533/3 1530/1534/3 1511/1515/3
f 1530/1534/3 1531/1535/3 1512/1516/3
f 1531/1535/3 1532/1536/3 1513/1517/3
f 1532/1536/3 1533/1537/3 1514/1518/3
f 1533/1537/3 1534/1538/3 1515/1519/3
f 1534/1538/3 1535/1539/3 1516/1520/3
f 1535/1539/3 1536/1540/3 1517/1521/3
f 1536/1540/3 1537/1541/3 1518/1522/3
f 1537/1541/3 1538/1542/3 1519/1523/3
f 1538/1542/3 1539/1543/3 1520/1524/3
f 1539/1543/3 1540/1544/3 1521/1525/3
f 1540/1544/3 1541/1545/3 1522/1526/3
f 1541/1545/3 1542/1546/3 1523/1527/3
f 1542/1546/3 1543/1547/3 1524/1528/3
f 1543/1547/3 1544/1548/3 1525/1529/3
f 1544/1548/3 1545/1549/3 1526/1530/3
f 1545/1549/3 1546/1550/3 1527/1531/3
f 1546/1550/3 1547/1308/3 1528/1306/3
f 59/1551/3 1548/1552/3 1529/1533/3
f 1548/1552/3 1549/1553/3 1530/1534/3
f 1549/1553/3 1550/1554/3 1531/1535/3
f 1550/1554/3 1551/1555/3 1532/1536/3
f 1551/1555/3 1552/1556/3 1533/1537/3
f 1552/1556/3 1553/1557/3 1534/1538/3
f 1553/1557/3 1554/1558/3 1535/1539/3
f 1554/1558/3 1555/1559/3 1536/1540/3
f 1555/1559/3 1556/1560/3 1537/1541/3
f 1556/1560/3 1557/1561/3 1538/1542/3
f 1557/1561/3 1558/1562/3 1539/1543/3
f 1558/1562/3 1559/1563/3 1540/1544/3
f 1559/1563/3 1560/1564/3 1541/1545/3
f 1560/1564/3 1561/1565/3 1542/1546/3
f 1561/1565/3 1562/1566/3 1543/1547/3
f 1562/1566/3 1563/1567/3 1544/1548/3
f 1563/1567/3 1564/1568/3 1545/1549/3
f 1564/1568/3 1565/1569/3 1546/1550/3
f 1565/1569/3 1566/1310/3 1547/1308/3
f 60/1570/3 1567/1571/3 1548/1552/3
f 1567/1571/3 1568/1572/3 1549/1553/3
f 1568/1572/3 1569/1573/3 1550/1554/3
f 1569/1573/3 1570/1574/3 1551/1555/3
f 1570/1574/3 1571/1575/3 1552/1556/3
f 1571/1575/3 1572/1576/3 1553/1557/3
f 1572/1576/3 1573/1577/3 1554/1558/3
f 1573/1577/3 1574/1578/3 1555/1559/3
f 1574/1578/3 1575/1579/3 1556/1560/3
f 1575/1579/3 1576/1580/3 1557/1561/3
f 1576/1580/3 1577/1581/3 1558/1562/3
f 1577/1581/3 1578/1582/3 1559/1563/3
f 1578/1582/3 1579/1583/3 1560/1564/3
f 1579/1583/3 1580/1584/3 1561/1565/3
f 1580/1584/3 1581/1585/3 1562/1566/3
f 1581/1585/3 1582/1586/3 1563/1567/3
f 1582/1586/3 1583/1587/3 1564/1568/3
f 1583/1587/3 1584/1588/3 1565/1569/3
f 1584/1588/3 1585/1312/3 1566/1310/3
f 61/1589/3 1586/1590/3 1567/1571/3
f 1586/1590/3 1587/1591/3 1568/1572/3
f 1587/1591/3 1588/1592/3 1569/1573/3
f 1588/1592/3 1589/1593/3 1570/1574/3
f 1589/1593/3 1590/1594/3 1571/1575/3
f 1590/1594/3 1591/1595/3 1572/1576/3
f 1591/1595/3 1592/1596/3 1573/1577/3
f 1592/1596/3 1593/1597/3 1574/1578/3
f 1593/1597/3 1594/1598/3 1575/1579/3
f 1594/1598/3 1595/1599/3 1576/1580/3
f 1595/1599/3 1596/1600/3 1577/1581/3
f 1596/1600/3 1597/1601/3 1578/1582/3
f 1597/1601/3 1598/1602/3 1579/1583/3
f 1598/1602/3 1599/1603/3 1580/1584/3
f 1599/1603/3 1600/1604/3 1581/1585/3
f 1600/1604/3 1601/1605/3 1582/1586/3
f 1601/1605/3 1602/1606/3 1583/1587/3
f 1602/1606/3 1603/1607/3 1584/1588/3
f 1603/1607/3 1604/1314/3 1585/1312/3
f 62/1608/3 1605/1609/3 1586/1590/3
f 1605/1609/3 1606/1610/3 1587/1591/3
f 1606/1610/3 1607/1611/3 1588/1592/3
f 1607/1611/3 1608/1612/3 1589/1593/3
f 1608/1612/3 1609/1613/3 1590/1594/3
f 1609/1613/3 1610/1614/3 1591/1595/3
f 1610/1614/3 1611/1615/3 1592/1596/3
f 1611/1615/3 1612/1616/3 1593/1597/3
f 1612/1616/3 1613/1617/3 1594/1598/3
f 1613/1617/3 1614/1618/3 1595/1599/3
f 1614/1618/3 1615/1619/3 1596/1600/3
f 1615/1619/3 1616/1620/3 1597/1601/3
f 1616/1620/3 1617/1621/3 1598/1602/3
f 1617/1621/3 1618/1622/3 1599/1603/3
f 1618/1622/3 1619/1623/3 1600/1604/3
f 1619/1623/3 1620/1624/3 1601/1605/3
f 1620/1624/3 1621/1625/3 1602/1606/3
f 1621/1625/3 1622/1626/3 1603/1607/3
f 1622/1626/3 1623/1316/3 1604/1314/3
f 63/1627/3 1624/1628/3 1605/1609/3
f 1624/1628/3 1625/1629/3 1606/1610/3
f 1625/1629/3 1626/1630/3 1607/1611/3
f 1626/1630/3 1627/1631/3 1608/1612/3
f 1627/1631/3 1628/1632/3 1609/1613/3
f 1628/1632/3 1629/1633/3 1610/1614/3
f 1629/1633/3 1630/1634/3 1611/1615/3
f 1630/1634/3 1631/1635/3 1612/1616/3
f 1631/1635/3 1632/1636/3 1613/1617/3
f 1632/1636/3 1633/1637/3 1614/1618/3
f 1633/1637/3 1634/1638/3 1615/1619/3
f 1634/1638/3 1635/1639/3 1616/1620/3
f 1635/1639/3 1636/1640/3 1617/1621/3
f 1636/1640/3 1637/1641/3 1618/1622/3
f 1637/1641/3 1638/1642/3 1619/1623/3
f 1638/1642/3 1639/1643/3 1620/1624/3
f 1639/1643/3 1640/1644/3 1621/1625/3
f 1640/1644/3 1641/1645/3 1622/1626/3
f 1641/1645/3 1642/1318/3 1623/1316/3
f 64/1646/3 1643/1647/3 1624/1628/3
f 1643/1647/3 1644/1648/3 1625/1629/3
f 1644/1648/3 1645/1649/3 1626/1630/3
f 1645/1649/3 1646/1650/3 1627/1631/3
f 1646/1650/3 1647/1651/3 1628/1632/3
f 1647/1651/3 1648/1652/3 1629/1633/3
f 1648/1652/3 1649/1653/3 1630/1634/3
f 1649/1653/3 1650/1654/3 1631/1635/3
f 1650/1654/3 1651/1655/3 1632/1636/3
f 1651/1655/3 1652/1656/3 1633/1637/3
f 1652/1656/3 1653/1657/3 1634/1638/3
f 1653/1657/3 1654/1658/3 1635/1639/3
f 1654/1658/3 1655/1659/3 1636/1640/3
f 1655/1659/3 1656/1660/3 1637/1641/3
f 1656/1660/3 1657/1661/3 1638/1642/3
f 1657/1661/3 1658/1662/3 1639/1643/3
f 1658/1662/3 1659/1663/3 1640/1644/3
f 1659/1663/3 1660/1664/3 1641/1645/3
f 1660/1664/3 1661/1320/3 1642/1318/3
f 65/2/3 1662/1665/3 1643/1647/3
f 1662/1665/3 1663/1666/3 1644/1648/3
f 1663/1666/3 1664/1667/3 1645/1649/3
f 1664/1667/3 1665/1668/3 1646/1650/3
f 1665/1668/3 1666/1669/3 1647/1651/3
f 1666/1669/3 1667/1670/3 1648/1652/3
f 1667/1670/3 1668/1671/3 1649/1653/3
f 1668/1671/3 1669/1672/3 1650/1654/3
f 1669/1672/3 1670/1673/3 1651/1655/3
f 1670/1673/3 1671/1674/3 1652/1656/3
f 1671/1674/3 1672/1675/3 1653/1657/3
f 1672/1675/3 1673/1676/3 1654/1658/3
f 1673/1676/3 1674/1677/3 1655/1659/3
f 1674/1677/3 1675/1678/3 1656/1660/3
f 1675/1678/3 1676/1679/3 1657/1661/3
f 1676/1679/3 1677/1680/3 1658/1662/3
f 1677/1680/3 1678/1681/3 1659/1663/3
f 1678/1681/3 1679/1682/3 1660/1664/3
f 1679/1682/3 1680/8/3 1661/1320/3
f 4/491/3 161/490/3 1662/1665/3
f 161/490/3 162/493/3 1663/1666/3
f 162/493/3 163/495/3 1664/1667/3
f 163/495/3 164/497/3 1665/1668/3
f 164/497/3 165/499/3 1666/1669/3
f 165/499/3 166/501/3 1667/1670/3
f 166/501/3 167/503/3 1668/1671/3
f 167/503/3 168/505/3 1669/1672/3
f 168/505/3 169/507/3 1670/1673/3
f 169/507/3 170/509/3 1671/1674/3
f 170/509/3 171/511/3 1672/1675/3
f 171/511/3 172/513/3 1673/1676/3
f 172/513/3 173/515/3 1674/1677/3
f 173/515/3 174/517/3 1675/1678/3
f 174/517/3 175/519/3 1676/1679/3
f 175/519/3 176/521/3 1677/1680/3
f 176/521/3 177/523/3 1678/1681/3
f 177/523/3 178/525/3 1679/1682/3
f 178/525/3 179/7/3 1680/8/3
f 1699/1683/2 160/13/2 5/889/2
f 1699/1683/2 1718/1684/2 159/489/2
f 1718/1684/2 1737/1686/2 158/488/2
f 1756/1685/2 157/486/2 158/488/2
f 1775/1687/2 156/484/2 157/486/2
f 1794/1688/2 155/482/2 156/484/2
f 1794/1688/2 1813/1689/2 154/480/2
f 1813/1689/2 1832/1691/2 153/478/2
f 1851/1690/2 152/476/2 153/478/2
f 1851/1690/2 1870/1693/2 151/474/2
f 1889/1692/2 150/472/2 151/474/2
f 1908/1694/2 149/470/2 150/472/2
f 1908/1694/2 1927/1695/2 148/468/2
f 1927/1695/2 1946/1696/2 147/466/2
f 1946/1696/2 1965/1697/2 146/464/2
f 1965/1697/2 1984/1699/2 145/462/2
f 2003/1698/2 144/460/2 145/462/2
f 2022/1700/2 143/458/2 144/460/2
f 2041/6/2 142/5/2 143/458/2
f 104/21/2 1681/1701/2 103/10/2
f 1681/1701/2 1682/1702/2 102/924/2
f 1682/1702/2 1683/1703/2 101/923/2
f 1683/1703/2 1684/1704/2 100/921/2
f 1684/1704/2 1685/1705/2 99/919/2
f 1685/1705/2 1686/1706/2 98/917/2
f 1686/1706/2 1687/1707/2 97/915/2
f 1687/1707/2 1688/1708/2 96/913/2
f 1688/1708/2 1689/1709/2 95/911/2
f 1689/1709/2 1690/1710/2 94/909/2
f 1690/1710/2 1691/1711/2 93/907/2
f 1691/1711/2 1692/1712/2 92/905/2
f 1692/1712/2 1693/1713/2 91/903/2
f 1693/1713/2 1694/1714/2 90/901/2
f 1694/1714/2 1695/1715/2 89/899/2
f 1695/1715/2 1696/1716/2 88/897/2
f 1696/1716/2 1697/1717/2 87/895/2
f 1697/1717/2 1698/1718/2 86/893/2
f 1698/1718/2 1699/1683/2 85/891/2
f 105/23/2 1700/1719/2 1681/1701/2
f 1700/1719/2 1701/1720/2 1682/1702/2
f 1701/1720/2 1702/1721/2 1683/1703/2
f 1702/1721/2 1703/1722/2 1684/1704/2
f 1703/1722/2 1704/1723/2 1685/1705/2
f 1704/1723/2 1705/1724/2 1686/1706/2
f 1705/1724/2 1706/1725/2 1687/1707/2
f 1706/1725/2 1707/1726/2 1688/1708/2
f 1707/1726/2 1708/1727/2 1689/1709/2
f 1708/1727/2 1709/1728/2 1690/1710/2
f 1709/1728/2 1710/1729/2 1691/1711/2
f 1710/1729/2 1711/1730/2 1692/1712/2
f 1711/1730/2 1712/1731/2 1693/1713/2
f 1712/1731/2 1713/1732/2 1694/1714/2
f 1713/1732/2 1714/1733/2 1695/1715/2
f 1714/1733/2 1715/1734/2 1696/1716/2
f 1715/1734/2 1716/1735/2 1697/1717/2
f 1716/1735/2 1717/1736/2 1698/1718/2
f 1717/1736/2 1718/1684/2 1699/1683/2
f 106/25/2 1719/1737/2 1700/1719/2
f 1719/1737/2 1720/1738/2 1701/1720/2
f 1720/1738/2 1721/1739/2 1702/1721/2
f 1721/1739/2 1722/1740/2 1703/1722/2
f 1722/1740/2 1723/1741/2 1704/1723/2
f 1723/1741/2 1724/1742/2 1705/1724/2
f 1724/1742/2 1725/1743/2 1706/1725/2
f 1725/1743/2 1726/1744/2 1707/1726/2
f 1726/1744/2 1727/1745/2 1708/1727/2
f 1727/1745/2 1728/1746/2 1709/1728/2
f 1728/1746/2 1729/1747/2 1710/1729/2
f 1729/1747/2 1730/1748/2 1711/1730/2
f 1730/1748/2 1731/1749/2 1712/1731/2
f 1731/1749/2 1732/1750/2 1713/1732/2
f 1732/1750/2 1733/1751/2 1714/1733/2
f 1733/1751/2 1734/1752/2 1715/1734/2
f 1734/1752/2 1735/1770/2 1716/1735/2
f 1716/1735/2 1735/1770/2 1736/1753/2
f 1717/1736/2 1736/1753/2 1737/1686/2
f 107/27/2 1738/1754/2 1719/1737/2
f 1738/1754/2 1739/1755/2 1720/1738/2
f 1739/1755/2 1740/1756/2 1721/1739/2
f 1740/1756/2 1741/1757/2 1722/1740/2
f 1741/1757/2 1742/1758/2 1723/1741/2
f 1742/1758/2 1743/1759/2 1724/1742/2
f 1743/1759/2 1744/1760/2 1725/1743/2
f 1744/1760/2 1745/1761/2 1726/1744/2
f 1745/1761/2 1746/1762/2 1727/1745/2
f 1746/1762/2 1747/1763/2 1728/1746/2
f 1747/1763/2 1748/1764/2 1729/1747/2
f 1748/1764/2 1749/1765/2 1730/1748/2
f 1749/1765/2 1750/1766/2 1731/1749/2
f 1750/1766/2 1751/1767/2 1732/1750/2
f 1751/1767/2 1752/1768/2 1733/1751/2
f 1752/1768/2 1753/1769/2 1734/1752/2
f 1753/1769/2 1754/1787/2 1735/1770/2
f 1735/1770/2 1754/1787/2 1755/1771/2
f 1736/1753/2 1755/1771/2 1756/1685/2
f 108/29/2 1757/1772/2 1738/1754/2
f 1757/1772/2 1758/1773/2 1739/1755/2
f 1758/1773/2 1759/1774/2 1740/1756/2
f 1759/1774/2 1760/1775/2 1741/1757/2
f 1760/1775/2 1761/1776/2 1742/1758/2
f 1761/1776/2 1762/1777/2 1743/1759/2
f 1762/1777/2 1763/1778/2 1744/1760/2
f 1763/1778/2 1764/1779/2 1745/1761/2
f 1764/1779/2 1765/1780/2 1746/1762/2
f 1765/1780/2 1766/1781/2 1747/1763/2
f 1766/1781/2 1767/1782/2 1748/1764/2
f 1767/1782/2 1768/1783/2 1749/1765/2
f 1768/1783/2 1769/1784/2 1750/1766/2
f 1769/1784/2 1770/1802/2 1751/1767/2
f 1751/1767/2 1770/1802/2 1771/1785/2
f 1771/1785/2 1772/1786/2 1753/1769/2
f 1772/1786/2 1773/1805/2 1754/1787/2
f 1754/1787/2 1773/1805/2 1774/1788/2
f 1755/1771/2 1774/1788/2 1775/1687/2
f 109/31/2 1776/1789/2 1757/1772/2
f 1776/1789/2 1777/1790/2 1758/1773/2
f 1777/1790/2 1778/1791/2 1759/1774/2
f 1778/1791/2 1779/1792/2 1760/1775/2
f 1779/1792/2 1780/1793/2 1761/1776/2
f 1780/1793/2 1781/1794/2 1762/1777/2
f 1781/1794/2 1782/1795/2 1763/1778/2
f 1782/1795/2 1783/1796/2 1764/1779/2
f 1783/1796/2 1784/1797/2 1765/1780/2
f 1784/1797/2 1785/1798/2 1766/1781/2
f 1785/1798/2 1786/1799/2 1767/1782/2
f 1786/1799/2 1787/1800/2 1768/1783/2
f 1787/1800/2 1788/1819/2 1769/1784/2
f 1769/1784/2 1788/1819/2 1789/1801/2
f 1770/1802/2 1789/1801/2 1790/1803/2
f 1790/1803/2 1791/1804/2 1772/1786/2
f 1791/1804/2 1792/1824/2 1773/1805/2
f 1773/1805/2 1792/1824/2 1793/1806/2
f 1774/1788/2 1793/1806/2 1794/1688/2
f 110/33/2 1795/1807/2 1776/1789/2
f 1795/1807/2 1796/1808/2 1777/1790/2
f 1796/1808/2 1797/1809/2 1778/1791/2
f 1797/1809/2 1798/1810/2 1779/1792/2
f 1798/1810/2 1799/1811/2 1780/1793/2
f 1799/1811/2 1800/1812/2 1781/1794/2
f 1800/1812/2 1801/1813/2 1782/1795/2
f 1801/1813/2 1802/1814/2 1783/1796/2
f 1802/1814/2 1803/1815/2 1784/1797/2
f 1803/1815/2 1804/1816/2 1785/1798/2
f 1804/1816/2 1805/1817/2 1786/1799/2
f 1805/1817/2 1806/1836/2 1787/1800/2
f 1787/1800/2 1806/1836/2 1807/1818/2
f 1788/1819/2 1807/1818/2 1808/1820/2
f 1789/1801/2 1808/1820/2 1809/1821/2
f 1790/1803/2 1809/1821/2 1810/1822/2
f 1791/1804/2 1810/1822/2 1811/1823/2
f 1792/1824/2 1811/1823/2 1812/1825/2
f 1793/1806/2 1812/1825/2 1813/1689/2
f 111/35/2 1814/1826/2 1795/1807/2
f 1814/1826/2 1815/1827/2 1796/1808/2
f 1815/1827/2 1816/1828/2 1797/1809/2
f 1816/1828/2 1817/1829/2 1798/1810/2
f 1817/1829/2 1818/1830/2 1799/1811/2
f 1818/1830/2 1819/1831/2 1800/1812/2
f 1819/1831/2 1820/1832/2 1801/1813/2
f 1820/1832/2 1821/1833/2 1802/1814/2
f 1821/1833/2 1822/1849/2 1803/1815/2
f 1803/1815/2 1822/1849/2 1823/1834/2
f 1823/1834/2 1824/1835/2 1805/1817/2
f 1824/1835/2 1825/1852/2 1806/1836/2
f 1806/1836/2 1825/1852/2 1826/1837/2
f 1807/1818/2 1826/1837/2 1827/1838/2
f 1827/1838/2 1828/1855/2 1809/1821/2
f 1809/1821/2 1828/1855/2 1829/1839/2
f 1810/1822/2 1829/1839/2 1830/1840/2
f 1811/1823/2 1830/1840/2 1831/1841/2
f 1831/1841/2 1832/1691/2 1813/1689/2
f 112/37/2 1833/1842/2 1814/1826/2
f 1833/1842/2 1834/1843/2 1815/1827/2
f 1834/1843/2 1835/1844/2 1816/1828/2
f 1835/1844/2 1836/1863/2 1817/1829/2
f 1817/1829/2 1836/1863/2 1837/1845/2
f 1818/1830/2 1837/1845/2 1838/1846/2
f 1819/1831/2 1838/1846/2 1839/1847/2
f 1839/1847/2 1840/1867/2 1821/1833/2
f 1821/1833/2 1840/1867/2 1841/1848/2
f 1822/1849/2 1841/1848/2 1842/1850/2
f 1823/1834/2 1842/1850/2 1843/1851/2
f 1843/1851/2 1844/1853/2 1825/1852/2
f 1844/1853/2 1845/1872/2 1826/1837/2
f 1826/1837/2 1845/1872/2 1846/1854/2
f 1846/1854/2 1847/1856/2 1828/1855/2
f 1847/1856/2 1848/1857/2 1829/1839/2
f 1848/1857/2 1849/1876/2 1830/1840/2
f 1830/1840/2 1849/1876/2 1850/1858/2
f 1831/1841/2 1850/1858/2 1851/1690/2
f 112/37/2 113/39/2 1852/1859/2
f 1833/1842/2 1852/1859/2 1853/1860/2
f 1834/1843/2 1853/1860/2 1854/1861/2
f 1835/1844/2 1854/1861/2 1855/1862/2
f 1855/1862/2 1856/1864/2 1837/1845/2
f 1856/1864/2 1857/1865/2 1838/1846/2
f 1857/1865/2 1858/1866/2 1839/1847/2
f 1858/1866/2 1859/1884/2 1840/1867/2
f 1840/1867/2 1859/1884/2 1860/1868/2
f 1841/1848/2 1860/1868/2 1861/1869/2
f 1842/1850/2 1861/1869/2 1862/1870/2
f 1843/1851/2 1862/1870/2 1863/1871/2
f 1863/1871/2 1864/1889/2 1845/1872/2
f 1845/1872/2 1864/1889/2 1865/1873/2
f 1865/1873/2 1866/1874/2 1847/1856/2
f 1866/1874/2 1867/1892/2 1848/1857/2
f 1848/1857/2 1867/1892/2 1868/1875/2
f 1868/1875/2 1869/1894/2 1850/1858/2
f 1850/1858/2 1869/1894/2 1870/1693/2
f 113/39/2 114/41/2 1871/1877/2
f 1852/1859/2 1871/1877/2 1872/1878/2
f 1872/1878/2 1873/1879/2 1854/1861/2
f 1873/1879/2 1874/1880/2 1855/1862/2
f 1874/1880/2 1875/1881/2 1856/1864/2
f 1875/1881/2 1876/1882/2 1857/1865/2
f 1876/1882/2 1877/1901/2 1858/1866/2
f 1858/1866/2 1877/1901/2 1878/1883/2
f 1878/1883/2 1879/1885/2 1860/1868/2
f 1879/1885/2 1880/1886/2 1861/1869/2
f 1880/1886/2 1881/1887/2 1862/1870/2
f 1881/1887/2 1882/1905/2 1863/1871/2
f 1863/1871/2 1882/1905/2 1883/1888/2
f 1883/1888/2 1884/1890/2 1865/1873/2
f 1884/1890/2 1885/1909/2 1866/1874/2
f 1866/1874/2 1885/1909/2 1886/1891/2
f 1886/1891/2 1887/1911/2 1868/1875/2
f 1868/1875/2 1887/1911/2 1888/1893/2
f 1869/1894/2 1888/1893/2 1889/1692/2
f 114/41/2 115/43/2 1890/1895/2
f 1890/1895/2 1891/1896/2 1872/1878/2
f 1891/1896/2 1892/1915/2 1873/1879/2
f 1873/1879/2 1892/1915/2 1893/1897/2
f 1874/1880/2 1893/1897/2 1894/1898/2
f 1875/1881/2 1894/1898/2 1895/1899/2
f 1876/1882/2 1895/1899/2 1896/1900/2
f 1896/1900/2 1897/1921/2 1878/1883/2
f 1878/1883/2 1897/1921/2 1898/1902/2
f 1879/1885/2 1898/1902/2 1899/1903/2
f 1880/1886/2 1899/1903/2 1900/1904/2
f 1900/1904/2 1901/1906/2 1882/1905/2
f 1901/1906/2 1902/1926/2 1883/1888/2
f 1883/1888/2 1902/1926/2 1903/1907/2
f 1884/1890/2 1903/1907/2 1904/1908/2
f 1904/1908/2 1905/1910/2 1886/1891/2
f 1905/1910/2 1906/1912/2 1887/1911/2
f 1906/1912/2 1907/1930/2 1888/1893/2
f 1888/1893/2 1907/1930/2 1908/1694/2
f 116/45/2 1909/1913/2 1890/1895/2
f 1909/1913/2 1910/1914/2 1891/1896/2
f 1910/1914/2 1911/1916/2 1892/1915/2
f 1911/1916/2 1912/1917/2 1893/1897/2
f 1912/1917/2 1913/1918/2 1894/1898/2
f 1913/1918/2 1914/1919/2 1895/1899/2
f 1914/1919/2 1915/1920/2 1896/1900/2
f 1915/1920/2 1916/1922/2 1897/1921/2
f 1916/1922/2 1917/1940/2 1898/1902/2
f 1898/1902/2 1917/1940/2 1918/1923/2
f 1918/1923/2 1919/1924/2 1900/1904/2
f 1919/1924/2 1920/1944/2 1901/1906/2
f 1901/1906/2 1920/1944/2 1921/1925/2
f 1902/1926/2 1921/1925/2 1922/1927/2
f 1922/1927/2 1923/1928/2 1904/1908/2
f 1923/1928/2 1924/1949/2 1905/1910/2
f 1905/1910/2 1924/1949/2 1925/1929/2
f 1925/1929/2 1926/1931/2 1907/1930/2
f 1926/1931/2 1927/1695/2 1908/1694/2
f 117/47/2 1928/1932/2 1909/1913/2
f 1928/1932/2 1929/1933/2 1910/1914/2
f 1929/1933/2 1930/1934/2 1911/1916/2
f 1930/1934/2 1931/1935/2 1912/1917/2
f 1931/1935/2 1932/1936/2 1913/1918/2
f 1932/1936/2 1933/1937/2 1914/1919/2
f 1933/1937/2 1934/1938/2 1915/1920/2
f 1934/1938/2 1935/1939/2 1916/1922/2
f 1935/1939/2 1936/1941/2 1917/1940/2
f 1936/1941/2 1937/1942/2 1918/1923/2
f 1937/1942/2 1938/1943/2 1919/1924/2
f 1938/1943/2 1939/1963/2 1920/1944/2
f 1920/1944/2 1939/1963/2 1940/1945/2
f 1921/1925/2 1940/1945/2 1941/1946/2
f 1922/1927/2 1941/1946/2 1942/1947/2
f 1923/1928/2 1942/1947/2 1943/1948/2
f 1924/1949/2 1943/1948/2 1944/1950/2
f 1925/1929/2 1944/1950/2 1945/1951/2
f 1926/1931/2 1945/1951/2 1946/1696/2
f 118/49/2 1947/1952/2 1928/1932/2
f 1947/1952/2 1948/1953/2 1929/1933/2
f 1948/1953/2 1949/1954/2 1930/1934/2
f 1949/1954/2 1950/1955/2 1931/1935/2
f 1950/1955/2 1951/1956/2 1932/1936/2
f 1951/1956/2 1952/1957/2 1933/1937/2
f 1952/1957/2 1953/1958/2 1934/1938/2
f 1953/1958/2 1954/1959/2 1935/1939/2
f 1954/1959/2 1955/1960/2 1936/1941/2
f 1955/1960/2 1956/1961/2 1937/1942/2
f 1956/1961/2 1957/1962/2 1938/1943/2
f 1957/1962/2 1958/1964/2 1939/1963/2
f 1958/1964/2 1959/1982/2 1940/1945/2
f 1940/1945/2 1959/1982/2 1960/1965/2
f 1941/1946/2 1960/1965/2 1961/1966/2
f 1942/1947/2 1961/1966/2 1962/1967/2
f 1943/1948/2 1962/1967/2 1963/1968/2
f 1944/1950/2 1963/1968/2 1964/1969/2
f 1945/1951/2 1964/1969/2 1965/1697/2
f 119/51/2 1966/1970/2 1947/1952/2
f 1966/1970/2 1967/1971/2 1948/1953/2
f 1967/1971/2 1968/1972/2 1949/1954/2
f 1968/1972/2 1969/1973/2 1950/1955/2
f 1969/1973/2 1970/1974/2 1951/1956/2
f 1970/1974/2 1971/1975/2 1952/1957/2
f 1971/1975/2 1972/1976/2 1953/1958/2
f 1972/1976/2 1973/1977/2 1954/1959/2
f 1973/1977/2 1974/1978/2 1955/1960/2
f 1974/1978/2 1975/1979/2 1956/1961/2
f 1975/1979/2 1976/1980/2 1957/1962/2
f 1976/1980/2 1977/1981/2 1958/1964/2
f 1977/1981/2 1978/1983/2 1959/1982/2
f 1978/1983/2 1979/1984/2 1960/1965/2
f 1979/1984/2 1980/1985/2 1961/1966/2
f 1980/1985/2 1981/2003/2 1962/1967/2
f 1962/1967/2 1981/2003/2 1982/1986/2
f 1963/1968/2 1982/1986/2 1983/1987/2
f 1964/1969/2 1983/1987/2 1984/1699/2
f 120/53/2 1985/1988/2 1966/1970/2
f 1985/1988/2 1986/1989/2 1967/1971/2
f 1986/1989/2 1987/1990/2 1968/1972/2
f 1987/1990/2 1988/1991/2 1969/1973/2
f 1988/1991/2 1989/1992/2 1970/1974/2
f 1989/1992/2 1990/1993/2 1971/1975/2
f 1990/1993/2 1991/1994/2 1972/1976/2
f 1991/1994/2 1992/1995/2 1973/1977/2
f 1992/1995/2 1993/1996/2 1974/1978/2
f 1993/1996/2 1994/1997/2 1975/1979/2
f 1994/1997/2 1995/1998/2 1976/1980/2
f 1995/1998/2 1996/1999/2 1977/1981/2
f 1996/1999/2 1997/2000/2 1978/1983/2
f 1997/2000/2 1998/2001/2 1979/1984/2
f 1998/2001/2 1999/2002/2 1980/1985/2
f 1999/2002/2 2000/2004/2 1981/2003/2
f 2000/2004/2 2001/2022/2 1982/1986/2
f 1982/1986/2 2001/2022/2 2002/2005/2
f 1983/1987/2 2002/2005/2 2003/1698/2
f 121/54/2 2004/2006/2 1985/1988/2
f 2004/2006/2 2005/2007/2 1986/1989/2
f 2005/2007/2 2006/2008/2 1987/1990/2
f 2006/2008/2 2007/2009/2 1988/1991/2
f 2007/2009/2 2008/2010/2 1989/1992/2
f 2008/2010/2 2009/2011/2 1990/1993/2
f 2009/2011/2 2010/2012/2 1991/1994/2
f 2010/2012/2 2011/2013/2 1992/1995/2
f 2011/2013/2 2012/2014/2 1993/1996/2
f 2012/2014/2 2013/2015/2 1994/1997/2
f 2013/2015/2 2014/2016/2 1995/1998/2
f 2014/2016/2 2015/2017/2 1996/1999/2
f 2015/2017/2 2016/2018/2 1997/2000/2
f 2016/2018/2 2017/2019/2 1998/2001/2
f 2017/2019/2 2018/2020/2 1999/2002/2
f 2018/2020/2 2019/2021/2 2000/2004/2
f 2019/2021/2 2020/2040/2 2001/2022/2
f 2001/2022/2 2020/2040/2 2021/2023/2
f 2002/2005/2 2021/2023/2 2022/1700/2
f 122/16/2 2023/2024/2 2004/2006/2
f 2023/2024/2 2024/2025/2 2005/2007/2
f 2024/2025/2 2025/2026/2 2006/2008/2
f 2025/2026/2 2026/2027/2 2007/2009/2
f 2026/2027/2 2027/2028/2 2008/2010/2
f 2027/2028/2 2028/2029/2 2009/2011/2
f 2028/2029/2 2029/2030/2 2010/2012/2
f 2029/2030/2 2030/2031/2 2011/2013/2
f 2030/2031/2 2031/2032/2 2012/2014/2
f 2031/2032/2 2032/2033/2 2013/2015/2
f 2032/2033/2 2033/2034/2 2014/2016/2
f 2033/2034/2 2034/2035/2 2015/2017/2
f 2034/2035/2 2035/2036/2 2016/2018/2
f 2035/2036/2 2036/2037/2 2017/2019/2
f 2036/2037/2 2037/2038/2 2018/2020/2
f 2037/2038/2 2038/2039/2 2019/2021/2
f 2038/2039/2 2039/2041/2 2020/2040/2
f 2039/2041/2 2040/2042/2 2021/2023/2
f 2021/2023/2 2040/2042/2 2041/6/2
f 7/1287/2 123/1289/2 2023/2024/2
f 123/1289/2 124/1291/2 2024/2025/2
f 124/1291/2 125/1293/2 2025/2026/2
f 125/1293/2 126/1295/2 2026/2027/2
f 126/1295/2 127/1297/2 2027/2028/2
f 127/1297/2 128/1299/2 2028/2029/2
f 128/1299/2 129/1301/2 2029/2030/2
f 129/1301/2 130/1303/2 2030/2031/2
f 130/1303/2 131/1305/2 2031/2032/2
f 131/1305/2 132/1307/2 2032/2033/2
f 132/1307/2 133/1309/2 2033/2034/2
f 133/1309/2 134/1311/2 2034/2035/2
f 134/1311/2 135/1313/2 2035/2036/2
f 135/1313/2 136/1315/2 2036/2037/2
f 136/1315/2 137/1317/2 2037/2038/2
f 137/1317/2 138/1319/2 2038/2039/2
f 138/1319/2 139/1321/2 2039/2041/2
f 139/1321/2 140/1322/2 2040/2042/2
f 140/1322/2 141/4/2 2041/6/2
f 2060/2043/1 47/1323/1 2/435/1
f 2079/2044/1 48/1341/1 47/1323/1
f 2098/2045/1 49/1361/1 48/1341/1
f 2117/2046/1 50/1380/1 49/1361/1
f 2136/2047/1 51/1399/1 50/1380/1
f 2155/2048/1 52/1418/1 51/1399/1
f 2174/2049/1 53/1437/1 52/1418/1
f 2193/2050/1 54/1456/1 53/1437/1
f 2212/2051/1 55/1475/1 54/1456/1
f 2231/2052/1 56/1494/1 55/1475/1
f 2250/2053/1 57/1513/1 56/1494/1
f 2269/2054/1 58/1532/1 57/1513/1
f 2288/2055/1 59/1551/1 58/1532/1
f 2307/2056/1 60/1570/1 59/1551/1
f 2326/2057/1 61/1589/1 60/1570/1
f 2345/2058/1 62/1608/1 61/1589/1
f 2364/2059/1 63/1627/1 62/1608/1
f 2383/2060/1 64/1646/1 63/1627/1
f 2402/3/1 65/2/1 64/1646/1
f 27/1267/1 2042/2061/1 28/55/1
f 2042/2061/1 2043/2062/1 29/93/1
f 2043/2062/1 2044/2063/1 30/112/1
f 2044/2063/1 2045/2064/1 31/131/1
f 2045/2064/1 2046/2065/1 32/150/1
f 2046/2065/1 2047/2066/1 33/169/1
f 2047/2066/1 2048/2067/1 34/188/1
f 2048/2067/1 2049/2068/1 35/207/1
f 2049/2068/1 2050/2069/1 36/226/1
f 2050/2069/1 2051/2070/1 37/245/1
f 2051/2070/1 2052/2071/1 38/264/1
f 2052/2071/1 2053/2072/1 39/283/1
f 2053/2072/1 2054/2073/1 40/302/1
f 2054/2073/1 2055/2074/1 41/321/1
f 2055/2074/1 2056/2075/1 42/340/1
f 2056/2075/1 2057/2076/1 43/359/1
f 2057/2076/1 2058/2077/1 44/378/1
f 2058/2077/1 2059/2078/1 45/397/1
f 2059/2078/1 2060/2043/1 46/416/1
f 26/1248/1 2061/2079/1 2042/2061/1
f 2061/2079/1 2062/2080/1 2043/2062/1
f 2062/2080/1 2063/2081/1 2044/2063/1
f 2063/2081/1 2064/2082/1 2045/2064/1
f 2064/2082/1 2065/2083/1 2046/2065/1
f 2065/2083/1 2066/2084/1 2047/2066/1
f 2066/2084/1 2067/2085/1 2048/2067/1
f 2067/2085/1 2068/2086/1 2049/2068/1
f 2068/2086/1 2069/2087/1 2050/2069/1
f 2069/2087/1 2070/2088/1 2051/2070/1
f 2070/2088/1 2071/2089/1 2052/2071/1
f 2071/2089/1 2072/2090/1 2053/2072/1
f 2072/2090/1 2073/2091/1 2054/2073/1
f 2073/2091/1 2074/2092/1 2055/2074/1
f 2074/2092/1 2075/2093/1 2056/2075/1
f 2075/2093/1 2076/2094/1 2057/2076/1
f 2076/2094/1 2077/2095/1 2058/2077/1
f 2077/2095/1 2078/2096/1 2059/2078/1
f 2078/2096/1 2079/2044/1 2060/2043/1
f 25/1229/1 2080/2097/1 2061/2079/1
f 2080/2097/1 2081/2098/1 2062/2080/1
f 2081/2098/1 2082/2099/1 2063/2081/1
f 2082/2099/1 2083/2100/1 2064/2082/1
f 2083/2100/1 2084/2101/1 2065/2083/1
f 2084/2101/1 2085/2102/1 2066/2084/1
f 2085/2102/1 2086/2103/1 2067/2085/1
f 2086/2103/1 2087/2104/1 2068/2086/1
f 2087/2104/1 2088/2105/1 2069/2087/1
f 2088/2105/1 2089/2106/1 2070/2088/1
f 2089/2106/1 2090/2107/1 2071/2089/1
f 2090/2107/1 2091/2108/1 2072/2090/1
f 2091/2108/1 2092/2109/1 2073/2091/1
f 2092/2109/1 2093/2110/1 2074/2092/1
f 2093/2110/1 2094/2111/1 2075/2093/1
f 2094/2111/1 2095/2112/1 2076/2094/1
f 2095/2112/1 2096/2113/1 2077/2095/1
f 2096/2113/1 2097/2114/1 2078/2096/1
f 2097/2114/1 2098/2045/1 2079/2044/1
f 24/1210/1 2099/2115/1 2080/2097/1
f 2099/2115/1 2100/2116/1 2081/2098/1
f 2100/2116/1 2101/2117/1 2082/2099/1
f 2101/2117/1 2102/2118/1 2083/2100/1
f 2102/2118/1 2103/2119/1 2084/2101/1
f 2103/2119/1 2104/2120/1 2085/2102/1
f 2104/2120/1 2105/2121/1 2086/2103/1
f 2105/2121/1 2106/2122/1 2087/2104/1
f 2106/2122/1 2107/2123/1 2088/2105/1
f 2107/2123/1 2108/2124/1 2089/2106/1
f 2108/2124/1 2109/2125/1 2090/2107/1
f 2109/2125/1 2110/2126/1 2091/2108/1
f 2110/2126/1 2111/2127/1 2092/2109/1
f 2111/2127/1 2112/2128/1 2093/2110/1
f 2112/2128/1 2113/2129/1 2094/2111/1
f 2113/2129/1 2114/2130/1 2095/2112/1
f 2114/2130/1 2115/2131/1 2096/2113/1
f 2115/2131/1 2116/2132/1 2097/2114/1
f 2116/2132/1 2117/2046/1 2098/2045/1
f 23/1191/1 2118/2133/1 2099/2115/1
f 2118/2133/1 2119/2134/1 2100/2116/1
f 2119/2134/1 2120/2135/1 2101/2117/1
f 2120/2135/1 2121/2136/1 2102/2118/1
f 2121/2136/1 2122/2137/1 2103/2119/1
f 2122/2137/1 2123/2138/1 2104/2120/1
f 2123/2138/1 2124/2139/1 2105/2121/1
f 2124/2139/1 2125/2140/1 2106/2122/1
f 2125/2140/1 2126/2141/1 2107/2123/1
f 2126/2141/1 2127/2142/1 2108/2124/1
f 2127/2142/1 2128/2143/1 2109/2125/1
f 2128/2143/1 2129/2144/1 2110/2126/1
f 2129/2144/1 2130/2145/1 2111/2127/1
f 2130/2145/1 2131/2146/1 2112/2128/1
f 2131/2146/1 2132/2147/1 2113/2129/1
f 2132/2147/1 2133/2148/1 2114/2130/1
f 2133/2148/1 2134/2149/1 2115/2131/1
f 2134/2149/1 2135/2150/1 2116/2132/1
f 2135/2150/1 2136/2047/1 2117/2046/1
f 22/1172/1 2137/2151/1 2118/2133/1
f 2137/2151/1 2138/2152/1 2119/2134/1
f 2138/2152/1 2139/2153/1 2120/2135/1
f 2139/2153/1 2140/2154/1 2121/2136/1
f 2140/2154/1 2141/2155/1 2122/2137/1
f 2141/2155/1 2142/2156/1 2123/2138/1
f 2142/2156/1 2143/2157/1 2124/2139/1
f 2143/2157/1 2144/2158/1 2125/2140/1
f 2144/2158/1 2145/2159/1 2126/2141/1
f 2145/2159/1 2146/2160/1 2127/2142/1
f 2146/2160/1 2147/2161/1 2128/2143/1
f 2147/2161/1 2148/2162/1 2129/2144/1
f 2148/2162/1 2149/2163/1 2130/2145/1
f 2149/2163/1 2150/2164/1 2131/2146/1
f 2150/2164/1 2151/2165/1 2132/2147/1
f 2151/2165/1 2152/2166/1 2133/2148/1
f 2152/2166/1 2153/2167/1 2134/2149/1
f 2153/2167/1 2154/2168/1 2135/2150/1
f 2154/2168/1 2155/2048/1 2136/2047/1
f 21/1153/1 2156/2169/1 2137/2151/1
f 2156/2169/1 2157/2170/1 2138/2152/1
f 2157/2170/1 2158/2171/1 2139/2153/1
f 2158/2171/1 2159/2172/1 2140/2154/1
f 2159/2172/1 2160/2173/1 2141/2155/1
f 2160/2173/1 2161/2174/1 2142/2156/1
f 2161/2174/1 2162/2175/1 2143/2157/1
f 2162/2175/1 2163/2176/1 2144/2158/1
f 2163/2176/1 2164/2177/1 2145/2159/1
f 2164/2177/1 2165/2178/1 2146/2160/1
f 2165/2178/1 2166/2179/1 2147/2161/1
f 2166/2179/1 2167/2180/1 2148/2162/1
f 2167/2180/1 2168/2181/1 2149/2163/1
f 2168/2181/1 2169/2182/1 2150/2164/1
f 2169/2182/1 2170/2183/1 2151/2165/1
f 2170/2183/1 2171/2184/1 2152/2166/1
f 2171/2184/1 2172/2185/1 2153/2167/1
f 2172/2185/1 2173/2186/1 2154/2168/1
f 2173/2186/1 2174/2049/1 2155/2048/1
f 20/1134/1 2175/2187/1 2156/2169/1
f 2175/2187/1 2176/2188/1 2157/2170/1
f 2176/2188/1 2177/2189/1 2158/2171/1
f 2177/2189/1 2178/2190/1 2159/2172/1
f 2178/2190/1 2179/2191/1 2160/2173/1
f 2179/2191/1 2180/2192/1 2161/2174/1
f 2180/2192/1 2181/2193/1 2162/2175/1
f 2181/2193/1 2182/2194/1 2163/2176/1
f 2182/2194/1 2183/2195/1 2164/2177/1
f 2183/2195/1 2184/2196/1 2165/2178/1
f 2184/2196/1 2185/2197/1 2166/2179/1
f 2185/2197/1 2186/2198/1 2167/2180/1
f 2186/2198/1 2187/2199/1 2168/2181/1
f 2187/2199/1 2188/2200/1 2169/2182/1
f 2188/2200/1 2189/2201/1 2170/2183/1
f 2189/2201/1 2190/2202/1 2171/2184/1
f 2190/2202/1 2191/2203/1 2172/2185/1
f 2191/2203/1 2192/2204/1 2173/2186/1
f 2192/2204/1 2193/2050/1 2174/2049/1
f 19/1115/1 2194/2205/1 2175/2187/1
f 2194/2205/1 2195/2206/1 2176/2188/1
f 2195/2206/1 2196/2207/1 2177/2189/1
f 2196/2207/1 2197/2208/1 2178/2190/1
f 2197/2208/1 2198/2209/1 2179/2191/1
f 2198/2209/1 2199/2210/1 2180/2192/1
f 2199/2210/1 2200/2211/1 2181/2193/1
f 2200/2211/1 2201/2212/1 2182/2194/1
f 2201/2212/1 2202/2213/1 2183/2195/1
f 2202/2213/1 2203/2214/1 2184/2196/1
f 2203/2214/1 2204/2215/1 2185/2197/1
f 2204/2215/1 2205/2216/1 2186/2198/1
f 2205/2216/1 2206/2217/1 2187/2199/1
f 2206/2217/1 2207/2218/1 2188/2200/1
f 2207/2218/1 2208/2219/1 2189/2201/1
f 2208/2219/1 2209/2220/1 2190/2202/1
f 2209/2220/1 2210/2221/1 2191/2203/1
f 2210/2221/1 2211/2222/1 2192/2204/1
f 2211/2222/1 2212/2051/1 2193/2050/1
f 18/1096/1 2213/2223/1 2194/2205/1
f 2213/2223/1 2214/2224/1 2195/2206/1
f 2214/2224/1 2215/2225/1 2196/2207/1
f 2215/2225/1 2216/2226/1 2197/2208/1
f 2216/2226/1 2217/2227/1 2198/2209/1
f 2217/2227/1 2218/2228/1 2199/2210/1
f 2218/2228/1 2219/2229/1 2200/2211/1
f 2219/2229/1 2220/2230/1 2201/2212/1
f 2220/2230/1 2221/2231/1 2202/2213/1
f 2221/2231/1 2222/2232/1 2203/2214/1
f 2222/2232/1 2223/2233/1 2204/2215/1
f 2223/2233/1 2224/2234/1 2205/2216/1
f 2224/2234/1 2225/2235/1 2206/2217/1
f 2225/2235/1 2226/2236/1 2207/2218/1
f 2226/2236/1 2227/2237/1 2208/2219/1
f 2227/2237/1 2228/2238/1 2209/2220/1
f 2228/2238/1 2229/2239/1 2210/2221/1
f 2229/2239/1 2230/2240/1 2211/2222/1
f 2230/2240/1 2231/2052/1 2212/2051/1
f 17/1077/1 2232/2241/1 2213/2223/1
f 2232/2241/1 2233/2242/1 2214/2224/1
f 2233/2242/1 2234/2243/1 2215/2225/1
f 2234/2243/1 2235/2244/1 2216/2226/1
f 2235/2244/1 2236/2245/1 2217/2227/1
f 2236/2245/1 2237/2246/1 2218/2228/1
f 2237/2246/1 2238/2247/1 2219/2229/1
f 2238/2247/1 2239/2248/1 2220/2230/1
f 2239/2248/1 2240/2249/1 2221/2231/1
f 2240/2249/1 2241/2250/1 2222/2232/1
f 2241/2250/1 2242/2251/1 2223/2233/1
f 2242/2251/1 2243/2252/1 2224/2234/1
f 2243/2252/1 2244/2253/1 2225/2235/1
f 2244/2253/1 2245/2254/1 2226/2236/1
f 2245/2254/1 2246/2255/1 2227/2237/1
f 2246/2255/1 2247/2256/1 2228/2238/1
f 2247/2256/1 2248/2257/1 2229/2239/1
f 2248/2257/1 2249/2258/1 2230/2240/1
f 2249/2258/1 2250/2053/1 2231/2052/1
f 16/1058/1 2251/2259/1 2232/2241/1
f 2251/2259/1 2252/2260/1 2233/2242/1
f 2252/2260/1 2253/2261/1 2234/2243/1
f 2253/2261/1 2254/2262/1 2235/2244/1
f 2254/2262/1 2255/2263/1 2236/2245/1
f 2255/2263/1 2256/2264/1 2237/2246/1
f 2256/2264/1 2257/2265/1 2238/2247/1
f 2257/2265/1 2258/2266/1 2239/2248/1
f 2258/2266/1 2259/2267/1 2240/2249/1
f 2259/2267/1 2260/2268/1 2241/2250/1
f 2260/2268/1 2261/2269/1 2242/2251/1
f 2261/2269/1 2262/2270/1 2243/2252/1
f 2262/2270/1 2263/2271/1 2244/2253/1
f 2263/2271/1 2264/2272/1 2245/2254/1
f 2264/2272/1 2265/2273/1 2246/2255/1
f 2265/2273/1 2266/2274/1 2247/2256/1
f 2266/2274/1 2267/2275/1 2248/2257/1
f 2267/2275/1 2268/2276/1 2249/2258/1
f 2268/2276/1 2269/2054/1 2250/2053/1
f 15/1039/1 2270/2277/1 2251/2259/1
f 2270/2277/1 2271/2278/1 2252/2260/1
f 2271/2278/1 2272/2279/1 2253/2261/1
f 2272/2279/1 2273/2280/1 2254/2262/1
f 2273/2280/1 2274/2281/1 2255/2263/1
f 2274/2281/1 2275/2282/1 2256/2264/1
f 2275/2282/1 2276/2283/1 2257/2265/1
f 2276/2283/1 2277/2284/1 2258/2266/1
f 2277/2284/1 2278/2285/1 2259/2267/1
f 2278/2285/1 2279/2286/1 2260/2268/1
f 2279/2286/1 2280/2287/1 2261/2269/1
f 2280/2287/1 2281/2288/1 2262/2270/1
f 2281/2288/1 2282/2289/1 2263/2271/1
f 2282/2289/1 2283/2290/1 2264/2272/1
f 2283/2290/1 2284/2291/1 2265/2273/1
f 2284/2291/1 2285/2292/1 2266/2274/1
f 2285/2292/1 2286/2293/1 2267/2275/1
f 2286/2293/1 2287/2294/1 2268/2276/1
f 2287/2294/1 2288/2055/1 2269/2054/1
f 14/1020/1 2289/2295/1 2270/2277/1
f 2289/2295/1 2290/2296/1 2271/2278/1
f 2290/2296/1 2291/2297/1 2272/2279/1
f 2291/2297/1 2292/2298/1 2273/2280/1
f 2292/2298/1 2293/2299/1 2274/2281/1
f 2293/2299/1 2294/2300/1 2275/2282/1
f 2294/2300/1 2295/2301/1 2276/2283/1
f 2295/2301/1 2296/2302/1 2277/2284/1
f 2296/2302/1 2297/2303/1 2278/2285/1
f 2297/2303/1 2298/2304/1 2279/2286/1
f 2298/2304/1 2299/2305/1 2280/2287/1
f 2299/2305/1 2300/2306/1 2281/2288/1
f 2300/2306/1 2301/2307/1 2282/2289/1
f 2301/2307/1 2302/2308/1 2283/2290/1
f 2302/2308/1 2303/2309/1 2284/2291/1
f 2303/2309/1 2304/2310/1 2285/2292/1
f 2304/2310/1 2305/2311/1 2286/2293/1
f 2305/2311/1 2306/2312/1 2287/2294/1
f 2306/2312/1 2307/2056/1 2288/2055/1
f 13/1001/1 2308/2313/1 2289/2295/1
f 2308/2313/1 2309/2314/1 2290/2296/1
f 2309/2314/1 2310/2315/1 2291/2297/1
f 2310/2315/1 2311/2316/1 2292/2298/1
f 2311/2316/1 2312/2317/1 2293/2299/1
f 2312/2317/1 2313/2318/1 2294/2300/1
f 2313/2318/1 2314/2319/1 2295/2301/1
f 2314/2319/1 2315/2320/1 2296/2302/1
f 2315/2320/1 2316/2321/1 2297/2303/1
f 2316/2321/1 2317/2322/1 2298/2304/1
f 2317/2322/1 2318/2323/1 2299/2305/1
f 2318/2323/1 2319/2324/1 2300/2306/1
f 2319/2324/1 2320/2325/1 2301/2307/1
f 2320/2325/1 2321/2326/1 2302/2308/1
f 2321/2326/1 2322/2327/1 2303/2309/1
f 2322/2327/1 2323/2328/1 2304/2310/1
f 2323/2328/1 2324/2329/1 2305/2311/1
f 2324/2329/1 2325/2330/1 2306/2312/1
f 2325/2330/1 2326/2057/1 2307/2056/1
f 12/982/1 2327/2331/1 2308/2313/1
f 2327/2331/1 2328/2332/1 2309/2314/1
f 2328/2332/1 2329/2333/1 2310/2315/1
f 2329/2333/1 2330/2334/1 2311/2316/1
f 2330/2334/1 2331/2335/1 2312/2317/1
f 2331/2335/1 2332/2336/1 2313/2318/1
f 2332/2336/1 2333/2337/1 2314/2319/1
f 2333/2337/1 2334/2338/1 2315/2320/1
f 2334/2338/1 2335/2339/1 2316/2321/1
f 2335/2339/1 2336/2340/1 2317/2322/1
f 2336/2340/1 2337/2341/1 2318/2323/1
f 2337/2341/1 2338/2342/1 2319/2324/1
f 2338/2342/1 2339/2343/1 2320/2325/1
f 2339/2343/1 2340/2344/1 2321/2326/1
f 2340/2344/1 2341/2345/1 2322/2327/1
f 2341/2345/1 2342/2346/1 2323/2328/1
f 2342/2346/1 2343/2347/1 2324/2329/1
f 2343/2347/1 2344/2348/1 2325/2330/1
f 2344/2348/1 2345/2058/1 2326/2057/1
f 11/963/1 2346/2349/1 2327/2331/1
f 2346/2349/1 2347/2350/1 2328/2332/1
f 2347/2350/1 2348/2351/1 2329/2333/1
f 2348/2351/1 2349/2352/1 2330/2334/1
f 2349/2352/1 2350/2353/1 2331/2335/1
f 2350/2353/1 2351/2354/1 2332/2336/1
f 2351/2354/1 2352/2355/1 2333/2337/1
f 2352/2355/1 2353/2356/1 2334/2338/1
f 2353/2356/1 2354/2357/1 2335/2339/1
f 2354/2357/1 2355/2358/1 2336/2340/1
f 2355/2358/1 2356/2359/1 2337/2341/1
f 2356/2359/1 2357/2360/1 2338/2342/1
f 2357/2360/1 2358/2361/1 2339/2343/1
f 2358/2361/1 2359/2362/1 2340/2344/1
f 2359/2362/1 2360/2363/1 2341/2345/1
f 2360/2363/1 2361/2364/1 2342/2346/1
f 2361/2364/1 2362/2365/1 2343/2347/1
f 2362/2365/1 2363/2366/1 2344/2348/1
f 2363/2366/1 2364/2059/1 2345/2058/1
f 10/943/1 2365/2367/1 2346/2349/1
f 2365/2367/1 2366/2368/1 2347/2350/1
f 2366/2368/1 2367/2369/1 2348/2351/1
f 2367/2369/1 2368/2370/1 2349/2352/1
f 2368/2370/1 2369/2371/1 2350/2353/1
f 2369/2371/1 2370/2372/1 2351/2354/1
f 2370/2372/1 2371/2373/1 2352/2355/1
f 2371/2373/1 2372/2374/1 2353/2356/1
f 2372/2374/1 2373/2375/1 2354/2357/1
f 2373/2375/1 2374/2376/1 2355/2358/1
f 2374/2376/1 2375/2377/1 2356/2359/1
f 2375/2377/1 2376/2378/1 2357/2360/1
f 2376/2378/1 2377/2379/1 2358/2361/1
f 2377/2379/1 2378/2380/1 2359/2362/1
f 2378/2380/1 2379/2381/1 2360/2363/1
f 2379/2381/1 2380/2382/1 2361/2364/1
f 2380/2382/1 2381/2383/1 2362/2365/1
f 2381/2383/1 2382/2384/1 2363/2366/1
f 2382/2384/1 2383/2060/1 2364/2059/1
f 9/925/1 2384/2385/1 2365/2367/1
f 2384/2385/1 2385/2386/1 2366/2368/1
f 2385/2386/1 2386/2387/1 2367/2369/1
f 2386/2387/1 2387/2388/1 2368/2370/1
f 2387/2388/1 2388/2389/1 2369/2371/1
f 2388/2389/1 2389/2390/1 2370/2372/1
f 2389/2390/1 2390/2391/1 2371/2373/1
f 2390/2391/1 2391/2392/1 2372/2374/1
f 2391/2392/1 2392/2393/1 2373/2375/1
f 2392/2393/1 2393/2394/1 2374/2376/1
f 2393/2394/1 2394/2395/1 2375/2377/1
f 2394/2395/1 2395/2396/1 2376/2378/1
f 2395/2396/1 2396/2397/1 2377/2379/1
f 2396/2397/1 2397/2398/1 2378/2380/1
f 2397/2398/1 2398/2399/1 2379/2381/1
f 2398/2399/1 2399/2400/1 2380/2382/1
f 2399/2400/1 2400/2401/1 2381/2383/1
f 2400/2401/1 2401/2402/1 2382/2384/1
f 2401/2402/1 2402/3/1 2383/2060/1
f 3/869/1 84/850/1 2384/2385/1
f 2384/2385/1 84/850/1 83/831/1
f 2385/2386/1 83/831/1 82/812/1
f 2386/2387/1 82/812/1 81/793/1
f 2387/2388/1 81/793/1 80/774/1
f 2388/2389/1 80/774/1 79/755/1
f 2389/2390/1 79/755/1 78/736/1
f 2390/2391/1 78/736/1 77/717/1
f 2391/2392/1 77/717/1 76/698/1
f 2392/2393/1 76/698/1 75/679/1
f 2393/2394/1 75/679/1 74/660/1
f 2394/2395/1 74/660/1 73/641/1
f 2395/2396/1 73/641/1 72/622/1
f 2396/2397/1 72/622/1 71/603/1
f 2397/2398/1 71/603/1 70/584/1
f 2398/2399/1 70/584/1 69/565/1
f 2399/2400/1 69/565/1 68/546/1
f 2400/2401/1 68/546/1 67/527/1
f 2401/2402/1 67/527/1 66/1/1
